# Notes,,,,,,,,,,,,,,,,,,,,,,,,,,,,,,,,,,,,,,,,,,,,,,,,,,
# Hotone Ampero II template, generated by make_ampero_ii_template.py,,,,,,,,,,,,,,,,,,,,,,,,,,,,,,,,,,,,,,,,,,,,,,,,,,
#,,,,,,,,,,,,,,,,,,,,,,,,,,,,,,,,,,,,,,,,,,,,,,,,,,
* Global_Settings,,,,,,,,,,,,,,,,,,,,,,,,,,,,,,,,,,,,,,,,,,,,,,,,,,
Label,Value
MIDI_Channel,1
ConfigName,Ampero II
Exp1_CC,11
Exp2_CC,7
Bank_Up_LED_Mode,Normal
Bank_Down_LED_Mode,Normal
RealTime_Passthrough,N
USB_MIDI_Thru,N
Remember_State,N
Long_Press_ms,500
LED_Brightness,100
LED_Rest_Brightness,25
Bank_Jump_Step,10
Bank_Switch_Mode,Bank
,,,,,,,,,,,,,,,,,,,,,,,,,,,,,,,,,,,,,,,,,,,,,,,,,,
* Bank_Naming,,,,,,,,,,,,,,,,,,,,,,,,,,,,,,,,,,,,,,,,,,,,,,,,,,
Bank_Number,Bank_Name_Large,Bank_Info_Small
0,01-1,Ampero
1,01-2,Ampero
2,01-3,Ampero
3,01-4,Ampero
4,02-1,Ampero
5,02-2,Ampero
6,02-3,Ampero
7,02-4,Ampero
8,03-1,Ampero
9,03-2,Ampero
10,03-3,Ampero
11,03-4,Ampero
12,04-1,Ampero
13,04-2,Ampero
14,04-3,Ampero
15,04-4,Ampero
16,05-1,Ampero
17,05-2,Ampero
18,05-3,Ampero
19,05-4,Ampero
20,06-1,Ampero
21,06-2,Ampero
22,06-3,Ampero
23,06-4,Ampero
24,07-1,Ampero
25,07-2,Ampero
26,07-3,Ampero
27,07-4,Ampero
28,08-1,Ampero
29,08-2,Ampero
30,LOOP,looper
31,FS,switches
,,,,,,,,,,,,,,,,,,,,,,,,,,,,,,,,,,,,,,,,,,,,,,,,,,
* Button_Settings,,,,,,,,,,,,,,,,,,,,,,,,,,,,,,,,,,,,,,,,,,,,,,,,,,
Bank_Number,Button_Identifier,Label,A_CommandType,A_Channel_(PC/CC/Note/PB),A_Number_(PC/CC/Note),A_OnValue_(CC/PB),A_OffValue_(CC),A_BankSelect_(PC),A_BankSelectHighByte_(PC),A_Toggle_(CC/PB/Note),A_Velocity_(Note),A_Duration_(Note/PB),B_CommandType,B_Channel_(PC/CC/Note/PB),B_Number_(PC/CC/Note),B_OnValue_(CC/PB),B_OffValue_(CC),B_BankSelect_(PC),B_BankSelectHighByte_(PC),B_Toggle_(CC/PB/Note),B_Velocity_(Note),B_Duration_(Note/PB),C_CommandType,C_Channel_(PC/CC/Note/PB),C_Number_(PC/CC/Note),C_OnValue_(CC/PB),C_OffValue_(CC),C_BankSelect_(PC),C_BankSelectHighByte_(PC),C_Toggle_(CC/PB/Note),C_Velocity_(Note),C_Duration_(Note/PB),D_CommandType,D_Channel_(PC/CC/Note/PB),D_Number_(PC/CC/Note),D_OnValue_(CC/PB),D_OffValue_(CC),D_BankSelect_(PC),D_BankSelectHighByte_(PC),D_Toggle_(CC/PB/Note),D_Velocity_(Note),D_Duration_(Note/PB),E_CommandType,E_Channel_(PC/CC/Note/PB),E_Number_(PC/CC/Note),E_OnValue_(CC/PB),E_OffValue_(CC),E_BankSelect_(PC),E_BankSelectHighByte_(PC),E_Toggle_(CC/PB/Note),E_Velocity_(Note),E_Duration_(Note/PB),F_CommandType,F_Channel_(PC/CC/Note/PB),F_Number_(PC/CC/Note),F_OnValue_(CC/PB),F_OffValue_(CC),F_BankSelect_(PC),F_BankSelectHighByte_(PC),F_Toggle_(CC/PB/Note),F_Velocity_(Note),F_Duration_(Note/PB),G_CommandType,G_Channel_(PC/CC/Note/PB),G_Number_(PC/CC/Note),G_OnValue_(CC/PB),G_OffValue_(CC),G_BankSelect_(PC),G_BankSelectHighByte_(PC),G_Toggle_(CC/PB/Note),G_Velocity_(Note),G_Duration_(Note/PB),H_CommandType,H_Channel_(PC/CC/Note/PB),H_Number_(PC/CC/Note),H_OnValue_(CC/PB),H_OffValue_(CC),H_BankSelect_(PC),H_BankSelectHighByte_(PC),H_Toggle_(CC/PB/Note),H_Velocity_(Note),H_Duration_(Note/PB),I_CommandType,I_Channel_(PC/CC/Note/PB),I_Number_(PC/CC/Note),I_OnValue_(CC/PB),I_OffValue_(CC),I_BankSelect_(PC),I_BankSelectHighByte_(PC),I_Toggle_(CC/PB/Note),I_Velocity_(Note),I_Duration_(Note/PB),J_CommandType,J_Channel_(PC/CC/Note/PB),J_Number_(PC/CC/Note),J_OnValue_(CC/PB),J_OffValue_(CC),J_BankSelect_(PC),J_BankSelectHighByte_(PC),J_Toggle_(CC/PB/Note),J_Velocity_(Note),J_Duration_(Note/PB),Light_Mode,Group,Momentary_Hold,Tempo_Flash,Global,Reset_On_Bank,A_KeyMode_(Key),B_KeyMode_(Key),C_KeyMode_(Key),D_KeyMode_(Key),E_KeyMode_(Key),F_KeyMode_(Key),G_KeyMode_(Key),H_KeyMode_(Key),I_KeyMode_(Key),J_KeyMode_(Key)
0,1,SCN1,CC,1,25,1,128,,,Y,,,,,,,,,,N,,,,,,,,,,N,,,,,,,,,,N,,,,,,,,,,N,,,,,,,,,,N,,,,,,,,,,N,,,,,,,,,,N,,,,,,,,,,N,,,,,,,,,,N,,,Normal,1,,,,,,,,,,,,,,
0,2,SCN2,CC,1,25,2,128,,,Y,,,,,,,,,,N,,,,,,,,,,N,,,,,,,,,,N,,,,,,,,,,N,,,,,,,,,,N,,,,,,,,,,N,,,,,,,,,,N,,,,,,,,,,N,,,,,,,,,,N,,,Normal,1,,,,,,,,,,,,,,
0,3,SCN3,CC,1,25,3,128,,,Y,,,,,,,,,,N,,,,,,,,,,N,,,,,,,,,,N,,,,,,,,,,N,,,,,,,,,,N,,,,,,,,,,N,,,,,,,,,,N,,,,,,,,,,N,,,,,,,,,,N,,,Normal,1,,,,,,,,,,,,,,
0,4,SCN4,CC,1,25,4,128,,,Y,,,,,,,,,,N,,,,,,,,,,N,,,,,,,,,,N,,,,,,,,,,N,,,,,,,,,,N,,,,,,,,,,N,,,,,,,,,,N,,,,,,,,,,N,,,,,,,,,,N,,,Normal,1,,,,,,,,,,,,,,
0,A,FS1,CC,1,79,127,0,,,Y,,,,,,,,,,N,,,,,,,,,,N,,,,,,,,,,N,,,,,,,,,,N,,,,,,,,,,N,,,,,,,,,,N,,,,,,,,,,N,,,,,,,,,,N,,,,,,,,,,N,,,Normal,,,,,,,,,,,,,,,
0,B,FS2,CC,1,80,127,0,,,Y,,,,,,,,,,N,,,,,,,,,,N,,,,,,,,,,N,,,,,,,,,,N,,,,,,,,,,N,,,,,,,,,,N,,,,,,,,,,N,,,,,,,,,,N,,,,,,,,,,N,,,Normal,,,,,,,,,,,,,,,
0,C,TUNR,CC,1,60,127,0,,,Y,,,,,,,,,,N,,,,,,,,,,N,,,,,,,,,,N,,,,,,,,,,N,,,,,,,,,,N,,,,,,,,,,N,,,,,,,,,,N,,,,,,,,,,N,,,,,,,,,,N,,,Normal,,,,,,,,,,,,,,,
0,D,TAP,CC,1,76,127,128,,,N,,,,,,,,,,N,,,,,,,,,,N,,,,,,,,,,N,,,,,,,,,,N,,,,,,,,,,N,,,,,,,,,,N,,,,,,,,,,N,,,,,,,,,,N,,,,,,,,,,N,,,Normal,,,,,,,,,,,,,,,
1,1,SCN1,CC,1,25,1,128,,,Y,,,,,,,,,,N,,,,,,,,,,N,,,,,,,,,,N,,,,,,,,,,N,,,,,,,,,,N,,,,,,,,,,N,,,,,,,,,,N,,,,,,,,,,N,,,,,,,,,,N,,,Normal,1,,,,,,,,,,,,,,
1,2,SCN2,CC,1,25,2,128,,,Y,,,,,,,,,,N,,,,,,,,,,N,,,,,,,,,,N,,,,,,,,,,N,,,,,,,,,,N,,,,,,,,,,N,,,,,,,,,,N,,,,,,,,,,N,,,,,,,,,,N,,,Normal,1,,,,,,,,,,,,,,
1,3,SCN3,CC,1,25,3,128,,,Y,,,,,,,,,,N,,,,,,,,,,N,,,,,,,,,,N,,,,,,,,,,N,,,,,,,,,,N,,,,,,,,,,N,,,,,,,,,,N,,,,,,,,,,N,,,,,,,,,,N,,,Normal,1,,,,,,,,,,,,,,
1,4,SCN4,CC,1,25,4,128,,,Y,,,,,,,,,,N,,,,,,,,,,N,,,,,,,,,,N,,,,,,,,,,N,,,,,,,,,,N,,,,,,,,,,N,,,,,,,,,,N,,,,,,,,,,N,,,,,,,,,,N,,,Normal,1,,,,,,,,,,,,,,
1,A,FS1,CC,1,79,127,0,,,Y,,,,,,,,,,N,,,,,,,,,,N,,,,,,,,,,N,,,,,,,,,,N,,,,,,,,,,N,,,,,,,,,,N,,,,,,,,,,N,,,,,,,,,,N,,,,,,,,,,N,,,Normal,,,,,,,,,,,,,,,
1,B,FS2,CC,1,80,127,0,,,Y,,,,,,,,,,N,,,,,,,,,,N,,,,,,,,,,N,,,,,,,,,,N,,,,,,,,,,N,,,,,,,,,,N,,,,,,,,,,N,,,,,,,,,,N,,,,,,,,,,N,,,Normal,,,,,,,,,,,,,,,
1,C,TUNR,CC,1,60,127,0,,,Y,,,,,,,,,,N,,,,,,,,,,N,,,,,,,,,,N,,,,,,,,,,N,,,,,,,,,,N,,,,,,,,,,N,,,,,,,,,,N,,,,,,,,,,N,,,,,,,,,,N,,,Normal,,,,,,,,,,,,,,,
1,D,TAP,CC,1,76,127,128,,,N,,,,,,,,,,N,,,,,,,,,,N,,,,,,,,,,N,,,,,,,,,,N,,,,,,,,,,N,,,,,,,,,,N,,,,,,,,,,N,,,,,,,,,,N,,,,,,,,,,N,,,Normal,,,,,,,,,,,,,,,
2,1,SCN1,CC,1,25,1,128,,,Y,,,,,,,,,,N,,,,,,,,,,N,,,,,,,,,,N,,,,,,,,,,N,,,,,,,,,,N,,,,,,,,,,N,,,,,,,,,,N,,,,,,,,,,N,,,,,,,,,,N,,,Normal,1,,,,,,,,,,,,,,
2,2,SCN2,CC,1,25,2,128,,,Y,,,,,,,,,,N,,,,,,,,,,N,,,,,,,,,,N,,,,,,,,,,N,,,,,,,,,,N,,,,,,,,,,N,,,,,,,,,,N,,,,,,,,,,N,,,,,,,,,,N,,,Normal,1,,,,,,,,,,,,,,
2,3,SCN3,CC,1,25,3,128,,,Y,,,,,,,,,,N,,,,,,,,,,N,,,,,,,,,,N,,,,,,,,,,N,,,,,,,,,,N,,,,,,,,,,N,,,,,,,,,,N,,,,,,,,,,N,,,,,,,,,,N,,,Normal,1,,,,,,,,,,,,,,
2,4,SCN4,CC,1,25,4,128,,,Y,,,,,,,,,,N,,,,,,,,,,N,,,,,,,,,,N,,,,,,,,,,N,,,,,,,,,,N,,,,,,,,,,N,,,,,,,,,,N,,,,,,,,,,N,,,,,,,,,,N,,,Normal,1,,,,,,,,,,,,,,
2,A,FS1,CC,1,79,127,0,,,Y,,,,,,,,,,N,,,,,,,,,,N,,,,,,,,,,N,,,,,,,,,,N,,,,,,,,,,N,,,,,,,,,,N,,,,,,,,,,N,,,,,,,,,,N,,,,,,,,,,N,,,Normal,,,,,,,,,,,,,,,
2,B,FS2,CC,1,80,127,0,,,Y,,,,,,,,,,N,,,,,,,,,,N,,,,,,,,,,N,,,,,,,,,,N,,,,,,,,,,N,,,,,,,,,,N,,,,,,,,,,N,,,,,,,,,,N,,,,,,,,,,N,,,Normal,,,,,,,,,,,,,,,
2,C,TUNR,CC,1,60,127,0,,,Y,,,,,,,,,,N,,,,,,,,,,N,,,,,,,,,,N,,,,,,,,,,N,,,,,,,,,,N,,,,,,,,,,N,,,,,,,,,,N,,,,,,,,,,N,,,,,,,,,,N,,,Normal,,,,,,,,,,,,,,,
2,D,TAP,CC,1,76,127,128,,,N,,,,,,,,,,N,,,,,,,,,,N,,,,,,,,,,N,,,,,,,,,,N,,,,,,,,,,N,,,,,,,,,,N,,,,,,,,,,N,,,,,,,,,,N,,,,,,,,,,N,,,Normal,,,,,,,,,,,,,,,
3,1,SCN1,CC,1,25,1,128,,,Y,,,,,,,,,,N,,,,,,,,,,N,,,,,,,,,,N,,,,,,,,,,N,,,,,,,,,,N,,,,,,,,,,N,,,,,,,,,,N,,,,,,,,,,N,,,,,,,,,,N,,,Normal,1,,,,,,,,,,,,,,
3,2,SCN2,CC,1,25,2,128,,,Y,,,,,,,,,,N,,,,,,,,,,N,,,,,,,,,,N,,,,,,,,,,N,,,,,,,,,,N,,,,,,,,,,N,,,,,,,,,,N,,,,,,,,,,N,,,,,,,,,,N,,,Normal,1,,,,,,,,,,,,,,
3,3,SCN3,CC,1,25,3,128,,,Y,,,,,,,,,,N,,,,,,,,,,N,,,,,,,,,,N,,,,,,,,,,N,,,,,,,,,,N,,,,,,,,,,N,,,,,,,,,,N,,,,,,,,,,N,,,,,,,,,,N,,,Normal,1,,,,,,,,,,,,,,
3,4,SCN4,CC,1,25,4,128,,,Y,,,,,,,,,,N,,,,,,,,,,N,,,,,,,,,,N,,,,,,,,,,N,,,,,,,,,,N,,,,,,,,,,N,,,,,,,,,,N,,,,,,,,,,N,,,,,,,,,,N,,,Normal,1,,,,,,,,,,,,,,
3,A,FS1,CC,1,79,127,0,,,Y,,,,,,,,,,N,,,,,,,,,,N,,,,,,,,,,N,,,,,,,,,,N,,,,,,,,,,N,,,,,,,,,,N,,,,,,,,,,N,,,,,,,,,,N,,,,,,,,,,N,,,Normal,,,,,,,,,,,,,,,
3,B,FS2,CC,1,80,127,0,,,Y,,,,,,,,,,N,,,,,,,,,,N,,,,,,,,,,N,,,,,,,,,,N,,,,,,,,,,N,,,,,,,,,,N,,,,,,,,,,N,,,,,,,,,,N,,,,,,,,,,N,,,Normal,,,,,,,,,,,,,,,
3,C,TUNR,CC,1,60,127,0,,,Y,,,,,,,,,,N,,,,,,,,,,N,,,,,,,,,,N,,,,,,,,,,N,,,,,,,,,,N,,,,,,,,,,N,,,,,,,,,,N,,,,,,,,,,N,,,,,,,,,,N,,,Normal,,,,,,,,,,,,,,,
3,D,TAP,CC,1,76,127,128,,,N,,,,,,,,,,N,,,,,,,,,,N,,,,,,,,,,N,,,,,,,,,,N,,,,,,,,,,N,,,,,,,,,,N,,,,,,,,,,N,,,,,,,,,,N,,,,,,,,,,N,,,Normal,,,,,,,,,,,,,,,
4,1,SCN1,CC,1,25,1,128,,,Y,,,,,,,,,,N,,,,,,,,,,N,,,,,,,,,,N,,,,,,,,,,N,,,,,,,,,,N,,,,,,,,,,N,,,,,,,,,,N,,,,,,,,,,N,,,,,,,,,,N,,,Normal,1,,,,,,,,,,,,,,
4,2,SCN2,CC,1,25,2,128,,,Y,,,,,,,,,,N,,,,,,,,,,N,,,,,,,,,,N,,,,,,,,,,N,,,,,,,,,,N,,,,,,,,,,N,,,,,,,,,,N,,,,,,,,,,N,,,,,,,,,,N,,,Normal,1,,,,,,,,,,,,,,
4,3,SCN3,CC,1,25,3,128,,,Y,,,,,,,,,,N,,,,,,,,,,N,,,,,,,,,,N,,,,,,,,,,N,,,,,,,,,,N,,,,,,,,,,N,,,,,,,,,,N,,,,,,,,,,N,,,,,,,,,,N,,,Normal,1,,,,,,,,,,,,,,
4,4,SCN4,CC,1,25,4,128,,,Y,,,,,,,,,,N,,,,,,,,,,N,,,,,,,,,,N,,,,,,,,,,N,,,,,,,,,,N,,,,,,,,,,N,,,,,,,,,,N,,,,,,,,,,N,,,,,,,,,,N,,,Normal,1,,,,,,,,,,,,,,
4,A,FS1,CC,1,79,127,0,,,Y,,,,,,,,,,N,,,,,,,,,,N,,,,,,,,,,N,,,,,,,,,,N,,,,,,,,,,N,,,,,,,,,,N,,,,,,,,,,N,,,,,,,,,,N,,,,,,,,,,N,,,Normal,,,,,,,,,,,,,,,
4,B,FS2,CC,1,80,127,0,,,Y,,,,,,,,,,N,,,,,,,,,,N,,,,,,,,,,N,,,,,,,,,,N,,,,,,,,,,N,,,,,,,,,,N,,,,,,,,,,N,,,,,,,,,,N,,,,,,,,,,N,,,Normal,,,,,,,,,,,,,,,
4,C,TUNR,CC,1,60,127,0,,,Y,,,,,,,,,,N,,,,,,,,,,N,,,,,,,,,,N,,,,,,,,,,N,,,,,,,,,,N,,,,,,,,,,N,,,,,,,,,,N,,,,,,,,,,N,,,,,,,,,,N,,,Normal,,,,,,,,,,,,,,,
4,D,TAP,CC,1,76,127,128,,,N,,,,,,,,,,N,,,,,,,,,,N,,,,,,,,,,N,,,,,,,,,,N,,,,,,,,,,N,,,,,,,,,,N,,,,,,,,,,N,,,,,,,,,,N,,,,,,,,,,N,,,Normal,,,,,,,,,,,,,,,
5,1,SCN1,CC,1,25,1,128,,,Y,,,,,,,,,,N,,,,,,,,,,N,,,,,,,,,,N,,,,,,,,,,N,,,,,,,,,,N,,,,,,,,,,N,,,,,,,,,,N,,,,,,,,,,N,,,,,,,,,,N,,,Normal,1,,,,,,,,,,,,,,
5,2,SCN2,CC,1,25,2,128,,,Y,,,,,,,,,,N,,,,,,,,,,N,,,,,,,,,,N,,,,,,,,,,N,,,,,,,,,,N,,,,,,,,,,N,,,,,,,,,,N,,,,,,,,,,N,,,,,,,,,,N,,,Normal,1,,,,,,,,,,,,,,
5,3,SCN3,CC,1,25,3,128,,,Y,,,,,,,,,,N,,,,,,,,,,N,,,,,,,,,,N,,,,,,,,,,N,,,,,,,,,,N,,,,,,,,,,N,,,,,,,,,,N,,,,,,,,,,N,,,,,,,,,,N,,,Normal,1,,,,,,,,,,,,,,
5,4,SCN4,CC,1,25,4,128,,,Y,,,,,,,,,,N,,,,,,,,,,N,,,,,,,,,,N,,,,,,,,,,N,,,,,,,,,,N,,,,,,,,,,N,,,,,,,,,,N,,,,,,,,,,N,,,,,,,,,,N,,,Normal,1,,,,,,,,,,,,,,
5,A,FS1,CC,1,79,127,0,,,Y,,,,,,,,,,N,,,,,,,,,,N,,,,,,,,,,N,,,,,,,,,,N,,,,,,,,,,N,,,,,,,,,,N,,,,,,,,,,N,,,,,,,,,,N,,,,,,,,,,N,,,Normal,,,,,,,,,,,,,,,
5,B,FS2,CC,1,80,127,0,,,Y,,,,,,,,,,N,,,,,,,,,,N,,,,,,,,,,N,,,,,,,,,,N,,,,,,,,,,N,,,,,,,,,,N,,,,,,,,,,N,,,,,,,,,,N,,,,,,,,,,N,,,Normal,,,,,,,,,,,,,,,
5,C,TUNR,CC,1,60,127,0,,,Y,,,,,,,,,,N,,,,,,,,,,N,,,,,,,,,,N,,,,,,,,,,N,,,,,,,,,,N,,,,,,,,,,N,,,,,,,,,,N,,,,,,,,,,N,,,,,,,,,,N,,,Normal,,,,,,,,,,,,,,,
5,D,TAP,CC,1,76,127,128,,,N,,,,,,,,,,N,,,,,,,,,,N,,,,,,,,,,N,,,,,,,,,,N,,,,,,,,,,N,,,,,,,,,,N,,,,,,,,,,N,,,,,,,,,,N,,,,,,,,,,N,,,Normal,,,,,,,,,,,,,,,
6,1,SCN1,CC,1,25,1,128,,,Y,,,,,,,,,,N,,,,,,,,,,N,,,,,,,,,,N,,,,,,,,,,N,,,,,,,,,,N,,,,,,,,,,N,,,,,,,,,,N,,,,,,,,,,N,,,,,,,,,,N,,,Normal,1,,,,,,,,,,,,,,
6,2,SCN2,CC,1,25,2,128,,,Y,,,,,,,,,,N,,,,,,,,,,N,,,,,,,,,,N,,,,,,,,,,N,,,,,,,,,,N,,,,,,,,,,N,,,,,,,,,,N,,,,,,,,,,N,,,,,,,,,,N,,,Normal,1,,,,,,,,,,,,,,
6,3,SCN3,CC,1,25,3,128,,,Y,,,,,,,,,,N,,,,,,,,,,N,,,,,,,,,,N,,,,,,,,,,N,,,,,,,,,,N,,,,,,,,,,N,,,,,,,,,,N,,,,,,,,,,N,,,,,,,,,,N,,,Normal,1,,,,,,,,,,,,,,
6,4,SCN4,CC,1,25,4,128,,,Y,,,,,,,,,,N,,,,,,,,,,N,,,,,,,,,,N,,,,,,,,,,N,,,,,,,,,,N,,,,,,,,,,N,,,,,,,,,,N,,,,,,,,,,N,,,,,,,,,,N,,,Normal,1,,,,,,,,,,,,,,
6,A,FS1,CC,1,79,127,0,,,Y,,,,,,,,,,N,,,,,,,,,,N,,,,,,,,,,N,,,,,,,,,,N,,,,,,,,,,N,,,,,,,,,,N,,,,,,,,,,N,,,,,,,,,,N,,,,,,,,,,N,,,Normal,,,,,,,,,,,,,,,
6,B,FS2,CC,1,80,127,0,,,Y,,,,,,,,,,N,,,,,,,,,,N,,,,,,,,,,N,,,,,,,,,,N,,,,,,,,,,N,,,,,,,,,,N,,,,,,,,,,N,,,,,,,,,,N,,,,,,,,,,N,,,Normal,,,,,,,,,,,,,,,
6,C,TUNR,CC,1,60,127,0,,,Y,,,,,,,,,,N,,,,,,,,,,N,,,,,,,,,,N,,,,,,,,,,N,,,,,,,,,,N,,,,,,,,,,N,,,,,,,,,,N,,,,,,,,,,N,,,,,,,,,,N,,,Normal,,,,,,,,,,,,,,,
6,D,TAP,CC,1,76,127,128,,,N,,,,,,,,,,N,,,,,,,,,,N,,,,,,,,,,N,,,,,,,,,,N,,,,,,,,,,N,,,,,,,,,,N,,,,,,,,,,N,,,,,,,,,,N,,,,,,,,,,N,,,Normal,,,,,,,,,,,,,,,
7,1,SCN1,CC,1,25,1,128,,,Y,,,,,,,,,,N,,,,,,,,,,N,,,,,,,,,,N,,,,,,,,,,N,,,,,,,,,,N,,,,,,,,,,N,,,,,,,,,,N,,,,,,,,,,N,,,,,,,,,,N,,,Normal,1,,,,,,,,,,,,,,
7,2,SCN2,CC,1,25,2,128,,,Y,,,,,,,,,,N,,,,,,,,,,N,,,,,,,,,,N,,,,,,,,,,N,,,,,,,,,,N,,,,,,,,,,N,,,,,,,,,,N,,,,,,,,,,N,,,,,,,,,,N,,,Normal,1,,,,,,,,,,,,,,
7,3,SCN3,CC,1,25,3,128,,,Y,,,,,,,,,,N,,,,,,,,,,N,,,,,,,,,,N,,,,,,,,,,N,,,,,,,,,,N,,,,,,,,,,N,,,,,,,,,,N,,,,,,,,,,N,,,,,,,,,,N,,,Normal,1,,,,,,,,,,,,,,
7,4,SCN4,CC,1,25,4,128,,,Y,,,,,,,,,,N,,,,,,,,,,N,,,,,,,,,,N,,,,,,,,,,N,,,,,,,,,,N,,,,,,,,,,N,,,,,,,,,,N,,,,,,,,,,N,,,,,,,,,,N,,,Normal,1,,,,,,,,,,,,,,
7,A,FS1,CC,1,79,127,0,,,Y,,,,,,,,,,N,,,,,,,,,,N,,,,,,,,,,N,,,,,,,,,,N,,,,,,,,,,N,,,,,,,,,,N,,,,,,,,,,N,,,,,,,,,,N,,,,,,,,,,N,,,Normal,,,,,,,,,,,,,,,
7,B,FS2,CC,1,80,127,0,,,Y,,,,,,,,,,N,,,,,,,,,,N,,,,,,,,,,N,,,,,,,,,,N,,,,,,,,,,N,,,,,,,,,,N,,,,,,,,,,N,,,,,,,,,,N,,,,,,,,,,N,,,Normal,,,,,,,,,,,,,,,
7,C,TUNR,CC,1,60,127,0,,,Y,,,,,,,,,,N,,,,,,,,,,N,,,,,,,,,,N,,,,,,,,,,N,,,,,,,,,,N,,,,,,,,,,N,,,,,,,,,,N,,,,,,,,,,N,,,,,,,,,,N,,,Normal,,,,,,,,,,,,,,,
7,D,TAP,CC,1,76,127,128,,,N,,,,,,,,,,N,,,,,,,,,,N,,,,,,,,,,N,,,,,,,,,,N,,,,,,,,,,N,,,,,,,,,,N,,,,,,,,,,N,,,,,,,,,,N,,,,,,,,,,N,,,Normal,,,,,,,,,,,,,,,
8,1,SCN1,CC,1,25,1,128,,,Y,,,,,,,,,,N,,,,,,,,,,N,,,,,,,,,,N,,,,,,,,,,N,,,,,,,,,,N,,,,,,,,,,N,,,,,,,,,,N,,,,,,,,,,N,,,,,,,,,,N,,,Normal,1,,,,,,,,,,,,,,
8,2,SCN2,CC,1,25,2,128,,,Y,,,,,,,,,,N,,,,,,,,,,N,,,,,,,,,,N,,,,,,,,,,N,,,,,,,,,,N,,,,,,,,,,N,,,,,,,,,,N,,,,,,,,,,N,,,,,,,,,,N,,,Normal,1,,,,,,,,,,,,,,
8,3,SCN3,CC,1,25,3,128,,,Y,,,,,,,,,,N,,,,,,,,,,N,,,,,,,,,,N,,,,,,,,,,N,,,,,,,,,,N,,,,,,,,,,N,,,,,,,,,,N,,,,,,,,,,N,,,,,,,,,,N,,,Normal,1,,,,,,,,,,,,,,
8,4,SCN4,CC,1,25,4,128,,,Y,,,,,,,,,,N,,,,,,,,,,N,,,,,,,,,,N,,,,,,,,,,N,,,,,,,,,,N,,,,,,,,,,N,,,,,,,,,,N,,,,,,,,,,N,,,,,,,,,,N,,,Normal,1,,,,,,,,,,,,,,
8,A,FS1,CC,1,79,127,0,,,Y,,,,,,,,,,N,,,,,,,,,,N,,,,,,,,,,N,,,,,,,,,,N,,,,,,,,,,N,,,,,,,,,,N,,,,,,,,,,N,,,,,,,,,,N,,,,,,,,,,N,,,Normal,,,,,,,,,,,,,,,
8,B,FS2,CC,1,80,127,0,,,Y,,,,,,,,,,N,,,,,,,,,,N,,,,,,,,,,N,,,,,,,,,,N,,,,,,,,,,N,,,,,,,,,,N,,,,,,,,,,N,,,,,,,,,,N,,,,,,,,,,N,,,Normal,,,,,,,,,,,,,,,
8,C,TUNR,CC,1,60,127,0,,,Y,,,,,,,,,,N,,,,,,,,,,N,,,,,,,,,,N,,,,,,,,,,N,,,,,,,,,,N,,,,,,,,,,N,,,,,,,,,,N,,,,,,,,,,N,,,,,,,,,,N,,,Normal,,,,,,,,,,,,,,,
8,D,TAP,CC,1,76,127,128,,,N,,,,,,,,,,N,,,,,,,,,,N,,,,,,,,,,N,,,,,,,,,,N,,,,,,,,,,N,,,,,,,,,,N,,,,,,,,,,N,,,,,,,,,,N,,,,,,,,,,N,,,Normal,,,,,,,,,,,,,,,
9,1,SCN1,CC,1,25,1,128,,,Y,,,,,,,,,,N,,,,,,,,,,N,,,,,,,,,,N,,,,,,,,,,N,,,,,,,,,,N,,,,,,,,,,N,,,,,,,,,,N,,,,,,,,,,N,,,,,,,,,,N,,,Normal,1,,,,,,,,,,,,,,
9,2,SCN2,CC,1,25,2,128,,,Y,,,,,,,,,,N,,,,,,,,,,N,,,,,,,,,,N,,,,,,,,,,N,,,,,,,,,,N,,,,,,,,,,N,,,,,,,,,,N,,,,,,,,,,N,,,,,,,,,,N,,,Normal,1,,,,,,,,,,,,,,
9,3,SCN3,CC,1,25,3,128,,,Y,,,,,,,,,,N,,,,,,,,,,N,,,,,,,,,,N,,,,,,,,,,N,,,,,,,,,,N,,,,,,,,,,N,,,,,,,,,,N,,,,,,,,,,N,,,,,,,,,,N,,,Normal,1,,,,,,,,,,,,,,
9,4,SCN4,CC,1,25,4,128,,,Y,,,,,,,,,,N,,,,,,,,,,N,,,,,,,,,,N,,,,,,,,,,N,,,,,,,,,,N,,,,,,,,,,N,,,,,,,,,,N,,,,,,,,,,N,,,,,,,,,,N,,,Normal,1,,,,,,,,,,,,,,
9,A,FS1,CC,1,79,127,0,,,Y,,,,,,,,,,N,,,,,,,,,,N,,,,,,,,,,N,,,,,,,,,,N,,,,,,,,,,N,,,,,,,,,,N,,,,,,,,,,N,,,,,,,,,,N,,,,,,,,,,N,,,Normal,,,,,,,,,,,,,,,
9,B,FS2,CC,1,80,127,0,,,Y,,,,,,,,,,N,,,,,,,,,,N,,,,,,,,,,N,,,,,,,,,,N,,,,,,,,,,N,,,,,,,,,,N,,,,,,,,,,N,,,,,,,,,,N,,,,,,,,,,N,,,Normal,,,,,,,,,,,,,,,
9,C,TUNR,CC,1,60,127,0,,,Y,,,,,,,,,,N,,,,,,,,,,N,,,,,,,,,,N,,,,,,,,,,N,,,,,,,,,,N,,,,,,,,,,N,,,,,,,,,,N,,,,,,,,,,N,,,,,,,,,,N,,,Normal,,,,,,,,,,,,,,,
9,D,TAP,CC,1,76,127,128,,,N,,,,,,,,,,N,,,,,,,,,,N,,,,,,,,,,N,,,,,,,,,,N,,,,,,,,,,N,,,,,,,,,,N,,,,,,,,,,N,,,,,,,,,,N,,,,,,,,,,N,,,Normal,,,,,,,,,,,,,,,
10,1,SCN1,CC,1,25,1,128,,,Y,,,,,,,,,,N,,,,,,,,,,N,,,,,,,,,,N,,,,,,,,,,N,,,,,,,,,,N,,,,,,,,,,N,,,,,,,,,,N,,,,,,,,,,N,,,,,,,,,,N,,,Normal,1,,,,,,,,,,,,,,
10,2,SCN2,CC,1,25,2,128,,,Y,,,,,,,,,,N,,,,,,,,,,N,,,,,,,,,,N,,,,,,,,,,N,,,,,,,,,,N,,,,,,,,,,N,,,,,,,,,,N,,,,,,,,,,N,,,,,,,,,,N,,,Normal,1,,,,,,,,,,,,,,
10,3,SCN3,CC,1,25,3,128,,,Y,,,,,,,,,,N,,,,,,,,,,N,,,,,,,,,,N,,,,,,,,,,N,,,,,,,,,,N,,,,,,,,,,N,,,,,,,,,,N,,,,,,,,,,N,,,,,,,,,,N,,,Normal,1,,,,,,,,,,,,,,
10,4,SCN4,CC,1,25,4,128,,,Y,,,,,,,,,,N,,,,,,,,,,N,,,,,,,,,,N,,,,,,,,,,N,,,,,,,,,,N,,,,,,,,,,N,,,,,,,,,,N,,,,,,,,,,N,,,,,,,,,,N,,,Normal,1,,,,,,,,,,,,,,
10,A,FS1,CC,1,79,127,0,,,Y,,,,,,,,,,N,,,,,,,,,,N,,,,,,,,,,N,,,,,,,,,,N,,,,,,,,,,N,,,,,,,,,,N,,,,,,,,,,N,,,,,,,,,,N,,,,,,,,,,N,,,Normal,,,,,,,,,,,,,,,
10,B,FS2,CC,1,80,127,0,,,Y,,,,,,,,,,N,,,,,,,,,,N,,,,,,,,,,N,,,,,,,,,,N,,,,,,,,,,N,,,,,,,,,,N,,,,,,,,,,N,,,,,,,,,,N,,,,,,,,,,N,,,Normal,,,,,,,,,,,,,,,
10,C,TUNR,CC,1,60,127,0,,,Y,,,,,,,,,,N,,,,,,,,,,N,,,,,,,,,,N,,,,,,,,,,N,,,,,,,,,,N,,,,,,,,,,N,,,,,,,,,,N,,,,,,,,,,N,,,,,,,,,,N,,,Normal,,,,,,,,,,,,,,,
10,D,TAP,CC,1,76,127,128,,,N,,,,,,,,,,N,,,,,,,,,,N,,,,,,,,,,N,,,,,,,,,,N,,,,,,,,,,N,,,,,,,,,,N,,,,,,,,,,N,,,,,,,,,,N,,,,,,,,,,N,,,Normal,,,,,,,,,,,,,,,
11,1,SCN1,CC,1,25,1,128,,,Y,,,,,,,,,,N,,,,,,,,,,N,,,,,,,,,,N,,,,,,,,,,N,,,,,,,,,,N,,,,,,,,,,N,,,,,,,,,,N,,,,,,,,,,N,,,,,,,,,,N,,,Normal,1,,,,,,,,,,,,,,
11,2,SCN2,CC,1,25,2,128,,,Y,,,,,,,,,,N,,,,,,,,,,N,,,,,,,,,,N,,,,,,,,,,N,,,,,,,,,,N,,,,,,,,,,N,,,,,,,,,,N,,,,,,,,,,N,,,,,,,,,,N,,,Normal,1,,,,,,,,,,,,,,
11,3,SCN3,CC,1,25,3,128,,,Y,,,,,,,,,,N,,,,,,,,,,N,,,,,,,,,,N,,,,,,,,,,N,,,,,,,,,,N,,,,,,,,,,N,,,,,,,,,,N,,,,,,,,,,N,,,,,,,,,,N,,,Normal,1,,,,,,,,,,,,,,
11,4,SCN4,CC,1,25,4,128,,,Y,,,,,,,,,,N,,,,,,,,,,N,,,,,,,,,,N,,,,,,,,,,N,,,,,,,,,,N,,,,,,,,,,N,,,,,,,,,,N,,,,,,,,,,N,,,,,,,,,,N,,,Normal,1,,,,,,,,,,,,,,
11,A,FS1,CC,1,79,127,0,,,Y,,,,,,,,,,N,,,,,,,,,,N,,,,,,,,,,N,,,,,,,,,,N,,,,,,,,,,N,,,,,,,,,,N,,,,,,,,,,N,,,,,,,,,,N,,,,,,,,,,N,,,Normal,,,,,,,,,,,,,,,
11,B,FS2,CC,1,80,127,0,,,Y,,,,,,,,,,N,,,,,,,,,,N,,,,,,,,,,N,,,,,,,,,,N,,,,,,,,,,N,,,,,,,,,,N,,,,,,,,,,N,,,,,,,,,,N,,,,,,,,,,N,,,Normal,,,,,,,,,,,,,,,
11,C,TUNR,CC,1,60,127,0,,,Y,,,,,,,,,,N,,,,,,,,,,N,,,,,,,,,,N,,,,,,,,,,N,,,,,,,,,,N,,,,,,,,,,N,,,,,,,,,,N,,,,,,,,,,N,,,,,,,,,,N,,,Normal,,,,,,,,,,,,,,,
11,D,TAP,CC,1,76,127,128,,,N,,,,,,,,,,N,,,,,,,,,,N,,,,,,,,,,N,,,,,,,,,,N,,,,,,,,,,N,,,,,,,,,,N,,,,,,,,,,N,,,,,,,,,,N,,,,,,,,,,N,,,Normal,,,,,,,,,,,,,,,
12,1,SCN1,CC,1,25,1,128,,,Y,,,,,,,,,,N,,,,,,,,,,N,,,,,,,,,,N,,,,,,,,,,N,,,,,,,,,,N,,,,,,,,,,N,,,,,,,,,,N,,,,,,,,,,N,,,,,,,,,,N,,,Normal,1,,,,,,,,,,,,,,
12,2,SCN2,CC,1,25,2,128,,,Y,,,,,,,,,,N,,,,,,,,,,N,,,,,,,,,,N,,,,,,,,,,N,,,,,,,,,,N,,,,,,,,,,N,,,,,,,,,,N,,,,,,,,,,N,,,,,,,,,,N,,,Normal,1,,,,,,,,,,,,,,
12,3,SCN3,CC,1,25,3,128,,,Y,,,,,,,,,,N,,,,,,,,,,N,,,,,,,,,,N,,,,,,,,,,N,,,,,,,,,,N,,,,,,,,,,N,,,,,,,,,,N,,,,,,,,,,N,,,,,,,,,,N,,,Normal,1,,,,,,,,,,,,,,
12,4,SCN4,CC,1,25,4,128,,,Y,,,,,,,,,,N,,,,,,,,,,N,,,,,,,,,,N,,,,,,,,,,N,,,,,,,,,,N,,,,,,,,,,N,,,,,,,,,,N,,,,,,,,,,N,,,,,,,,,,N,,,Normal,1,,,,,,,,,,,,,,
12,A,FS1,CC,1,79,127,0,,,Y,,,,,,,,,,N,,,,,,,,,,N,,,,,,,,,,N,,,,,,,,,,N,,,,,,,,,,N,,,,,,,,,,N,,,,,,,,,,N,,,,,,,,,,N,,,,,,,,,,N,,,Normal,,,,,,,,,,,,,,,
12,B,FS2,CC,1,80,127,0,,,Y,,,,,,,,,,N,,,,,,,,,,N,,,,,,,,,,N,,,,,,,,,,N,,,,,,,,,,N,,,,,,,,,,N,,,,,,,,,,N,,,,,,,,,,N,,,,,,,,,,N,,,Normal,,,,,,,,,,,,,,,
12,C,TUNR,CC,1,60,127,0,,,Y,,,,,,,,,,N,,,,,,,,,,N,,,,,,,,,,N,,,,,,,,,,N,,,,,,,,,,N,,,,,,,,,,N,,,,,,,,,,N,,,,,,,,,,N,,,,,,,,,,N,,,Normal,,,,,,,,,,,,,,,
12,D,TAP,CC,1,76,127,128,,,N,,,,,,,,,,N,,,,,,,,,,N,,,,,,,,,,N,,,,,,,,,,N,,,,,,,,,,N,,,,,,,,,,N,,,,,,,,,,N,,,,,,,,,,N,,,,,,,,,,N,,,Normal,,,,,,,,,,,,,,,
13,1,SCN1,CC,1,25,1,128,,,Y,,,,,,,,,,N,,,,,,,,,,N,,,,,,,,,,N,,,,,,,,,,N,,,,,,,,,,N,,,,,,,,,,N,,,,,,,,,,N,,,,,,,,,,N,,,,,,,,,,N,,,Normal,1,,,,,,,,,,,,,,
13,2,SCN2,CC,1,25,2,128,,,Y,,,,,,,,,,N,,,,,,,,,,N,,,,,,,,,,N,,,,,,,,,,N,,,,,,,,,,N,,,,,,,,,,N,,,,,,,,,,N,,,,,,,,,,N,,,,,,,,,,N,,,Normal,1,,,,,,,,,,,,,,
13,3,SCN3,CC,1,25,3,128,,,Y,,,,,,,,,,N,,,,,,,,,,N,,,,,,,,,,N,,,,,,,,,,N,,,,,,,,,,N,,,,,,,,,,N,,,,,,,,,,N,,,,,,,,,,N,,,,,,,,,,N,,,Normal,1,,,,,,,,,,,,,,
13,4,SCN4,CC,1,25,4,128,,,Y,,,,,,,,,,N,,,,,,,,,,N,,,,,,,,,,N,,,,,,,,,,N,,,,,,,,,,N,,,,,,,,,,N,,,,,,,,,,N,,,,,,,,,,N,,,,,,,,,,N,,,Normal,1,,,,,,,,,,,,,,
13,A,FS1,CC,1,79,127,0,,,Y,,,,,,,,,,N,,,,,,,,,,N,,,,,,,,,,N,,,,,,,,,,N,,,,,,,,,,N,,,,,,,,,,N,,,,,,,,,,N,,,,,,,,,,N,,,,,,,,,,N,,,Normal,,,,,,,,,,,,,,,
13,B,FS2,CC,1,80,127,0,,,Y,,,,,,,,,,N,,,,,,,,,,N,,,,,,,,,,N,,,,,,,,,,N,,,,,,,,,,N,,,,,,,,,,N,,,,,,,,,,N,,,,,,,,,,N,,,,,,,,,,N,,,Normal,,,,,,,,,,,,,,,
13,C,TUNR,CC,1,60,127,0,,,Y,,,,,,,,,,N,,,,,,,,,,N,,,,,,,,,,N,,,,,,,,,,N,,,,,,,,,,N,,,,,,,,,,N,,,,,,,,,,N,,,,,,,,,,N,,,,,,,,,,N,,,Normal,,,,,,,,,,,,,,,
13,D,TAP,CC,1,76,127,128,,,N,,,,,,,,,,N,,,,,,,,,,N,,,,,,,,,,N,,,,,,,,,,N,,,,,,,,,,N,,,,,,,,,,N,,,,,,,,,,N,,,,,,,,,,N,,,,,,,,,,N,,,Normal,,,,,,,,,,,,,,,
14,1,SCN1,CC,1,25,1,128,,,Y,,,,,,,,,,N,,,,,,,,,,N,,,,,,,,,,N,,,,,,,,,,N,,,,,,,,,,N,,,,,,,,,,N,,,,,,,,,,N,,,,,,,,,,N,,,,,,,,,,N,,,Normal,1,,,,,,,,,,,,,,
14,2,SCN2,CC,1,25,2,128,,,Y,,,,,,,,,,N,,,,,,,,,,N,,,,,,,,,,N,,,,,,,,,,N,,,,,,,,,,N,,,,,,,,,,N,,,,,,,,,,N,,,,,,,,,,N,,,,,,,,,,N,,,Normal,1,,,,,,,,,,,,,,
14,3,SCN3,CC,1,25,3,128,,,Y,,,,,,,,,,N,,,,,,,,,,N,,,,,,,,,,N,,,,,,,,,,N,,,,,,,,,,N,,,,,,,,,,N,,,,,,,,,,N,,,,,,,,,,N,,,,,,,,,,N,,,Normal,1,,,,,,,,,,,,,,
14,4,SCN4,CC,1,25,4,128,,,Y,,,,,,,,,,N,,,,,,,,,,N,,,,,,,,,,N,,,,,,,,,,N,,,,,,,,,,N,,,,,,,,,,N,,,,,,,,,,N,,,,,,,,,,N,,,,,,,,,,N,,,Normal,1,,,,,,,,,,,,,,
14,A,FS1,CC,1,79,127,0,,,Y,,,,,,,,,,N,,,,,,,,,,N,,,,,,,,,,N,,,,,,,,,,N,,,,,,,,,,N,,,,,,,,,,N,,,,,,,,,,N,,,,,,,,,,N,,,,,,,,,,N,,,Normal,,,,,,,,,,,,,,,
14,B,FS2,CC,1,80,127,0,,,Y,,,,,,,,,,N,,,,,,,,,,N,,,,,,,,,,N,,,,,,,,,,N,,,,,,,,,,N,,,,,,,,,,N,,,,,,,,,,N,,,,,,,,,,N,,,,,,,,,,N,,,Normal,,,,,,,,,,,,,,,
14,C,TUNR,CC,1,60,127,0,,,Y,,,,,,,,,,N,,,,,,,,,,N,,,,,,,,,,N,,,,,,,,,,N,,,,,,,,,,N,,,,,,,,,,N,,,,,,,,,,N,,,,,,,,,,N,,,,,,,,,,N,,,Normal,,,,,,,,,,,,,,,
14,D,TAP,CC,1,76,127,128,,,N,,,,,,,,,,N,,,,,,,,,,N,,,,,,,,,,N,,,,,,,,,,N,,,,,,,,,,N,,,,,,,,,,N,,,,,,,,,,N,,,,,,,,,,N,,,,,,,,,,N,,,Normal,,,,,,,,,,,,,,,
15,1,SCN1,CC,1,25,1,128,,,Y,,,,,,,,,,N,,,,,,,,,,N,,,,,,,,,,N,,,,,,,,,,N,,,,,,,,,,N,,,,,,,,,,N,,,,,,,,,,N,,,,,,,,,,N,,,,,,,,,,N,,,Normal,1,,,,,,,,,,,,,,
15,2,SCN2,CC,1,25,2,128,,,Y,,,,,,,,,,N,,,,,,,,,,N,,,,,,,,,,N,,,,,,,,,,N,,,,,,,,,,N,,,,,,,,,,N,,,,,,,,,,N,,,,,,,,,,N,,,,,,,,,,N,,,Normal,1,,,,,,,,,,,,,,
15,3,SCN3,CC,1,25,3,128,,,Y,,,,,,,,,,N,,,,,,,,,,N,,,,,,,,,,N,,,,,,,,,,N,,,,,,,,,,N,,,,,,,,,,N,,,,,,,,,,N,,,,,,,,,,N,,,,,,,,,,N,,,Normal,1,,,,,,,,,,,,,,
15,4,SCN4,CC,1,25,4,128,,,Y,,,,,,,,,,N,,,,,,,,,,N,,,,,,,,,,N,,,,,,,,,,N,,,,,,,,,,N,,,,,,,,,,N,,,,,,,,,,N,,,,,,,,,,N,,,,,,,,,,N,,,Normal,1,,,,,,,,,,,,,,
15,A,FS1,CC,1,79,127,0,,,Y,,,,,,,,,,N,,,,,,,,,,N,,,,,,,,,,N,,,,,,,,,,N,,,,,,,,,,N,,,,,,,,,,N,,,,,,,,,,N,,,,,,,,,,N,,,,,,,,,,N,,,Normal,,,,,,,,,,,,,,,
15,B,FS2,CC,1,80,127,0,,,Y,,,,,,,,,,N,,,,,,,,,,N,,,,,,,,,,N,,,,,,,,,,N,,,,,,,,,,N,,,,,,,,,,N,,,,,,,,,,N,,,,,,,,,,N,,,,,,,,,,N,,,Normal,,,,,,,,,,,,,,,
15,C,TUNR,CC,1,60,127,0,,,Y,,,,,,,,,,N,,,,,,,,,,N,,,,,,,,,,N,,,,,,,,,,N,,,,,,,,,,N,,,,,,,,,,N,,,,,,,,,,N,,,,,,,,,,N,,,,,,,,,,N,,,Normal,,,,,,,,,,,,,,,
15,D,TAP,CC,1,76,127,128,,,N,,,,,,,,,,N,,,,,,,,,,N,,,,,,,,,,N,,,,,,,,,,N,,,,,,,,,,N,,,,,,,,,,N,,,,,,,,,,N,,,,,,,,,,N,,,,,,,,,,N,,,Normal,,,,,,,,,,,,,,,
16,1,SCN1,CC,1,25,1,128,,,Y,,,,,,,,,,N,,,,,,,,,,N,,,,,,,,,,N,,,,,,,,,,N,,,,,,,,,,N,,,,,,,,,,N,,,,,,,,,,N,,,,,,,,,,N,,,,,,,,,,N,,,Normal,1,,,,,,,,,,,,,,
16,2,SCN2,CC,1,25,2,128,,,Y,,,,,,,,,,N,,,,,,,,,,N,,,,,,,,,,N,,,,,,,,,,N,,,,,,,,,,N,,,,,,,,,,N,,,,,,,,,,N,,,,,,,,,,N,,,,,,,,,,N,,,Normal,1,,,,,,,,,,,,,,
16,3,SCN3,CC,1,25,3,128,,,Y,,,,,,,,,,N,,,,,,,,,,N,,,,,,,,,,N,,,,,,,,,,N,,,,,,,,,,N,,,,,,,,,,N,,,,,,,,,,N,,,,,,,,,,N,,,,,,,,,,N,,,Normal,1,,,,,,,,,,,,,,
16,4,SCN4,CC,1,25,4,128,,,Y,,,,,,,,,,N,,,,,,,,,,N,,,,,,,,,,N,,,,,,,,,,N,,,,,,,,,,N,,,,,,,,,,N,,,,,,,,,,N,,,,,,,,,,N,,,,,,,,,,N,,,Normal,1,,,,,,,,,,,,,,
16,A,FS1,CC,1,79,127,0,,,Y,,,,,,,,,,N,,,,,,,,,,N,,,,,,,,,,N,,,,,,,,,,N,,,,,,,,,,N,,,,,,,,,,N,,,,,,,,,,N,,,,,,,,,,N,,,,,,,,,,N,,,Normal,,,,,,,,,,,,,,,
16,B,FS2,CC,1,80,127,0,,,Y,,,,,,,,,,N,,,,,,,,,,N,,,,,,,,,,N,,,,,,,,,,N,,,,,,,,,,N,,,,,,,,,,N,,,,,,,,,,N,,,,,,,,,,N,,,,,,,,,,N,,,Normal,,,,,,,,,,,,,,,
16,C,TUNR,CC,1,60,127,0,,,Y,,,,,,,,,,N,,,,,,,,,,N,,,,,,,,,,N,,,,,,,,,,N,,,,,,,,,,N,,,,,,,,,,N,,,,,,,,,,N,,,,,,,,,,N,,,,,,,,,,N,,,Normal,,,,,,,,,,,,,,,
16,D,TAP,CC,1,76,127,128,,,N,,,,,,,,,,N,,,,,,,,,,N,,,,,,,,,,N,,,,,,,,,,N,,,,,,,,,,N,,,,,,,,,,N,,,,,,,,,,N,,,,,,,,,,N,,,,,,,,,,N,,,Normal,,,,,,,,,,,,,,,
17,1,SCN1,CC,1,25,1,128,,,Y,,,,,,,,,,N,,,,,,,,,,N,,,,,,,,,,N,,,,,,,,,,N,,,,,,,,,,N,,,,,,,,,,N,,,,,,,,,,N,,,,,,,,,,N,,,,,,,,,,N,,,Normal,1,,,,,,,,,,,,,,
17,2,SCN2,CC,1,25,2,128,,,Y,,,,,,,,,,N,,,,,,,,,,N,,,,,,,,,,N,,,,,,,,,,N,,,,,,,,,,N,,,,,,,,,,N,,,,,,,,,,N,,,,,,,,,,N,,,,,,,,,,N,,,Normal,1,,,,,,,,,,,,,,
17,3,SCN3,CC,1,25,3,128,,,Y,,,,,,,,,,N,,,,,,,,,,N,,,,,,,,,,N,,,,,,,,,,N,,,,,,,,,,N,,,,,,,,,,N,,,,,,,,,,N,,,,,,,,,,N,,,,,,,,,,N,,,Normal,1,,,,,,,,,,,,,,
17,4,SCN4,CC,1,25,4,128,,,Y,,,,,,,,,,N,,,,,,,,,,N,,,,,,,,,,N,,,,,,,,,,N,,,,,,,,,,N,,,,,,,,,,N,,,,,,,,,,N,,,,,,,,,,N,,,,,,,,,,N,,,Normal,1,,,,,,,,,,,,,,
17,A,FS1,CC,1,79,127,0,,,Y,,,,,,,,,,N,,,,,,,,,,N,,,,,,,,,,N,,,,,,,,,,N,,,,,,,,,,N,,,,,,,,,,N,,,,,,,,,,N,,,,,,,,,,N,,,,,,,,,,N,,,Normal,,,,,,,,,,,,,,,
17,B,FS2,CC,1,80,127,0,,,Y,,,,,,,,,,N,,,,,,,,,,N,,,,,,,,,,N,,,,,,,,,,N,,,,,,,,,,N,,,,,,,,,,N,,,,,,,,,,N,,,,,,,,,,N,,,,,,,,,,N,,,Normal,,,,,,,,,,,,,,,
17,C,TUNR,CC,1,60,127,0,,,Y,,,,,,,,,,N,,,,,,,,,,N,,,,,,,,,,N,,,,,,,,,,N,,,,,,,,,,N,,,,,,,,,,N,,,,,,,,,,N,,,,,,,,,,N,,,,,,,,,,N,,,Normal,,,,,,,,,,,,,,,
17,D,TAP,CC,1,76,127,128,,,N,,,,,,,,,,N,,,,,,,,,,N,,,,,,,,,,N,,,,,,,,,,N,,,,,,,,,,N,,,,,,,,,,N,,,,,,,,,,N,,,,,,,,,,N,,,,,,,,,,N,,,Normal,,,,,,,,,,,,,,,
18,1,SCN1,CC,1,25,1,128,,,Y,,,,,,,,,,N,,,,,,,,,,N,,,,,,,,,,N,,,,,,,,,,N,,,,,,,,,,N,,,,,,,,,,N,,,,,,,,,,N,,,,,,,,,,N,,,,,,,,,,N,,,Normal,1,,,,,,,,,,,,,,
18,2,SCN2,CC,1,25,2,128,,,Y,,,,,,,,,,N,,,,,,,,,,N,,,,,,,,,,N,,,,,,,,,,N,,,,,,,,,,N,,,,,,,,,,N,,,,,,,,,,N,,,,,,,,,,N,,,,,,,,,,N,,,Normal,1,,,,,,,,,,,,,,
18,3,SCN3,CC,1,25,3,128,,,Y,,,,,,,,,,N,,,,,,,,,,N,,,,,,,,,,N,,,,,,,,,,N,,,,,,,,,,N,,,,,,,,,,N,,,,,,,,,,N,,,,,,,,,,N,,,,,,,,,,N,,,Normal,1,,,,,,,,,,,,,,
18,4,SCN4,CC,1,25,4,128,,,Y,,,,,,,,,,N,,,,,,,,,,N,,,,,,,,,,N,,,,,,,,,,N,,,,,,,,,,N,,,,,,,,,,N,,,,,,,,,,N,,,,,,,,,,N,,,,,,,,,,N,,,Normal,1,,,,,,,,,,,,,,
18,A,FS1,CC,1,79,127,0,,,Y,,,,,,,,,,N,,,,,,,,,,N,,,,,,,,,,N,,,,,,,,,,N,,,,,,,,,,N,,,,,,,,,,N,,,,,,,,,,N,,,,,,,,,,N,,,,,,,,,,N,,,Normal,,,,,,,,,,,,,,,
18,B,FS2,CC,1,80,127,0,,,Y,,,,,,,,,,N,,,,,,,,,,N,,,,,,,,,,N,,,,,,,,,,N,,,,,,,,,,N,,,,,,,,,,N,,,,,,,,,,N,,,,,,,,,,N,,,,,,,,,,N,,,Normal,,,,,,,,,,,,,,,
18,C,TUNR,CC,1,60,127,0,,,Y,,,,,,,,,,N,,,,,,,,,,N,,,,,,,,,,N,,,,,,,,,,N,,,,,,,,,,N,,,,,,,,,,N,,,,,,,,,,N,,,,,,,,,,N,,,,,,,,,,N,,,Normal,,,,,,,,,,,,,,,
18,D,TAP,CC,1,76,127,128,,,N,,,,,,,,,,N,,,,,,,,,,N,,,,,,,,,,N,,,,,,,,,,N,,,,,,,,,,N,,,,,,,,,,N,,,,,,,,,,N,,,,,,,,,,N,,,,,,,,,,N,,,Normal,,,,,,,,,,,,,,,
19,1,SCN1,CC,1,25,1,128,,,Y,,,,,,,,,,N,,,,,,,,,,N,,,,,,,,,,N,,,,,,,,,,N,,,,,,,,,,N,,,,,,,,,,N,,,,,,,,,,N,,,,,,,,,,N,,,,,,,,,,N,,,Normal,1,,,,,,,,,,,,,,
19,2,SCN2,CC,1,25,2,128,,,Y,,,,,,,,,,N,,,,,,,,,,N,,,,,,,,,,N,,,,,,,,,,N,,,,,,,,,,N,,,,,,,,,,N,,,,,,,,,,N,,,,,,,,,,N,,,,,,,,,,N,,,Normal,1,,,,,,,,,,,,,,
19,3,SCN3,CC,1,25,3,128,,,Y,,,,,,,,,,N,,,,,,,,,,N,,,,,,,,,,N,,,,,,,,,,N,,,,,,,,,,N,,,,,,,,,,N,,,,,,,,,,N,,,,,,,,,,N,,,,,,,,,,N,,,Normal,1,,,,,,,,,,,,,,
19,4,SCN4,CC,1,25,4,128,,,Y,,,,,,,,,,N,,,,,,,,,,N,,,,,,,,,,N,,,,,,,,,,N,,,,,,,,,,N,,,,,,,,,,N,,,,,,,,,,N,,,,,,,,,,N,,,,,,,,,,N,,,Normal,1,,,,,,,,,,,,,,
19,A,FS1,CC,1,79,127,0,,,Y,,,,,,,,,,N,,,,,,,,,,N,,,,,,,,,,N,,,,,,,,,,N,,,,,,,,,,N,,,,,,,,,,N,,,,,,,,,,N,,,,,,,,,,N,,,,,,,,,,N,,,Normal,,,,,,,,,,,,,,,
19,B,FS2,CC,1,80,127,0,,,Y,,,,,,,,,,N,,,,,,,,,,N,,,,,,,,,,N,,,,,,,,,,N,,,,,,,,,,N,,,,,,,,,,N,,,,,,,,,,N,,,,,,,,,,N,,,,,,,,,,N,,,Normal,,,,,,,,,,,,,,,
19,C,TUNR,CC,1,60,127,0,,,Y,,,,,,,,,,N,,,,,,,,,,N,,,,,,,,,,N,,,,,,,,,,N,,,,,,,,,,N,,,,,,,,,,N,,,,,,,,,,N,,,,,,,,,,N,,,,,,,,,,N,,,Normal,,,,,,,,,,,,,,,
19,D,TAP,CC,1,76,127,128,,,N,,,,,,,,,,N,,,,,,,,,,N,,,,,,,,,,N,,,,,,,,,,N,,,,,,,,,,N,,,,,,,,,,N,,,,,,,,,,N,,,,,,,,,,N,,,,,,,,,,N,,,Normal,,,,,,,,,,,,,,,
20,1,SCN1,CC,1,25,1,128,,,Y,,,,,,,,,,N,,,,,,,,,,N,,,,,,,,,,N,,,,,,,,,,N,,,,,,,,,,N,,,,,,,,,,N,,,,,,,,,,N,,,,,,,,,,N,,,,,,,,,,N,,,Normal,1,,,,,,,,,,,,,,
20,2,SCN2,CC,1,25,2,128,,,Y,,,,,,,,,,N,,,,,,,,,,N,,,,,,,,,,N,,,,,,,,,,N,,,,,,,,,,N,,,,,,,,,,N,,,,,,,,,,N,,,,,,,,,,N,,,,,,,,,,N,,,Normal,1,,,,,,,,,,,,,,
20,3,SCN3,CC,1,25,3,128,,,Y,,,,,,,,,,N,,,,,,,,,,N,,,,,,,,,,N,,,,,,,,,,N,,,,,,,,,,N,,,,,,,,,,N,,,,,,,,,,N,,,,,,,,,,N,,,,,,,,,,N,,,Normal,1,,,,,,,,,,,,,,
20,4,SCN4,CC,1,25,4,128,,,Y,,,,,,,,,,N,,,,,,,,,,N,,,,,,,,,,N,,,,,,,,,,N,,,,,,,,,,N,,,,,,,,,,N,,,,,,,,,,N,,,,,,,,,,N,,,,,,,,,,N,,,Normal,1,,,,,,,,,,,,,,
20,A,FS1,CC,1,79,127,0,,,Y,,,,,,,,,,N,,,,,,,,,,N,,,,,,,,,,N,,,,,,,,,,N,,,,,,,,,,N,,,,,,,,,,N,,,,,,,,,,N,,,,,,,,,,N,,,,,,,,,,N,,,Normal,,,,,,,,,,,,,,,
20,B,FS2,CC,1,80,127,0,,,Y,,,,,,,,,,N,,,,,,,,,,N,,,,,,,,,,N,,,,,,,,,,N,,,,,,,,,,N,,,,,,,,,,N,,,,,,,,,,N,,,,,,,,,,N,,,,,,,,,,N,,,Normal,,,,,,,,,,,,,,,
20,C,TUNR,CC,1,60,127,0,,,Y,,,,,,,,,,N,,,,,,,,,,N,,,,,,,,,,N,,,,,,,,,,N,,,,,,,,,,N,,,,,,,,,,N,,,,,,,,,,N,,,,,,,,,,N,,,,,,,,,,N,,,Normal,,,,,,,,,,,,,,,
20,D,TAP,CC,1,76,127,128,,,N,,,,,,,,,,N,,,,,,,,,,N,,,,,,,,,,N,,,,,,,,,,N,,,,,,,,,,N,,,,,,,,,,N,,,,,,,,,,N,,,,,,,,,,N,,,,,,,,,,N,,,Normal,,,,,,,,,,,,,,,
21,1,SCN1,CC,1,25,1,128,,,Y,,,,,,,,,,N,,,,,,,,,,N,,,,,,,,,,N,,,,,,,,,,N,,,,,,,,,,N,,,,,,,,,,N,,,,,,,,,,N,,,,,,,,,,N,,,,,,,,,,N,,,Normal,1,,,,,,,,,,,,,,
21,2,SCN2,CC,1,25,2,128,,,Y,,,,,,,,,,N,,,,,,,,,,N,,,,,,,,,,N,,,,,,,,,,N,,,,,,,,,,N,,,,,,,,,,N,,,,,,,,,,N,,,,,,,,,,N,,,,,,,,,,N,,,Normal,1,,,,,,,,,,,,,,
21,3,SCN3,CC,1,25,3,128,,,Y,,,,,,,,,,N,,,,,,,,,,N,,,,,,,,,,N,,,,,,,,,,N,,,,,,,,,,N,,,,,,,,,,N,,,,,,,,,,N,,,,,,,,,,N,,,,,,,,,,N,,,Normal,1,,,,,,,,,,,,,,
21,4,SCN4,CC,1,25,4,128,,,Y,,,,,,,,,,N,,,,,,,,,,N,,,,,,,,,,N,,,,,,,,,,N,,,,,,,,,,N,,,,,,,,,,N,,,,,,,,,,N,,,,,,,,,,N,,,,,,,,,,N,,,Normal,1,,,,,,,,,,,,,,
21,A,FS1,CC,1,79,127,0,,,Y,,,,,,,,,,N,,,,,,,,,,N,,,,,,,,,,N,,,,,,,,,,N,,,,,,,,,,N,,,,,,,,,,N,,,,,,,,,,N,,,,,,,,,,N,,,,,,,,,,N,,,Normal,,,,,,,,,,,,,,,
21,B,FS2,CC,1,80,127,0,,,Y,,,,,,,,,,N,,,,,,,,,,N,,,,,,,,,,N,,,,,,,,,,N,,,,,,,,,,N,,,,,,,,,,N,,,,,,,,,,N,,,,,,,,,,N,,,,,,,,,,N,,,Normal,,,,,,,,,,,,,,,
21,C,TUNR,CC,1,60,127,0,,,Y,,,,,,,,,,N,,,,,,,,,,N,,,,,,,,,,N,,,,,,,,,,N,,,,,,,,,,N,,,,,,,,,,N,,,,,,,,,,N,,,,,,,,,,N,,,,,,,,,,N,,,Normal,,,,,,,,,,,,,,,
21,D,TAP,CC,1,76,127,128,,,N,,,,,,,,,,N,,,,,,,,,,N,,,,,,,,,,N,,,,,,,,,,N,,,,,,,,,,N,,,,,,,,,,N,,,,,,,,,,N,,,,,,,,,,N,,,,,,,,,,N,,,Normal,,,,,,,,,,,,,,,
22,1,SCN1,CC,1,25,1,128,,,Y,,,,,,,,,,N,,,,,,,,,,N,,,,,,,,,,N,,,,,,,,,,N,,,,,,,,,,N,,,,,,,,,,N,,,,,,,,,,N,,,,,,,,,,N,,,,,,,,,,N,,,Normal,1,,,,,,,,,,,,,,
22,2,SCN2,CC,1,25,2,128,,,Y,,,,,,,,,,N,,,,,,,,,,N,,,,,,,,,,N,,,,,,,,,,N,,,,,,,,,,N,,,,,,,,,,N,,,,,,,,,,N,,,,,,,,,,N,,,,,,,,,,N,,,Normal,1,,,,,,,,,,,,,,
22,3,SCN3,CC,1,25,3,128,,,Y,,,,,,,,,,N,,,,,,,,,,N,,,,,,,,,,N,,,,,,,,,,N,,,,,,,,,,N,,,,,,,,,,N,,,,,,,,,,N,,,,,,,,,,N,,,,,,,,,,N,,,Normal,1,,,,,,,,,,,,,,
22,4,SCN4,CC,1,25,4,128,,,Y,,,,,,,,,,N,,,,,,,,,,N,,,,,,,,,,N,,,,,,,,,,N,,,,,,,,,,N,,,,,,,,,,N,,,,,,,,,,N,,,,,,,,,,N,,,,,,,,,,N,,,Normal,1,,,,,,,,,,,,,,
22,A,FS1,CC,1,79,127,0,,,Y,,,,,,,,,,N,,,,,,,,,,N,,,,,,,,,,N,,,,,,,,,,N,,,,,,,,,,N,,,,,,,,,,N,,,,,,,,,,N,,,,,,,,,,N,,,,,,,,,,N,,,Normal,,,,,,,,,,,,,,,
22,B,FS2,CC,1,80,127,0,,,Y,,,,,,,,,,N,,,,,,,,,,N,,,,,,,,,,N,,,,,,,,,,N,,,,,,,,,,N,,,,,,,,,,N,,,,,,,,,,N,,,,,,,,,,N,,,,,,,,,,N,,,Normal,,,,,,,,,,,,,,,
22,C,TUNR,CC,1,60,127,0,,,Y,,,,,,,,,,N,,,,,,,,,,N,,,,,,,,,,N,,,,,,,,,,N,,,,,,,,,,N,,,,,,,,,,N,,,,,,,,,,N,,,,,,,,,,N,,,,,,,,,,N,,,Normal,,,,,,,,,,,,,,,
22,D,TAP,CC,1,76,127,128,,,N,,,,,,,,,,N,,,,,,,,,,N,,,,,,,,,,N,,,,,,,,,,N,,,,,,,,,,N,,,,,,,,,,N,,,,,,,,,,N,,,,,,,,,,N,,,,,,,,,,N,,,Normal,,,,,,,,,,,,,,,
23,1,SCN1,CC,1,25,1,128,,,Y,,,,,,,,,,N,,,,,,,,,,N,,,,,,,,,,N,,,,,,,,,,N,,,,,,,,,,N,,,,,,,,,,N,,,,,,,,,,N,,,,,,,,,,N,,,,,,,,,,N,,,Normal,1,,,,,,,,,,,,,,
23,2,SCN2,CC,1,25,2,128,,,Y,,,,,,,,,,N,,,,,,,,,,N,,,,,,,,,,N,,,,,,,,,,N,,,,,,,,,,N,,,,,,,,,,N,,,,,,,,,,N,,,,,,,,,,N,,,,,,,,,,N,,,Normal,1,,,,,,,,,,,,,,
23,3,SCN3,CC,1,25,3,128,,,Y,,,,,,,,,,N,,,,,,,,,,N,,,,,,,,,,N,,,,,,,,,,N,,,,,,,,,,N,,,,,,,,,,N,,,,,,,,,,N,,,,,,,,,,N,,,,,,,,,,N,,,Normal,1,,,,,,,,,,,,,,
23,4,SCN4,CC,1,25,4,128,,,Y,,,,,,,,,,N,,,,,,,,,,N,,,,,,,,,,N,,,,,,,,,,N,,,,,,,,,,N,,,,,,,,,,N,,,,,,,,,,N,,,,,,,,,,N,,,,,,,,,,N,,,Normal,1,,,,,,,,,,,,,,
23,A,FS1,CC,1,79,127,0,,,Y,,,,,,,,,,N,,,,,,,,,,N,,,,,,,,,,N,,,,,,,,,,N,,,,,,,,,,N,,,,,,,,,,N,,,,,,,,,,N,,,,,,,,,,N,,,,,,,,,,N,,,Normal,,,,,,,,,,,,,,,
23,B,FS2,CC,1,80,127,0,,,Y,,,,,,,,,,N,,,,,,,,,,N,,,,,,,,,,N,,,,,,,,,,N,,,,,,,,,,N,,,,,,,,,,N,,,,,,,,,,N,,,,,,,,,,N,,,,,,,,,,N,,,Normal,,,,,,,,,,,,,,,
23,C,TUNR,CC,1,60,127,0,,,Y,,,,,,,,,,N,,,,,,,,,,N,,,,,,,,,,N,,,,,,,,,,N,,,,,,,,,,N,,,,,,,,,,N,,,,,,,,,,N,,,,,,,,,,N,,,,,,,,,,N,,,Normal,,,,,,,,,,,,,,,
23,D,TAP,CC,1,76,127,128,,,N,,,,,,,,,,N,,,,,,,,,,N,,,,,,,,,,N,,,,,,,,,,N,,,,,,,,,,N,,,,,,,,,,N,,,,,,,,,,N,,,,,,,,,,N,,,,,,,,,,N,,,Normal,,,,,,,,,,,,,,,
24,1,SCN1,CC,1,25,1,128,,,Y,,,,,,,,,,N,,,,,,,,,,N,,,,,,,,,,N,,,,,,,,,,N,,,,,,,,,,N,,,,,,,,,,N,,,,,,,,,,N,,,,,,,,,,N,,,,,,,,,,N,,,Normal,1,,,,,,,,,,,,,,
24,2,SCN2,CC,1,25,2,128,,,Y,,,,,,,,,,N,,,,,,,,,,N,,,,,,,,,,N,,,,,,,,,,N,,,,,,,,,,N,,,,,,,,,,N,,,,,,,,,,N,,,,,,,,,,N,,,,,,,,,,N,,,Normal,1,,,,,,,,,,,,,,
24,3,SCN3,CC,1,25,3,128,,,Y,,,,,,,,,,N,,,,,,,,,,N,,,,,,,,,,N,,,,,,,,,,N,,,,,,,,,,N,,,,,,,,,,N,,,,,,,,,,N,,,,,,,,,,N,,,,,,,,,,N,,,Normal,1,,,,,,,,,,,,,,
24,4,SCN4,CC,1,25,4,128,,,Y,,,,,,,,,,N,,,,,,,,,,N,,,,,,,,,,N,,,,,,,,,,N,,,,,,,,,,N,,,,,,,,,,N,,,,,,,,,,N,,,,,,,,,,N,,,,,,,,,,N,,,Normal,1,,,,,,,,,,,,,,
24,A,FS1,CC,1,79,127,0,,,Y,,,,,,,,,,N,,,,,,,,,,N,,,,,,,,,,N,,,,,,,,,,N,,,,,,,,,,N,,,,,,,,,,N,,,,,,,,,,N,,,,,,,,,,N,,,,,,,,,,N,,,Normal,,,,,,,,,,,,,,,
24,B,FS2,CC,1,80,127,0,,,Y,,,,,,,,,,N,,,,,,,,,,N,,,,,,,,,,N,,,,,,,,,,N,,,,,,,,,,N,,,,,,,,,,N,,,,,,,,,,N,,,,,,,,,,N,,,,,,,,,,N,,,Normal,,,,,,,,,,,,,,,
24,C,TUNR,CC,1,60,127,0,,,Y,,,,,,,,,,N,,,,,,,,,,N,,,,,,,,,,N,,,,,,,,,,N,,,,,,,,,,N,,,,,,,,,,N,,,,,,,,,,N,,,,,,,,,,N,,,,,,,,,,N,,,Normal,,,,,,,,,,,,,,,
24,D,TAP,CC,1,76,127,128,,,N,,,,,,,,,,N,,,,,,,,,,N,,,,,,,,,,N,,,,,,,,,,N,,,,,,,,,,N,,,,,,,,,,N,,,,,,,,,,N,,,,,,,,,,N,,,,,,,,,,N,,,Normal,,,,,,,,,,,,,,,
25,1,SCN1,CC,1,25,1,128,,,Y,,,,,,,,,,N,,,,,,,,,,N,,,,,,,,,,N,,,,,,,,,,N,,,,,,,,,,N,,,,,,,,,,N,,,,,,,,,,N,,,,,,,,,,N,,,,,,,,,,N,,,Normal,1,,,,,,,,,,,,,,
25,2,SCN2,CC,1,25,2,128,,,Y,,,,,,,,,,N,,,,,,,,,,N,,,,,,,,,,N,,,,,,,,,,N,,,,,,,,,,N,,,,,,,,,,N,,,,,,,,,,N,,,,,,,,,,N,,,,,,,,,,N,,,Normal,1,,,,,,,,,,,,,,
25,3,SCN3,CC,1,25,3,128,,,Y,,,,,,,,,,N,,,,,,,,,,N,,,,,,,,,,N,,,,,,,,,,N,,,,,,,,,,N,,,,,,,,,,N,,,,,,,,,,N,,,,,,,,,,N,,,,,,,,,,N,,,Normal,1,,,,,,,,,,,,,,
25,4,SCN4,CC,1,25,4,128,,,Y,,,,,,,,,,N,,,,,,,,,,N,,,,,,,,,,N,,,,,,,,,,N,,,,,,,,,,N,,,,,,,,,,N,,,,,,,,,,N,,,,,,,,,,N,,,,,,,,,,N,,,Normal,1,,,,,,,,,,,,,,
25,A,FS1,CC,1,79,127,0,,,Y,,,,,,,,,,N,,,,,,,,,,N,,,,,,,,,,N,,,,,,,,,,N,,,,,,,,,,N,,,,,,,,,,N,,,,,,,,,,N,,,,,,,,,,N,,,,,,,,,,N,,,Normal,,,,,,,,,,,,,,,
25,B,FS2,CC,1,80,127,0,,,Y,,,,,,,,,,N,,,,,,,,,,N,,,,,,,,,,N,,,,,,,,,,N,,,,,,,,,,N,,,,,,,,,,N,,,,,,,,,,N,,,,,,,,,,N,,,,,,,,,,N,,,Normal,,,,,,,,,,,,,,,
25,C,TUNR,CC,1,60,127,0,,,Y,,,,,,,,,,N,,,,,,,,,,N,,,,,,,,,,N,,,,,,,,,,N,,,,,,,,,,N,,,,,,,,,,N,,,,,,,,,,N,,,,,,,,,,N,,,,,,,,,,N,,,Normal,,,,,,,,,,,,,,,
25,D,TAP,CC,1,76,127,128,,,N,,,,,,,,,,N,,,,,,,,,,N,,,,,,,,,,N,,,,,,,,,,N,,,,,,,,,,N,,,,,,,,,,N,,,,,,,,,,N,,,,,,,,,,N,,,,,,,,,,N,,,Normal,,,,,,,,,,,,,,,
26,1,SCN1,CC,1,25,1,128,,,Y,,,,,,,,,,N,,,,,,,,,,N,,,,,,,,,,N,,,,,,,,,,N,,,,,,,,,,N,,,,,,,,,,N,,,,,,,,,,N,,,,,,,,,,N,,,,,,,,,,N,,,Normal,1,,,,,,,,,,,,,,
26,2,SCN2,CC,1,25,2,128,,,Y,,,,,,,,,,N,,,,,,,,,,N,,,,,,,,,,N,,,,,,,,,,N,,,,,,,,,,N,,,,,,,,,,N,,,,,,,,,,N,,,,,,,,,,N,,,,,,,,,,N,,,Normal,1,,,,,,,,,,,,,,
26,3,SCN3,CC,1,25,3,128,,,Y,,,,,,,,,,N,,,,,,,,,,N,,,,,,,,,,N,,,,,,,,,,N,,,,,,,,,,N,,,,,,,,,,N,,,,,,,,,,N,,,,,,,,,,N,,,,,,,,,,N,,,Normal,1,,,,,,,,,,,,,,
26,4,SCN4,CC,1,25,4,128,,,Y,,,,,,,,,,N,,,,,,,,,,N,,,,,,,,,,N,,,,,,,,,,N,,,,,,,,,,N,,,,,,,,,,N,,,,,,,,,,N,,,,,,,,,,N,,,,,,,,,,N,,,Normal,1,,,,,,,,,,,,,,
26,A,FS1,CC,1,79,127,0,,,Y,,,,,,,,,,N,,,,,,,,,,N,,,,,,,,,,N,,,,,,,,,,N,,,,,,,,,,N,,,,,,,,,,N,,,,,,,,,,N,,,,,,,,,,N,,,,,,,,,,N,,,Normal,,,,,,,,,,,,,,,
26,B,FS2,CC,1,80,127,0,,,Y,,,,,,,,,,N,,,,,,,,,,N,,,,,,,,,,N,,,,,,,,,,N,,,,,,,,,,N,,,,,,,,,,N,,,,,,,,,,N,,,,,,,,,,N,,,,,,,,,,N,,,Normal,,,,,,,,,,,,,,,
26,C,TUNR,CC,1,60,127,0,,,Y,,,,,,,,,,N,,,,,,,,,,N,,,,,,,,,,N,,,,,,,,,,N,,,,,,,,,,N,,,,,,,,,,N,,,,,,,,,,N,,,,,,,,,,N,,,,,,,,,,N,,,Normal,,,,,,,,,,,,,,,
26,D,TAP,CC,1,76,127,128,,,N,,,,,,,,,,N,,,,,,,,,,N,,,,,,,,,,N,,,,,,,,,,N,,,,,,,,,,N,,,,,,,,,,N,,,,,,,,,,N,,,,,,,,,,N,,,,,,,,,,N,,,Normal,,,,,,,,,,,,,,,
27,1,SCN1,CC,1,25,1,128,,,Y,,,,,,,,,,N,,,,,,,,,,N,,,,,,,,,,N,,,,,,,,,,N,,,,,,,,,,N,,,,,,,,,,N,,,,,,,,,,N,,,,,,,,,,N,,,,,,,,,,N,,,Normal,1,,,,,,,,,,,,,,
27,2,SCN2,CC,1,25,2,128,,,Y,,,,,,,,,,N,,,,,,,,,,N,,,,,,,,,,N,,,,,,,,,,N,,,,,,,,,,N,,,,,,,,,,N,,,,,,,,,,N,,,,,,,,,,N,,,,,,,,,,N,,,Normal,1,,,,,,,,,,,,,,
27,3,SCN3,CC,1,25,3,128,,,Y,,,,,,,,,,N,,,,,,,,,,N,,,,,,,,,,N,,,,,,,,,,N,,,,,,,,,,N,,,,,,,,,,N,,,,,,,,,,N,,,,,,,,,,N,,,,,,,,,,N,,,Normal,1,,,,,,,,,,,,,,
27,4,SCN4,CC,1,25,4,128,,,Y,,,,,,,,,,N,,,,,,,,,,N,,,,,,,,,,N,,,,,,,,,,N,,,,,,,,,,N,,,,,,,,,,N,,,,,,,,,,N,,,,,,,,,,N,,,,,,,,,,N,,,Normal,1,,,,,,,,,,,,,,
27,A,FS1,CC,1,79,127,0,,,Y,,,,,,,,,,N,,,,,,,,,,N,,,,,,,,,,N,,,,,,,,,,N,,,,,,,,,,N,,,,,,,,,,N,,,,,,,,,,N,,,,,,,,,,N,,,,,,,,,,N,,,Normal,,,,,,,,,,,,,,,
27,B,FS2,CC,1,80,127,0,,,Y,,,,,,,,,,N,,,,,,,,,,N,,,,,,,,,,N,,,,,,,,,,N,,,,,,,,,,N,,,,,,,,,,N,,,,,,,,,,N,,,,,,,,,,N,,,,,,,,,,N,,,Normal,,,,,,,,,,,,,,,
27,C,TUNR,CC,1,60,127,0,,,Y,,,,,,,,,,N,,,,,,,,,,N,,,,,,,,,,N,,,,,,,,,,N,,,,,,,,,,N,,,,,,,,,,N,,,,,,,,,,N,,,,,,,,,,N,,,,,,,,,,N,,,Normal,,,,,,,,,,,,,,,
27,D,TAP,CC,1,76,127,128,,,N,,,,,,,,,,N,,,,,,,,,,N,,,,,,,,,,N,,,,,,,,,,N,,,,,,,,,,N,,,,,,,,,,N,,,,,,,,,,N,,,,,,,,,,N,,,,,,,,,,N,,,Normal,,,,,,,,,,,,,,,
28,1,SCN1,CC,1,25,1,128,,,Y,,,,,,,,,,N,,,,,,,,,,N,,,,,,,,,,N,,,,,,,,,,N,,,,,,,,,,N,,,,,,,,,,N,,,,,,,,,,N,,,,,,,,,,N,,,,,,,,,,N,,,Normal,1,,,,,,,,,,,,,,
28,2,SCN2,CC,1,25,2,128,,,Y,,,,,,,,,,N,,,,,,,,,,N,,,,,,,,,,N,,,,,,,,,,N,,,,,,,,,,N,,,,,,,,,,N,,,,,,,,,,N,,,,,,,,,,N,,,,,,,,,,N,,,Normal,1,,,,,,,,,,,,,,
28,3,SCN3,CC,1,25,3,128,,,Y,,,,,,,,,,N,,,,,,,,,,N,,,,,,,,,,N,,,,,,,,,,N,,,,,,,,,,N,,,,,,,,,,N,,,,,,,,,,N,,,,,,,,,,N,,,,,,,,,,N,,,Normal,1,,,,,,,,,,,,,,
28,4,SCN4,CC,1,25,4,128,,,Y,,,,,,,,,,N,,,,,,,,,,N,,,,,,,,,,N,,,,,,,,,,N,,,,,,,,,,N,,,,,,,,,,N,,,,,,,,,,N,,,,,,,,,,N,,,,,,,,,,N,,,Normal,1,,,,,,,,,,,,,,
28,A,FS1,CC,1,79,127,0,,,Y,,,,,,,,,,N,,,,,,,,,,N,,,,,,,,,,N,,,,,,,,,,N,,,,,,,,,,N,,,,,,,,,,N,,,,,,,,,,N,,,,,,,,,,N,,,,,,,,,,N,,,Normal,,,,,,,,,,,,,,,
28,B,FS2,CC,1,80,127,0,,,Y,,,,,,,,,,N,,,,,,,,,,N,,,,,,,,,,N,,,,,,,,,,N,,,,,,,,,,N,,,,,,,,,,N,,,,,,,,,,N,,,,,,,,,,N,,,,,,,,,,N,,,Normal,,,,,,,,,,,,,,,
28,C,TUNR,CC,1,60,127,0,,,Y,,,,,,,,,,N,,,,,,,,,,N,,,,,,,,,,N,,,,,,,,,,N,,,,,,,,,,N,,,,,,,,,,N,,,,,,,,,,N,,,,,,,,,,N,,,,,,,,,,N,,,Normal,,,,,,,,,,,,,,,
28,D,TAP,CC,1,76,127,128,,,N,,,,,,,,,,N,,,,,,,,,,N,,,,,,,,,,N,,,,,,,,,,N,,,,,,,,,,N,,,,,,,,,,N,,,,,,,,,,N,,,,,,,,,,N,,,,,,,,,,N,,,Normal,,,,,,,,,,,,,,,
29,1,SCN1,CC,1,25,1,128,,,Y,,,,,,,,,,N,,,,,,,,,,N,,,,,,,,,,N,,,,,,,,,,N,,,,,,,,,,N,,,,,,,,,,N,,,,,,,,,,N,,,,,,,,,,N,,,,,,,,,,N,,,Normal,1,,,,,,,,,,,,,,
29,2,SCN2,CC,1,25,2,128,,,Y,,,,,,,,,,N,,,,,,,,,,N,,,,,,,,,,N,,,,,,,,,,N,,,,,,,,,,N,,,,,,,,,,N,,,,,,,,,,N,,,,,,,,,,N,,,,,,,,,,N,,,Normal,1,,,,,,,,,,,,,,
29,3,SCN3,CC,1,25,3,128,,,Y,,,,,,,,,,N,,,,,,,,,,N,,,,,,,,,,N,,,,,,,,,,N,,,,,,,,,,N,,,,,,,,,,N,,,,,,,,,,N,,,,,,,,,,N,,,,,,,,,,N,,,Normal,1,,,,,,,,,,,,,,
29,4,SCN4,CC,1,25,4,128,,,Y,,,,,,,,,,N,,,,,,,,,,N,,,,,,,,,,N,,,,,,,,,,N,,,,,,,,,,N,,,,,,,,,,N,,,,,,,,,,N,,,,,,,,,,N,,,,,,,,,,N,,,Normal,1,,,,,,,,,,,,,,
29,A,FS1,CC,1,79,127,0,,,Y,,,,,,,,,,N,,,,,,,,,,N,,,,,,,,,,N,,,,,,,,,,N,,,,,,,,,,N,,,,,,,,,,N,,,,,,,,,,N,,,,,,,,,,N,,,,,,,,,,N,,,Normal,,,,,,,,,,,,,,,
29,B,FS2,CC,1,80,127,0,,,Y,,,,,,,,,,N,,,,,,,,,,N,,,,,,,,,,N,,,,,,,,,,N,,,,,,,,,,N,,,,,,,,,,N,,,,,,,,,,N,,,,,,,,,,N,,,,,,,,,,N,,,Normal,,,,,,,,,,,,,,,
29,C,TUNR,CC,1,60,127,0,,,Y,,,,,,,,,,N,,,,,,,,,,N,,,,,,,,,,N,,,,,,,,,,N,,,,,,,,,,N,,,,,,,,,,N,,,,,,,,,,N,,,,,,,,,,N,,,,,,,,,,N,,,Normal,,,,,,,,,,,,,,,
29,D,TAP,CC,1,76,127,128,,,N,,,,,,,,,,N,,,,,,,,,,N,,,,,,,,,,N,,,,,,,,,,N,,,,,,,,,,N,,,,,,,,,,N,,,,,,,,,,N,,,,,,,,,,N,,,,,,,,,,N,,,Normal,,,,,,,,,,,,,,,
30,1,LOOP,CC,1,62,127,0,,,Y,,,,,,,,,,N,,,,,,,,,,N,,,,,,,,,,N,,,,,,,,,,N,,,,,,,,,,N,,,,,,,,,,N,,,,,,,,,,N,,,,,,,,,,N,,,,,,,,,,N,,,Normal,,,,,,,,,,,,,,,
30,2,REC,CC,1,63,127,128,,,N,,,,,,,,,,N,,,,,,,,,,N,,,,,,,,,,N,,,,,,,,,,N,,,,,,,,,,N,,,,,,,,,,N,,,,,,,,,,N,,,,,,,,,,N,,,,,,,,,,N,,,Normal,,,,,,,,,,,,,,,
30,3,PLAY,CC,1,64,127,0,,,Y,,,,,,,,,,N,,,,,,,,,,N,,,,,,,,,,N,,,,,,,,,,N,,,,,,,,,,N,,,,,,,,,,N,,,,,,,,,,N,,,,,,,,,,N,,,,,,,,,,N,,,Normal,,,,,,,,,,,,,,,
30,4,UNDO,CC,1,67,127,128,,,N,,,,,,,,,,N,,,,,,,,,,N,,,,,,,,,,N,,,,,,,,,,N,,,,,,,,,,N,,,,,,,,,,N,,,,,,,,,,N,,,,,,,,,,N,,,,,,,,,,N,,,Normal,,,,,,,,,,,,,,,
30,A,CLR,CC,1,68,127,128,,,N,,,,,,,,,,N,,,,,,,,,,N,,,,,,,,,,N,,,,,,,,,,N,,,,,,,,,,N,,,,,,,,,,N,,,,,,,,,,N,,,,,,,,,,N,,,,,,,,,,N,,,Normal,,,,,,,,,,,,,,,
30,B,HALF,CC,1,65,0,127,,,Y,,,,,,,,,,N,,,,,,,,,,N,,,,,,,,,,N,,,,,,,,,,N,,,,,,,,,,N,,,,,,,,,,N,,,,,,,,,,N,,,,,,,,,,N,,,,,,,,,,N,,,Normal,,,,,,,,,,,,,,,
30,C,REV,CC,1,66,0,127,,,Y,,,,,,,,,,N,,,,,,,,,,N,,,,,,,,,,N,,,,,,,,,,N,,,,,,,,,,N,,,,,,,,,,N,,,,,,,,,,N,,,,,,,,,,N,,,,,,,,,,N,,,Normal,,,,,,,,,,,,,,,
30,D,TAP,CC,1,76,127,128,,,N,,,,,,,,,,N,,,,,,,,,,N,,,,,,,,,,N,,,,,,,,,,N,,,,,,,,,,N,,,,,,,,,,N,,,,,,,,,,N,,,,,,,,,,N,,,,,,,,,,N,,,Normal,,,,,,,,,,,,,,,
31,1,DRUM,CC,1,36,127,0,,,Y,,,,,,,,,,N,,,,,,,,,,N,,,,,,,,,,N,,,,,,,,,,N,,,,,,,,,,N,,,,,,,,,,N,,,,,,,,,,N,,,,,,,,,,N,,,,,,,,,,N,,,Normal,,,,,,,,,,,,,,,
31,2,DRPL,CC,1,37,127,0,,,Y,,,,,,,,,,N,,,,,,,,,,N,,,,,,,,,,N,,,,,,,,,,N,,,,,,,,,,N,,,,,,,,,,N,,,,,,,,,,N,,,,,,,,,,N,,,,,,,,,,N,,,Normal,,,,,,,,,,,,,,,
31,3,TUNR,CC,1,60,127,0,,,Y,,,,,,,,,,N,,,,,,,,,,N,,,,,,,,,,N,,,,,,,,,,N,,,,,,,,,,N,,,,,,,,,,N,,,,,,,,,,N,,,,,,,,,,N,,,,,,,,,,N,,,Normal,,,,,,,,,,,,,,,
31,4,BYP,CC,1,78,0,2,,,Y,,,,,,,,,,N,,,,,,,,,,N,,,,,,,,,,N,,,,,,,,,,N,,,,,,,,,,N,,,,,,,,,,N,,,,,,,,,,N,,,,,,,,,,N,,,,,,,,,,N,,,Normal,,,,,,,,,,,,,,,
31,A,FS1,CC,1,79,127,0,,,Y,,,,,,,,,,N,,,,,,,,,,N,,,,,,,,,,N,,,,,,,,,,N,,,,,,,,,,N,,,,,,,,,,N,,,,,,,,,,N,,,,,,,,,,N,,,,,,,,,,N,,,Normal,,,,,,,,,,,,,,,
31,B,FS2,CC,1,80,127,0,,,Y,,,,,,,,,,N,,,,,,,,,,N,,,,,,,,,,N,,,,,,,,,,N,,,,,,,,,,N,,,,,,,,,,N,,,,,,,,,,N,,,,,,,,,,N,,,,,,,,,,N,,,Normal,,,,,,,,,,,,,,,
31,C,FS3,CC,1,81,127,0,,,Y,,,,,,,,,,N,,,,,,,,,,N,,,,,,,,,,N,,,,,,,,,,N,,,,,,,,,,N,,,,,,,,,,N,,,,,,,,,,N,,,,,,,,,,N,,,,,,,,,,N,,,Normal,,,,,,,,,,,,,,,
31,D,FS4,CC,1,82,127,0,,,Y,,,,,,,,,,N,,,,,,,,,,N,,,,,,,,,,N,,,,,,,,,,N,,,,,,,,,,N,,,,,,,,,,N,,,,,,,,,,N,,,,,,,,,,N,,,,,,,,,,N,,,Normal,,,,,,,,,,,,,,,
,,,,,,,,,,,,,,,,,,,,,,,,,,,,,,,,,,,,,,,,,,,,,,,,,,
* LongPress_Settings,,,,,,,,,,,,,,,,,,,,,,,,,,,,,,,,,,,,,,,,,,,,,,,,,,
Bank_Number,Button_Identifier,Long_Label,A_CommandType,A_Channel_(PC/CC/Note/PB),A_Number_(PC/CC/Note),A_OnValue_(CC/PB),A_OffValue_(CC),A_BankSelect_(PC),A_BankSelectHighByte_(PC),A_Toggle_(CC/PB/Note),A_Velocity_(Note),A_Duration_(Note/PB),A_KeyMode_(Key),B_CommandType,B_Channel_(PC/CC/Note/PB),B_Number_(PC/CC/Note),B_OnValue_(CC/PB),B_OffValue_(CC),B_BankSelect_(PC),B_BankSelectHighByte_(PC),B_Toggle_(CC/PB/Note),B_Velocity_(Note),B_Duration_(Note/PB),B_KeyMode_(Key),C_CommandType,C_Channel_(PC/CC/Note/PB),C_Number_(PC/CC/Note),C_OnValue_(CC/PB),C_OffValue_(CC),C_BankSelect_(PC),C_BankSelectHighByte_(PC),C_Toggle_(CC/PB/Note),C_Velocity_(Note),C_Duration_(Note/PB),C_KeyMode_(Key),D_CommandType,D_Channel_(PC/CC/Note/PB),D_Number_(PC/CC/Note),D_OnValue_(CC/PB),D_OffValue_(CC),D_BankSelect_(PC),D_BankSelectHighByte_(PC),D_Toggle_(CC/PB/Note),D_Velocity_(Note),D_Duration_(Note/PB),D_KeyMode_(Key),E_CommandType,E_Channel_(PC/CC/Note/PB),E_Number_(PC/CC/Note),E_OnValue_(CC/PB),E_OffValue_(CC),E_BankSelect_(PC),E_BankSelectHighByte_(PC),E_Toggle_(CC/PB/Note),E_Velocity_(Note),E_Duration_(Note/PB),E_KeyMode_(Key),F_CommandType,F_Channel_(PC/CC/Note/PB),F_Number_(PC/CC/Note),F_OnValue_(CC/PB),F_OffValue_(CC),F_BankSelect_(PC),F_BankSelectHighByte_(PC),F_Toggle_(CC/PB/Note),F_Velocity_(Note),F_Duration_(Note/PB),F_KeyMode_(Key),G_CommandType,G_Channel_(PC/CC/Note/PB),G_Number_(PC/CC/Note),G_OnValue_(CC/PB),G_OffValue_(CC),G_BankSelect_(PC),G_BankSelectHighByte_(PC),G_Toggle_(CC/PB/Note),G_Velocity_(Note),G_Duration_(Note/PB),G_KeyMode_(Key),H_CommandType,H_Channel_(PC/CC/Note/PB),H_Number_(PC/CC/Note),H_OnValue_(CC/PB),H_OffValue_(CC),H_BankSelect_(PC),H_BankSelectHighByte_(PC),H_Toggle_(CC/PB/Note),H_Velocity_(Note),H_Duration_(Note/PB),H_KeyMode_(Key),I_CommandType,I_Channel_(PC/CC/Note/PB),I_Number_(PC/CC/Note),I_OnValue_(CC/PB),I_OffValue_(CC),I_BankSelect_(PC),I_BankSelectHighByte_(PC),I_Toggle_(CC/PB/Note),I_Velocity_(Note),I_Duration_(Note/PB),I_KeyMode_(Key),J_CommandType,J_Channel_(PC/CC/Note/PB),J_Number_(PC/CC/Note),J_OnValue_(CC/PB),J_OffValue_(CC),J_BankSelect_(PC),J_BankSelectHighByte_(PC),J_Toggle_(CC/PB/Note),J_Velocity_(Note),J_Duration_(Note/PB),J_KeyMode_(Key)
0,1,,,,,,,,,N,,,,,,,,,,,N,,,,,,,,,,,N,,,,,,,,,,,N,,,,,,,,,,,N,,,,,,,,,,,N,,,,,,,,,,,N,,,,,,,,,,,N,,,,,,,,,,,N,,,,,,,,,,,N,,,
0,2,,,,,,,,,N,,,,,,,,,,,N,,,,,,,,,,,N,,,,,,,,,,,N,,,,,,,,,,,N,,,,,,,,,,,N,,,,,,,,,,,N,,,,,,,,,,,N,,,,,,,,,,,N,,,,,,,,,,,N,,,
0,3,,,,,,,,,N,,,,,,,,,,,N,,,,,,,,,,,N,,,,,,,,,,,N,,,,,,,,,,,N,,,,,,,,,,,N,,,,,,,,,,,N,,,,,,,,,,,N,,,,,,,,,,,N,,,,,,,,,,,N,,,
0,4,,,,,,,,,N,,,,,,,,,,,N,,,,,,,,,,,N,,,,,,,,,,,N,,,,,,,,,,,N,,,,,,,,,,,N,,,,,,,,,,,N,,,,,,,,,,,N,,,,,,,,,,,N,,,,,,,,,,,N,,,
0,A,,,,,,,,,N,,,,,,,,,,,N,,,,,,,,,,,N,,,,,,,,,,,N,,,,,,,,,,,N,,,,,,,,,,,N,,,,,,,,,,,N,,,,,,,,,,,N,,,,,,,,,,,N,,,,,,,,,,,N,,,
0,B,,,,,,,,,N,,,,,,,,,,,N,,,,,,,,,,,N,,,,,,,,,,,N,,,,,,,,,,,N,,,,,,,,,,,N,,,,,,,,,,,N,,,,,,,,,,,N,,,,,,,,,,,N,,,,,,,,,,,N,,,
0,C,,,,,,,,,N,,,,,,,,,,,N,,,,,,,,,,,N,,,,,,,,,,,N,,,,,,,,,,,N,,,,,,,,,,,N,,,,,,,,,,,N,,,,,,,,,,,N,,,,,,,,,,,N,,,,,,,,,,,N,,,
0,D,,,,,,,,,N,,,,,,,,,,,N,,,,,,,,,,,N,,,,,,,,,,,N,,,,,,,,,,,N,,,,,,,,,,,N,,,,,,,,,,,N,,,,,,,,,,,N,,,,,,,,,,,N,,,,,,,,,,,N,,,
1,1,,,,,,,,,N,,,,,,,,,,,N,,,,,,,,,,,N,,,,,,,,,,,N,,,,,,,,,,,N,,,,,,,,,,,N,,,,,,,,,,,N,,,,,,,,,,,N,,,,,,,,,,,N,,,,,,,,,,,N,,,
1,2,,,,,,,,,N,,,,,,,,,,,N,,,,,,,,,,,N,,,,,,,,,,,N,,,,,,,,,,,N,,,,,,,,,,,N,,,,,,,,,,,N,,,,,,,,,,,N,,,,,,,,,,,N,,,,,,,,,,,N,,,
1,3,,,,,,,,,N,,,,,,,,,,,N,,,,,,,,,,,N,,,,,,,,,,,N,,,,,,,,,,,N,,,,,,,,,,,N,,,,,,,,,,,N,,,,,,,,,,,N,,,,,,,,,,,N,,,,,,,,,,,N,,,
1,4,,,,,,,,,N,,,,,,,,,,,N,,,,,,,,,,,N,,,,,,,,,,,N,,,,,,,,,,,N,,,,,,,,,,,N,,,,,,,,,,,N,,,,,,,,,,,N,,,,,,,,,,,N,,,,,,,,,,,N,,,
1,A,,,,,,,,,N,,,,,,,,,,,N,,,,,,,,,,,N,,,,,,,,,,,N,,,,,,,,,,,N,,,,,,,,,,,N,,,,,,,,,,,N,,,,,,,,,,,N,,,,,,,,,,,N,,,,,,,,,,,N,,,
1,B,,,,,,,,,N,,,,,,,,,,,N,,,,,,,,,,,N,,,,,,,,,,,N,,,,,,,,,,,N,,,,,,,,,,,N,,,,,,,,,,,N,,,,,,,,,,,N,,,,,,,,,,,N,,,,,,,,,,,N,,,
1,C,,,,,,,,,N,,,,,,,,,,,N,,,,,,,,,,,N,,,,,,,,,,,N,,,,,,,,,,,N,,,,,,,,,,,N,,,,,,,,,,,N,,,,,,,,,,,N,,,,,,,,,,,N,,,,,,,,,,,N,,,
1,D,,,,,,,,,N,,,,,,,,,,,N,,,,,,,,,,,N,,,,,,,,,,,N,,,,,,,,,,,N,,,,,,,,,,,N,,,,,,,,,,,N,,,,,,,,,,,N,,,,,,,,,,,N,,,,,,,,,,,N,,,
2,1,,,,,,,,,N,,,,,,,,,,,N,,,,,,,,,,,N,,,,,,,,,,,N,,,,,,,,,,,N,,,,,,,,,,,N,,,,,,,,,,,N,,,,,,,,,,,N,,,,,,,,,,,N,,,,,,,,,,,N,,,
2,2,,,,,,,,,N,,,,,,,,,,,N,,,,,,,,,,,N,,,,,,,,,,,N,,,,,,,,,,,N,,,,,,,,,,,N,,,,,,,,,,,N,,,,,,,,,,,N,,,,,,,,,,,N,,,,,,,,,,,N,,,
2,3,,,,,,,,,N,,,,,,,,,,,N,,,,,,,,,,,N,,,,,,,,,,,N,,,,,,,,,,,N,,,,,,,,,,,N,,,,,,,,,,,N,,,,,,,,,,,N,,,,,,,,,,,N,,,,,,,,,,,N,,,
2,4,,,,,,,,,N,,,,,,,,,,,N,,,,,,,,,,,N,,,,,,,,,,,N,,,,,,,,,,,N,,,,,,,,,,,N,,,,,,,,,,,N,,,,,,,,,,,N,,,,,,,,,,,N,,,,,,,,,,,N,,,
2,A,,,,,,,,,N,,,,,,,,,,,N,,,,,,,,,,,N,,,,,,,,,,,N,,,,,,,,,,,N,,,,,,,,,,,N,,,,,,,,,,,N,,,,,,,,,,,N,,,,,,,,,,,N,,,,,,,,,,,N,,,
2,B,,,,,,,,,N,,,,,,,,,,,N,,,,,,,,,,,N,,,,,,,,,,,N,,,,,,,,,,,N,,,,,,,,,,,N,,,,,,,,,,,N,,,,,,,,,,,N,,,,,,,,,,,N,,,,,,,,,,,N,,,
2,C,,,,,,,,,N,,,,,,,,,,,N,,,,,,,,,,,N,,,,,,,,,,,N,,,,,,,,,,,N,,,,,,,,,,,N,,,,,,,,,,,N,,,,,,,,,,,N,,,,,,,,,,,N,,,,,,,,,,,N,,,
2,D,,,,,,,,,N,,,,,,,,,,,N,,,,,,,,,,,N,,,,,,,,,,,N,,,,,,,,,,,N,,,,,,,,,,,N,,,,,,,,,,,N,,,,,,,,,,,N,,,,,,,,,,,N,,,,,,,,,,,N,,,
3,1,,,,,,,,,N,,,,,,,,,,,N,,,,,,,,,,,N,,,,,,,,,,,N,,,,,,,,,,,N,,,,,,,,,,,N,,,,,,,,,,,N,,,,,,,,,,,N,,,,,,,,,,,N,,,,,,,,,,,N,,,
3,2,,,,,,,,,N,,,,,,,,,,,N,,,,,,,,,,,N,,,,,,,,,,,N,,,,,,,,,,,N,,,,,,,,,,,N,,,,,,,,,,,N,,,,,,,,,,,N,,,,,,,,,,,N,,,,,,,,,,,N,,,
3,3,,,,,,,,,N,,,,,,,,,,,N,,,,,,,,,,,N,,,,,,,,,,,N,,,,,,,,,,,N,,,,,,,,,,,N,,,,,,,,,,,N,,,,,,,,,,,N,,,,,,,,,,,N,,,,,,,,,,,N,,,
3,4,,,,,,,,,N,,,,,,,,,,,N,,,,,,,,,,,N,,,,,,,,,,,N,,,,,,,,,,,N,,,,,,,,,,,N,,,,,,,,,,,N,,,,,,,,,,,N,,,,,,,,,,,N,,,,,,,,,,,N,,,
3,A,,,,,,,,,N,,,,,,,,,,,N,,,,,,,,,,,N,,,,,,,,,,,N,,,,,,,,,,,N,,,,,,,,,,,N,,,,,,,,,,,N,,,,,,,,,,,N,,,,,,,,,,,N,,,,,,,,,,,N,,,
3,B,,,,,,,,,N,,,,,,,,,,,N,,,,,,,,,,,N,,,,,,,,,,,N,,,,,,,,,,,N,,,,,,,,,,,N,,,,,,,,,,,N,,,,,,,,,,,N,,,,,,,,,,,N,,,,,,,,,,,N,,,
3,C,,,,,,,,,N,,,,,,,,,,,N,,,,,,,,,,,N,,,,,,,,,,,N,,,,,,,,,,,N,,,,,,,,,,,N,,,,,,,,,,,N,,,,,,,,,,,N,,,,,,,,,,,N,,,,,,,,,,,N,,,
3,D,,,,,,,,,N,,,,,,,,,,,N,,,,,,,,,,,N,,,,,,,,,,,N,,,,,,,,,,,N,,,,,,,,,,,N,,,,,,,,,,,N,,,,,,,,,,,N,,,,,,,,,,,N,,,,,,,,,,,N,,,
4,1,,,,,,,,,N,,,,,,,,,,,N,,,,,,,,,,,N,,,,,,,,,,,N,,,,,,,,,,,N,,,,,,,,,,,N,,,,,,,,,,,N,,,,,,,,,,,N,,,,,,,,,,,N,,,,,,,,,,,N,,,
4,2,,,,,,,,,N,,,,,,,,,,,N,,,,,,,,,,,N,,,,,,,,,,,N,,,,,,,,,,,N,,,,,,,,,,,N,,,,,,,,,,,N,,,,,,,,,,,N,,,,,,,,,,,N,,,,,,,,,,,N,,,
4,3,,,,,,,,,N,,,,,,,,,,,N,,,,,,,,,,,N,,,,,,,,,,,N,,,,,,,,,,,N,,,,,,,,,,,N,,,,,,,,,,,N,,,,,,,,,,,N,,,,,,,,,,,N,,,,,,,,,,,N,,,
4,4,,,,,,,,,N,,,,,,,,,,,N,,,,,,,,,,,N,,,,,,,,,,,N,,,,,,,,,,,N,,,,,,,,,,,N,,,,,,,,,,,N,,,,,,,,,,,N,,,,,,,,,,,N,,,,,,,,,,,N,,,
4,A,,,,,,,,,N,,,,,,,,,,,N,,,,,,,,,,,N,,,,,,,,,,,N,,,,,,,,,,,N,,,,,,,,,,,N,,,,,,,,,,,N,,,,,,,,,,,N,,,,,,,,,,,N,,,,,,,,,,,N,,,
4,B,,,,,,,,,N,,,,,,,,,,,N,,,,,,,,,,,N,,,,,,,,,,,N,,,,,,,,,,,N,,,,,,,,,,,N,,,,,,,,,,,N,,,,,,,,,,,N,,,,,,,,,,,N,,,,,,,,,,,N,,,
4,C,,,,,,,,,N,,,,,,,,,,,N,,,,,,,,,,,N,,,,,,,,,,,N,,,,,,,,,,,N,,,,,,,,,,,N,,,,,,,,,,,N,,,,,,,,,,,N,,,,,,,,,,,N,,,,,,,,,,,N,,,
4,D,,,,,,,,,N,,,,,,,,,,,N,,,,,,,,,,,N,,,,,,,,,,,N,,,,,,,,,,,N,,,,,,,,,,,N,,,,,,,,,,,N,,,,,,,,,,,N,,,,,,,,,,,N,,,,,,,,,,,N,,,
5,1,,,,,,,,,N,,,,,,,,,,,N,,,,,,,,,,,N,,,,,,,,,,,N,,,,,,,,,,,N,,,,,,,,,,,N,,,,,,,,,,,N,,,,,,,,,,,N,,,,,,,,,,,N,,,,,,,,,,,N,,,
5,2,,,,,,,,,N,,,,,,,,,,,N,,,,,,,,,,,N,,,,,,,,,,,N,,,,,,,,,,,N,,,,,,,,,,,N,,,,,,,,,,,N,,,,,,,,,,,N,,,,,,,,,,,N,,,,,,,,,,,N,,,
5,3,,,,,,,,,N,,,,,,,,,,,N,,,,,,,,,,,N,,,,,,,,,,,N,,,,,,,,,,,N,,,,,,,,,,,N,,,,,,,,,,,N,,,,,,,,,,,N,,,,,,,,,,,N,,,,,,,,,,,N,,,
5,4,,,,,,,,,N,,,,,,,,,,,N,,,,,,,,,,,N,,,,,,,,,,,N,,,,,,,,,,,N,,,,,,,,,,,N,,,,,,,,,,,N,,,,,,,,,,,N,,,,,,,,,,,N,,,,,,,,,,,N,,,
5,A,,,,,,,,,N,,,,,,,,,,,N,,,,,,,,,,,N,,,,,,,,,,,N,,,,,,,,,,,N,,,,,,,,,,,N,,,,,,,,,,,N,,,,,,,,,,,N,,,,,,,,,,,N,,,,,,,,,,,N,,,
5,B,,,,,,,,,N,,,,,,,,,,,N,,,,,,,,,,,N,,,,,,,,,,,N,,,,,,,,,,,N,,,,,,,,,,,N,,,,,,,,,,,N,,,,,,,,,,,N,,,,,,,,,,,N,,,,,,,,,,,N,,,
5,C,,,,,,,,,N,,,,,,,,,,,N,,,,,,,,,,,N,,,,,,,,,,,N,,,,,,,,,,,N,,,,,,,,,,,N,,,,,,,,,,,N,,,,,,,,,,,N,,,,,,,,,,,N,,,,,,,,,,,N,,,
5,D,,,,,,,,,N,,,,,,,,,,,N,,,,,,,,,,,N,,,,,,,,,,,N,,,,,,,,,,,N,,,,,,,,,,,N,,,,,,,,,,,N,,,,,,,,,,,N,,,,,,,,,,,N,,,,,,,,,,,N,,,
6,1,,,,,,,,,N,,,,,,,,,,,N,,,,,,,,,,,N,,,,,,,,,,,N,,,,,,,,,,,N,,,,,,,,,,,N,,,,,,,,,,,N,,,,,,,,,,,N,,,,,,,,,,,N,,,,,,,,,,,N,,,
6,2,,,,,,,,,N,,,,,,,,,,,N,,,,,,,,,,,N,,,,,,,,,,,N,,,,,,,,,,,N,,,,,,,,,,,N,,,,,,,,,,,N,,,,,,,,,,,N,,,,,,,,,,,N,,,,,,,,,,,N,,,
6,3,,,,,,,,,N,,,,,,,,,,,N,,,,,,,,,,,N,,,,,,,,,,,N,,,,,,,,,,,N,,,,,,,,,,,N,,,,,,,,,,,N,,,,,,,,,,,N,,,,,,,,,,,N,,,,,,,,,,,N,,,
6,4,,,,,,,,,N,,,,,,,,,,,N,,,,,,,,,,,N,,,,,,,,,,,N,,,,,,,,,,,N,,,,,,,,,,,N,,,,,,,,,,,N,,,,,,,,,,,N,,,,,,,,,,,N,,,,,,,,,,,N,,,
6,A,,,,,,,,,N,,,,,,,,,,,N,,,,,,,,,,,N,,,,,,,,,,,N,,,,,,,,,,,N,,,,,,,,,,,N,,,,,,,,,,,N,,,,,,,,,,,N,,,,,,,,,,,N,,,,,,,,,,,N,,,
6,B,,,,,,,,,N,,,,,,,,,,,N,,,,,,,,,,,N,,,,,,,,,,,N,,,,,,,,,,,N,,,,,,,,,,,N,,,,,,,,,,,N,,,,,,,,,,,N,,,,,,,,,,,N,,,,,,,,,,,N,,,
6,C,,,,,,,,,N,,,,,,,,,,,N,,,,,,,,,,,N,,,,,,,,,,,N,,,,,,,,,,,N,,,,,,,,,,,N,,,,,,,,,,,N,,,,,,,,,,,N,,,,,,,,,,,N,,,,,,,,,,,N,,,
6,D,,,,,,,,,N,,,,,,,,,,,N,,,,,,,,,,,N,,,,,,,,,,,N,,,,,,,,,,,N,,,,,,,,,,,N,,,,,,,,,,,N,,,,,,,,,,,N,,,,,,,,,,,N,,,,,,,,,,,N,,,
7,1,,,,,,,,,N,,,,,,,,,,,N,,,,,,,,,,,N,,,,,,,,,,,N,,,,,,,,,,,N,,,,,,,,,,,N,,,,,,,,,,,N,,,,,,,,,,,N,,,,,,,,,,,N,,,,,,,,,,,N,,,
7,2,,,,,,,,,N,,,,,,,,,,,N,,,,,,,,,,,N,,,,,,,,,,,N,,,,,,,,,,,N,,,,,,,,,,,N,,,,,,,,,,,N,,,,,,,,,,,N,,,,,,,,,,,N,,,,,,,,,,,N,,,
7,3,,,,,,,,,N,,,,,,,,,,,N,,,,,,,,,,,N,,,,,,,,,,,N,,,,,,,,,,,N,,,,,,,,,,,N,,,,,,,,,,,N,,,,,,,,,,,N,,,,,,,,,,,N,,,,,,,,,,,N,,,
7,4,,,,,,,,,N,,,,,,,,,,,N,,,,,,,,,,,N,,,,,,,,,,,N,,,,,,,,,,,N,,,,,,,,,,,N,,,,,,,,,,,N,,,,,,,,,,,N,,,,,,,,,,,N,,,,,,,,,,,N,,,
7,A,,,,,,,,,N,,,,,,,,,,,N,,,,,,,,,,,N,,,,,,,,,,,N,,,,,,,,,,,N,,,,,,,,,,,N,,,,,,,,,,,N,,,,,,,,,,,N,,,,,,,,,,,N,,,,,,,,,,,N,,,
7,B,,,,,,,,,N,,,,,,,,,,,N,,,,,,,,,,,N,,,,,,,,,,,N,,,,,,,,,,,N,,,,,,,,,,,N,,,,,,,,,,,N,,,,,,,,,,,N,,,,,,,,,,,N,,,,,,,,,,,N,,,
7,C,,,,,,,,,N,,,,,,,,,,,N,,,,,,,,,,,N,,,,,,,,,,,N,,,,,,,,,,,N,,,,,,,,,,,N,,,,,,,,,,,N,,,,,,,,,,,N,,,,,,,,,,,N,,,,,,,,,,,N,,,
7,D,,,,,,,,,N,,,,,,,,,,,N,,,,,,,,,,,N,,,,,,,,,,,N,,,,,,,,,,,N,,,,,,,,,,,N,,,,,,,,,,,N,,,,,,,,,,,N,,,,,,,,,,,N,,,,,,,,,,,N,,,
8,1,,,,,,,,,N,,,,,,,,,,,N,,,,,,,,,,,N,,,,,,,,,,,N,,,,,,,,,,,N,,,,,,,,,,,N,,,,,,,,,,,N,,,,,,,,,,,N,,,,,,,,,,,N,,,,,,,,,,,N,,,
8,2,,,,,,,,,N,,,,,,,,,,,N,,,,,,,,,,,N,,,,,,,,,,,N,,,,,,,,,,,N,,,,,,,,,,,N,,,,,,,,,,,N,,,,,,,,,,,N,,,,,,,,,,,N,,,,,,,,,,,N,,,
8,3,,,,,,,,,N,,,,,,,,,,,N,,,,,,,,,,,N,,,,,,,,,,,N,,,,,,,,,,,N,,,,,,,,,,,N,,,,,,,,,,,N,,,,,,,,,,,N,,,,,,,,,,,N,,,,,,,,,,,N,,,
8,4,,,,,,,,,N,,,,,,,,,,,N,,,,,,,,,,,N,,,,,,,,,,,N,,,,,,,,,,,N,,,,,,,,,,,N,,,,,,,,,,,N,,,,,,,,,,,N,,,,,,,,,,,N,,,,,,,,,,,N,,,
8,A,,,,,,,,,N,,,,,,,,,,,N,,,,,,,,,,,N,,,,,,,,,,,N,,,,,,,,,,,N,,,,,,,,,,,N,,,,,,,,,,,N,,,,,,,,,,,N,,,,,,,,,,,N,,,,,,,,,,,N,,,
8,B,,,,,,,,,N,,,,,,,,,,,N,,,,,,,,,,,N,,,,,,,,,,,N,,,,,,,,,,,N,,,,,,,,,,,N,,,,,,,,,,,N,,,,,,,,,,,N,,,,,,,,,,,N,,,,,,,,,,,N,,,
8,C,,,,,,,,,N,,,,,,,,,,,N,,,,,,,,,,,N,,,,,,,,,,,N,,,,,,,,,,,N,,,,,,,,,,,N,,,,,,,,,,,N,,,,,,,,,,,N,,,,,,,,,,,N,,,,,,,,,,,N,,,
8,D,,,,,,,,,N,,,,,,,,,,,N,,,,,,,,,,,N,,,,,,,,,,,N,,,,,,,,,,,N,,,,,,,,,,,N,,,,,,,,,,,N,,,,,,,,,,,N,,,,,,,,,,,N,,,,,,,,,,,N,,,
9,1,,,,,,,,,N,,,,,,,,,,,N,,,,,,,,,,,N,,,,,,,,,,,N,,,,,,,,,,,N,,,,,,,,,,,N,,,,,,,,,,,N,,,,,,,,,,,N,,,,,,,,,,,N,,,,,,,,,,,N,,,
9,2,,,,,,,,,N,,,,,,,,,,,N,,,,,,,,,,,N,,,,,,,,,,,N,,,,,,,,,,,N,,,,,,,,,,,N,,,,,,,,,,,N,,,,,,,,,,,N,,,,,,,,,,,N,,,,,,,,,,,N,,,
9,3,,,,,,,,,N,,,,,,,,,,,N,,,,,,,,,,,N,,,,,,,,,,,N,,,,,,,,,,,N,,,,,,,,,,,N,,,,,,,,,,,N,,,,,,,,,,,N,,,,,,,,,,,N,,,,,,,,,,,N,,,
9,4,,,,,,,,,N,,,,,,,,,,,N,,,,,,,,,,,N,,,,,,,,,,,N,,,,,,,,,,,N,,,,,,,,,,,N,,,,,,,,,,,N,,,,,,,,,,,N,,,,,,,,,,,N,,,,,,,,,,,N,,,
9,A,,,,,,,,,N,,,,,,,,,,,N,,,,,,,,,,,N,,,,,,,,,,,N,,,,,,,,,,,N,,,,,,,,,,,N,,,,,,,,,,,N,,,,,,,,,,,N,,,,,,,,,,,N,,,,,,,,,,,N,,,
9,B,,,,,,,,,N,,,,,,,,,,,N,,,,,,,,,,,N,,,,,,,,,,,N,,,,,,,,,,,N,,,,,,,,,,,N,,,,,,,,,,,N,,,,,,,,,,,N,,,,,,,,,,,N,,,,,,,,,,,N,,,
9,C,,,,,,,,,N,,,,,,,,,,,N,,,,,,,,,,,N,,,,,,,,,,,N,,,,,,,,,,,N,,,,,,,,,,,N,,,,,,,,,,,N,,,,,,,,,,,N,,,,,,,,,,,N,,,,,,,,,,,N,,,
9,D,,,,,,,,,N,,,,,,,,,,,N,,,,,,,,,,,N,,,,,,,,,,,N,,,,,,,,,,,N,,,,,,,,,,,N,,,,,,,,,,,N,,,,,,,,,,,N,,,,,,,,,,,N,,,,,,,,,,,N,,,
10,1,,,,,,,,,N,,,,,,,,,,,N,,,,,,,,,,,N,,,,,,,,,,,N,,,,,,,,,,,N,,,,,,,,,,,N,,,,,,,,,,,N,,,,,,,,,,,N,,,,,,,,,,,N,,,,,,,,,,,N,,,
10,2,,,,,,,,,N,,,,,,,,,,,N,,,,,,,,,,,N,,,,,,,,,,,N,,,,,,,,,,,N,,,,,,,,,,,N,,,,,,,,,,,N,,,,,,,,,,,N,,,,,,,,,,,N,,,,,,,,,,,N,,,
10,3,,,,,,,,,N,,,,,,,,,,,N,,,,,,,,,,,N,,,,,,,,,,,N,,,,,,,,,,,N,,,,,,,,,,,N,,,,,,,,,,,N,,,,,,,,,,,N,,,,,,,,,,,N,,,,,,,,,,,N,,,
10,4,,,,,,,,,N,,,,,,,,,,,N,,,,,,,,,,,N,,,,,,,,,,,N,,,,,,,,,,,N,,,,,,,,,,,N,,,,,,,,,,,N,,,,,,,,,,,N,,,,,,,,,,,N,,,,,,,,,,,N,,,
10,A,,,,,,,,,N,,,,,,,,,,,N,,,,,,,,,,,N,,,,,,,,,,,N,,,,,,,,,,,N,,,,,,,,,,,N,,,,,,,,,,,N,,,,,,,,,,,N,,,,,,,,,,,N,,,,,,,,,,,N,,,
10,B,,,,,,,,,N,,,,,,,,,,,N,,,,,,,,,,,N,,,,,,,,,,,N,,,,,,,,,,,N,,,,,,,,,,,N,,,,,,,,,,,N,,,,,,,,,,,N,,,,,,,,,,,N,,,,,,,,,,,N,,,
10,C,,,,,,,,,N,,,,,,,,,,,N,,,,,,,,,,,N,,,,,,,,,,,N,,,,,,,,,,,N,,,,,,,,,,,N,,,,,,,,,,,N,,,,,,,,,,,N,,,,,,,,,,,N,,,,,,,,,,,N,,,
10,D,,,,,,,,,N,,,,,,,,,,,N,,,,,,,,,,,N,,,,,,,,,,,N,,,,,,,,,,,N,,,,,,,,,,,N,,,,,,,,,,,N,,,,,,,,,,,N,,,,,,,,,,,N,,,,,,,,,,,N,,,
11,1,,,,,,,,,N,,,,,,,,,,,N,,,,,,,,,,,N,,,,,,,,,,,N,,,,,,,,,,,N,,,,,,,,,,,N,,,,,,,,,,,N,,,,,,,,,,,N,,,,,,,,,,,N,,,,,,,,,,,N,,,
11,2,,,,,,,,,N,,,,,,,,,,,N,,,,,,,,,,,N,,,,,,,,,,,N,,,,,,,,,,,N,,,,,,,,,,,N,,,,,,,,,,,N,,,,,,,,,,,N,,,,,,,,,,,N,,,,,,,,,,,N,,,
11,3,,,,,,,,,N,,,,,,,,,,,N,,,,,,,,,,,N,,,,,,,,,,,N,,,,,,,,,,,N,,,,,,,,,,,N,,,,,,,,,,,N,,,,,,,,,,,N,,,,,,,,,,,N,,,,,,,,,,,N,,,
11,4,,,,,,,,,N,,,,,,,,,,,N,,,,,,,,,,,N,,,,,,,,,,,N,,,,,,,,,,,N,,,,,,,,,,,N,,,,,,,,,,,N,,,,,,,,,,,N,,,,,,,,,,,N,,,,,,,,,,,N,,,
11,A,,,,,,,,,N,,,,,,,,,,,N,,,,,,,,,,,N,,,,,,,,,,,N,,,,,,,,,,,N,,,,,,,,,,,N,,,,,,,,,,,N,,,,,,,,,,,N,,,,,,,,,,,N,,,,,,,,,,,N,,,
11,B,,,,,,,,,N,,,,,,,,,,,N,,,,,,,,,,,N,,,,,,,,,,,N,,,,,,,,,,,N,,,,,,,,,,,N,,,,,,,,,,,N,,,,,,,,,,,N,,,,,,,,,,,N,,,,,,,,,,,N,,,
11,C,,,,,,,,,N,,,,,,,,,,,N,,,,,,,,,,,N,,,,,,,,,,,N,,,,,,,,,,,N,,,,,,,,,,,N,,,,,,,,,,,N,,,,,,,,,,,N,,,,,,,,,,,N,,,,,,,,,,,N,,,
11,D,,,,,,,,,N,,,,,,,,,,,N,,,,,,,,,,,N,,,,,,,,,,,N,,,,,,,,,,,N,,,,,,,,,,,N,,,,,,,,,,,N,,,,,,,,,,,N,,,,,,,,,,,N,,,,,,,,,,,N,,,
12,1,,,,,,,,,N,,,,,,,,,,,N,,,,,,,,,,,N,,,,,,,,,,,N,,,,,,,,,,,N,,,,,,,,,,,N,,,,,,,,,,,N,,,,,,,,,,,N,,,,,,,,,,,N,,,,,,,,,,,N,,,
12,2,,,,,,,,,N,,,,,,,,,,,N,,,,,,,,,,,N,,,,,,,,,,,N,,,,,,,,,,,N,,,,,,,,,,,N,,,,,,,,,,,N,,,,,,,,,,,N,,,,,,,,,,,N,,,,,,,,,,,N,,,
12,3,,,,,,,,,N,,,,,,,,,,,N,,,,,,,,,,,N,,,,,,,,,,,N,,,,,,,,,,,N,,,,,,,,,,,N,,,,,,,,,,,N,,,,,,,,,,,N,,,,,,,,,,,N,,,,,,,,,,,N,,,
12,4,,,,,,,,,N,,,,,,,,,,,N,,,,,,,,,,,N,,,,,,,,,,,N,,,,,,,,,,,N,,,,,,,,,,,N,,,,,,,,,,,N,,,,,,,,,,,N,,,,,,,,,,,N,,,,,,,,,,,N,,,
12,A,,,,,,,,,N,,,,,,,,,,,N,,,,,,,,,,,N,,,,,,,,,,,N,,,,,,,,,,,N,,,,,,,,,,,N,,,,,,,,,,,N,,,,,,,,,,,N,,,,,,,,,,,N,,,,,,,,,,,N,,,
12,B,,,,,,,,,N,,,,,,,,,,,N,,,,,,,,,,,N,,,,,,,,,,,N,,,,,,,,,,,N,,,,,,,,,,,N,,,,,,,,,,,N,,,,,,,,,,,N,,,,,,,,,,,N,,,,,,,,,,,N,,,
12,C,,,,,,,,,N,,,,,,,,,,,N,,,,,,,,,,,N,,,,,,,,,,,N,,,,,,,,,,,N,,,,,,,,,,,N,,,,,,,,,,,N,,,,,,,,,,,N,,,,,,,,,,,N,,,,,,,,,,,N,,,
12,D,,,,,,,,,N,,,,,,,,,,,N,,,,,,,,,,,N,,,,,,,,,,,N,,,,,,,,,,,N,,,,,,,,,,,N,,,,,,,,,,,N,,,,,,,,,,,N,,,,,,,,,,,N,,,,,,,,,,,N,,,
13,1,,,,,,,,,N,,,,,,,,,,,N,,,,,,,,,,,N,,,,,,,,,,,N,,,,,,,,,,,N,,,,,,,,,,,N,,,,,,,,,,,N,,,,,,,,,,,N,,,,,,,,,,,N,,,,,,,,,,,N,,,
13,2,,,,,,,,,N,,,,,,,,,,,N,,,,,,,,,,,N,,,,,,,,,,,N,,,,,,,,,,,N,,,,,,,,,,,N,,,,,,,,,,,N,,,,,,,,,,,N,,,,,,,,,,,N,,,,,,,,,,,N,,,
13,3,,,,,,,,,N,,,,,,,,,,,N,,,,,,,,,,,N,,,,,,,,,,,N,,,,,,,,,,,N,,,,,,,,,,,N,,,,,,,,,,,N,,,,,,,,,,,N,,,,,,,,,,,N,,,,,,,,,,,N,,,
13,4,,,,,,,,,N,,,,,,,,,,,N,,,,,,,,,,,N,,,,,,,,,,,N,,,,,,,,,,,N,,,,,,,,,,,N,,,,,,,,,,,N,,,,,,,,,,,N,,,,,,,,,,,N,,,,,,,,,,,N,,,
13,A,,,,,,,,,N,,,,,,,,,,,N,,,,,,,,,,,N,,,,,,,,,,,N,,,,,,,,,,,N,,,,,,,,,,,N,,,,,,,,,,,N,,,,,,,,,,,N,,,,,,,,,,,N,,,,,,,,,,,N,,,
13,B,,,,,,,,,N,,,,,,,,,,,N,,,,,,,,,,,N,,,,,,,,,,,N,,,,,,,,,,,N,,,,,,,,,,,N,,,,,,,,,,,N,,,,,,,,,,,N,,,,,,,,,,,N,,,,,,,,,,,N,,,
13,C,,,,,,,,,N,,,,,,,,,,,N,,,,,,,,,,,N,,,,,,,,,,,N,,,,,,,,,,,N,,,,,,,,,,,N,,,,,,,,,,,N,,,,,,,,,,,N,,,,,,,,,,,N,,,,,,,,,,,N,,,
13,D,,,,,,,,,N,,,,,,,,,,,N,,,,,,,,,,,N,,,,,,,,,,,N,,,,,,,,,,,N,,,,,,,,,,,N,,,,,,,,,,,N,,,,,,,,,,,N,,,,,,,,,,,N,,,,,,,,,,,N,,,
14,1,,,,,,,,,N,,,,,,,,,,,N,,,,,,,,,,,N,,,,,,,,,,,N,,,,,,,,,,,N,,,,,,,,,,,N,,,,,,,,,,,N,,,,,,,,,,,N,,,,,,,,,,,N,,,,,,,,,,,N,,,
14,2,,,,,,,,,N,,,,,,,,,,,N,,,,,,,,,,,N,,,,,,,,,,,N,,,,,,,,,,,N,,,,,,,,,,,N,,,,,,,,,,,N,,,,,,,,,,,N,,,,,,,,,,,N,,,,,,,,,,,N,,,
14,3,,,,,,,,,N,,,,,,,,,,,N,,,,,,,,,,,N,,,,,,,,,,,N,,,,,,,,,,,N,,,,,,,,,,,N,,,,,,,,,,,N,,,,,,,,,,,N,,,,,,,,,,,N,,,,,,,,,,,N,,,
14,4,,,,,,,,,N,,,,,,,,,,,N,,,,,,,,,,,N,,,,,,,,,,,N,,,,,,,,,,,N,,,,,,,,,,,N,,,,,,,,,,,N,,,,,,,,,,,N,,,,,,,,,,,N,,,,,,,,,,,N,,,
14,A,,,,,,,,,N,,,,,,,,,,,N,,,,,,,,,,,N,,,,,,,,,,,N,,,,,,,,,,,N,,,,,,,,,,,N,,,,,,,,,,,N,,,,,,,,,,,N,,,,,,,,,,,N,,,,,,,,,,,N,,,
14,B,,,,,,,,,N,,,,,,,,,,,N,,,,,,,,,,,N,,,,,,,,,,,N,,,,,,,,,,,N,,,,,,,,,,,N,,,,,,,,,,,N,,,,,,,,,,,N,,,,,,,,,,,N,,,,,,,,,,,N,,,
14,C,,,,,,,,,N,,,,,,,,,,,N,,,,,,,,,,,N,,,,,,,,,,,N,,,,,,,,,,,N,,,,,,,,,,,N,,,,,,,,,,,N,,,,,,,,,,,N,,,,,,,,,,,N,,,,,,,,,,,N,,,
14,D,,,,,,,,,N,,,,,,,,,,,N,,,,,,,,,,,N,,,,,,,,,,,N,,,,,,,,,,,N,,,,,,,,,,,N,,,,,,,,,,,N,,,,,,,,,,,N,,,,,,,,,,,N,,,,,,,,,,,N,,,
15,1,,,,,,,,,N,,,,,,,,,,,N,,,,,,,,,,,N,,,,,,,,,,,N,,,,,,,,,,,N,,,,,,,,,,,N,,,,,,,,,,,N,,,,,,,,,,,N,,,,,,,,,,,N,,,,,,,,,,,N,,,
15,2,,,,,,,,,N,,,,,,,,,,,N,,,,,,,,,,,N,,,,,,,,,,,N,,,,,,,,,,,N,,,,,,,,,,,N,,,,,,,,,,,N,,,,,,,,,,,N,,,,,,,,,,,N,,,,,,,,,,,N,,,
15,3,,,,,,,,,N,,,,,,,,,,,N,,,,,,,,,,,N,,,,,,,,,,,N,,,,,,,,,,,N,,,,,,,,,,,N,,,,,,,,,,,N,,,,,,,,,,,N,,,,,,,,,,,N,,,,,,,,,,,N,,,
15,4,,,,,,,,,N,,,,,,,,,,,N,,,,,,,,,,,N,,,,,,,,,,,N,,,,,,,,,,,N,,,,,,,,,,,N,,,,,,,,,,,N,,,,,,,,,,,N,,,,,,,,,,,N,,,,,,,,,,,N,,,
15,A,,,,,,,,,N,,,,,,,,,,,N,,,,,,,,,,,N,,,,,,,,,,,N,,,,,,,,,,,N,,,,,,,,,,,N,,,,,,,,,,,N,,,,,,,,,,,N,,,,,,,,,,,N,,,,,,,,,,,N,,,
15,B,,,,,,,,,N,,,,,,,,,,,N,,,,,,,,,,,N,,,,,,,,,,,N,,,,,,,,,,,N,,,,,,,,,,,N,,,,,,,,,,,N,,,,,,,,,,,N,,,,,,,,,,,N,,,,,,,,,,,N,,,
15,C,,,,,,,,,N,,,,,,,,,,,N,,,,,,,,,,,N,,,,,,,,,,,N,,,,,,,,,,,N,,,,,,,,,,,N,,,,,,,,,,,N,,,,,,,,,,,N,,,,,,,,,,,N,,,,,,,,,,,N,,,
15,D,,,,,,,,,N,,,,,,,,,,,N,,,,,,,,,,,N,,,,,,,,,,,N,,,,,,,,,,,N,,,,,,,,,,,N,,,,,,,,,,,N,,,,,,,,,,,N,,,,,,,,,,,N,,,,,,,,,,,N,,,
16,1,,,,,,,,,N,,,,,,,,,,,N,,,,,,,,,,,N,,,,,,,,,,,N,,,,,,,,,,,N,,,,,,,,,,,N,,,,,,,,,,,N,,,,,,,,,,,N,,,,,,,,,,,N,,,,,,,,,,,N,,,
16,2,,,,,,,,,N,,,,,,,,,,,N,,,,,,,,,,,N,,,,,,,,,,,N,,,,,,,,,,,N,,,,,,,,,,,N,,,,,,,,,,,N,,,,,,,,,,,N,,,,,,,,,,,N,,,,,,,,,,,N,,,
16,3,,,,,,,,,N,,,,,,,,,,,N,,,,,,,,,,,N,,,,,,,,,,,N,,,,,,,,,,,N,,,,,,,,,,,N,,,,,,,,,,,N,,,,,,,,,,,N,,,,,,,,,,,N,,,,,,,,,,,N,,,
16,4,,,,,,,,,N,,,,,,,,,,,N,,,,,,,,,,,N,,,,,,,,,,,N,,,,,,,,,,,N,,,,,,,,,,,N,,,,,,,,,,,N,,,,,,,,,,,N,,,,,,,,,,,N,,,,,,,,,,,N,,,
16,A,,,,,,,,,N,,,,,,,,,,,N,,,,,,,,,,,N,,,,,,,,,,,N,,,,,,,,,,,N,,,,,,,,,,,N,,,,,,,,,,,N,,,,,,,,,,,N,,,,,,,,,,,N,,,,,,,,,,,N,,,
16,B,,,,,,,,,N,,,,,,,,,,,N,,,,,,,,,,,N,,,,,,,,,,,N,,,,,,,,,,,N,,,,,,,,,,,N,,,,,,,,,,,N,,,,,,,,,,,N,,,,,,,,,,,N,,,,,,,,,,,N,,,
16,C,,,,,,,,,N,,,,,,,,,,,N,,,,,,,,,,,N,,,,,,,,,,,N,,,,,,,,,,,N,,,,,,,,,,,N,,,,,,,,,,,N,,,,,,,,,,,N,,,,,,,,,,,N,,,,,,,,,,,N,,,
16,D,,,,,,,,,N,,,,,,,,,,,N,,,,,,,,,,,N,,,,,,,,,,,N,,,,,,,,,,,N,,,,,,,,,,,N,,,,,,,,,,,N,,,,,,,,,,,N,,,,,,,,,,,N,,,,,,,,,,,N,,,
17,1,,,,,,,,,N,,,,,,,,,,,N,,,,,,,,,,,N,,,,,,,,,,,N,,,,,,,,,,,N,,,,,,,,,,,N,,,,,,,,,,,N,,,,,,,,,,,N,,,,,,,,,,,N,,,,,,,,,,,N,,,
17,2,,,,,,,,,N,,,,,,,,,,,N,,,,,,,,,,,N,,,,,,,,,,,N,,,,,,,,,,,N,,,,,,,,,,,N,,,,,,,,,,,N,,,,,,,,,,,N,,,,,,,,,,,N,,,,,,,,,,,N,,,
17,3,,,,,,,,,N,,,,,,,,,,,N,,,,,,,,,,,N,,,,,,,,,,,N,,,,,,,,,,,N,,,,,,,,,,,N,,,,,,,,,,,N,,,,,,,,,,,N,,,,,,,,,,,N,,,,,,,,,,,N,,,
17,4,,,,,,,,,N,,,,,,,,,,,N,,,,,,,,,,,N,,,,,,,,,,,N,,,,,,,,,,,N,,,,,,,,,,,N,,,,,,,,,,,N,,,,,,,,,,,N,,,,,,,,,,,N,,,,,,,,,,,N,,,
17,A,,,,,,,,,N,,,,,,,,,,,N,,,,,,,,,,,N,,,,,,,,,,,N,,,,,,,,,,,N,,,,,,,,,,,N,,,,,,,,,,,N,,,,,,,,,,,N,,,,,,,,,,,N,,,,,,,,,,,N,,,
17,B,,,,,,,,,N,,,,,,,,,,,N,,,,,,,,,,,N,,,,,,,,,,,N,,,,,,,,,,,N,,,,,,,,,,,N,,,,,,,,,,,N,,,,,,,,,,,N,,,,,,,,,,,N,,,,,,,,,,,N,,,
17,C,,,,,,,,,N,,,,,,,,,,,N,,,,,,,,,,,N,,,,,,,,,,,N,,,,,,,,,,,N,,,,,,,,,,,N,,,,,,,,,,,N,,,,,,,,,,,N,,,,,,,,,,,N,,,,,,,,,,,N,,,
17,D,,,,,,,,,N,,,,,,,,,,,N,,,,,,,,,,,N,,,,,,,,,,,N,,,,,,,,,,,N,,,,,,,,,,,N,,,,,,,,,,,N,,,,,,,,,,,N,,,,,,,,,,,N,,,,,,,,,,,N,,,
18,1,,,,,,,,,N,,,,,,,,,,,N,,,,,,,,,,,N,,,,,,,,,,,N,,,,,,,,,,,N,,,,,,,,,,,N,,,,,,,,,,,N,,,,,,,,,,,N,,,,,,,,,,,N,,,,,,,,,,,N,,,
18,2,,,,,,,,,N,,,,,,,,,,,N,,,,,,,,,,,N,,,,,,,,,,,N,,,,,,,,,,,N,,,,,,,,,,,N,,,,,,,,,,,N,,,,,,,,,,,N,,,,,,,,,,,N,,,,,,,,,,,N,,,
18,3,,,,,,,,,N,,,,,,,,,,,N,,,,,,,,,,,N,,,,,,,,,,,N,,,,,,,,,,,N,,,,,,,,,,,N,,,,,,,,,,,N,,,,,,,,,,,N,,,,,,,,,,,N,,,,,,,,,,,N,,,
18,4,,,,,,,,,N,,,,,,,,,,,N,,,,,,,,,,,N,,,,,,,,,,,N,,,,,,,,,,,N,,,,,,,,,,,N,,,,,,,,,,,N,,,,,,,,,,,N,,,,,,,,,,,N,,,,,,,,,,,N,,,
18,A,,,,,,,,,N,,,,,,,,,,,N,,,,,,,,,,,N,,,,,,,,,,,N,,,,,,,,,,,N,,,,,,,,,,,N,,,,,,,,,,,N,,,,,,,,,,,N,,,,,,,,,,,N,,,,,,,,,,,N,,,
18,B,,,,,,,,,N,,,,,,,,,,,N,,,,,,,,,,,N,,,,,,,,,,,N,,,,,,,,,,,N,,,,,,,,,,,N,,,,,,,,,,,N,,,,,,,,,,,N,,,,,,,,,,,N,,,,,,,,,,,N,,,
18,C,,,,,,,,,N,,,,,,,,,,,N,,,,,,,,,,,N,,,,,,,,,,,N,,,,,,,,,,,N,,,,,,,,,,,N,,,,,,,,,,,N,,,,,,,,,,,N,,,,,,,,,,,N,,,,,,,,,,,N,,,
18,D,,,,,,,,,N,,,,,,,,,,,N,,,,,,,,,,,N,,,,,,,,,,,N,,,,,,,,,,,N,,,,,,,,,,,N,,,,,,,,,,,N,,,,,,,,,,,N,,,,,,,,,,,N,,,,,,,,,,,N,,,
19,1,,,,,,,,,N,,,,,,,,,,,N,,,,,,,,,,,N,,,,,,,,,,,N,,,,,,,,,,,N,,,,,,,,,,,N,,,,,,,,,,,N,,,,,,,,,,,N,,,,,,,,,,,N,,,,,,,,,,,N,,,
19,2,,,,,,,,,N,,,,,,,,,,,N,,,,,,,,,,,N,,,,,,,,,,,N,,,,,,,,,,,N,,,,,,,,,,,N,,,,,,,,,,,N,,,,,,,,,,,N,,,,,,,,,,,N,,,,,,,,,,,N,,,
19,3,,,,,,,,,N,,,,,,,,,,,N,,,,,,,,,,,N,,,,,,,,,,,N,,,,,,,,,,,N,,,,,,,,,,,N,,,,,,,,,,,N,,,,,,,,,,,N,,,,,,,,,,,N,,,,,,,,,,,N,,,
19,4,,,,,,,,,N,,,,,,,,,,,N,,,,,,,,,,,N,,,,,,,,,,,N,,,,,,,,,,,N,,,,,,,,,,,N,,,,,,,,,,,N,,,,,,,,,,,N,,,,,,,,,,,N,,,,,,,,,,,N,,,
19,A,,,,,,,,,N,,,,,,,,,,,N,,,,,,,,,,,N,,,,,,,,,,,N,,,,,,,,,,,N,,,,,,,,,,,N,,,,,,,,,,,N,,,,,,,,,,,N,,,,,,,,,,,N,,,,,,,,,,,N,,,
19,B,,,,,,,,,N,,,,,,,,,,,N,,,,,,,,,,,N,,,,,,,,,,,N,,,,,,,,,,,N,,,,,,,,,,,N,,,,,,,,,,,N,,,,,,,,,,,N,,,,,,,,,,,N,,,,,,,,,,,N,,,
19,C,,,,,,,,,N,,,,,,,,,,,N,,,,,,,,,,,N,,,,,,,,,,,N,,,,,,,,,,,N,,,,,,,,,,,N,,,,,,,,,,,N,,,,,,,,,,,N,,,,,,,,,,,N,,,,,,,,,,,N,,,
19,D,,,,,,,,,N,,,,,,,,,,,N,,,,,,,,,,,N,,,,,,,,,,,N,,,,,,,,,,,N,,,,,,,,,,,N,,,,,,,,,,,N,,,,,,,,,,,N,,,,,,,,,,,N,,,,,,,,,,,N,,,
20,1,,,,,,,,,N,,,,,,,,,,,N,,,,,,,,,,,N,,,,,,,,,,,N,,,,,,,,,,,N,,,,,,,,,,,N,,,,,,,,,,,N,,,,,,,,,,,N,,,,,,,,,,,N,,,,,,,,,,,N,,,
20,2,,,,,,,,,N,,,,,,,,,,,N,,,,,,,,,,,N,,,,,,,,,,,N,,,,,,,,,,,N,,,,,,,,,,,N,,,,,,,,,,,N,,,,,,,,,,,N,,,,,,,,,,,N,,,,,,,,,,,N,,,
20,3,,,,,,,,,N,,,,,,,,,,,N,,,,,,,,,,,N,,,,,,,,,,,N,,,,,,,,,,,N,,,,,,,,,,,N,,,,,,,,,,,N,,,,,,,,,,,N,,,,,,,,,,,N,,,,,,,,,,,N,,,
20,4,,,,,,,,,N,,,,,,,,,,,N,,,,,,,,,,,N,,,,,,,,,,,N,,,,,,,,,,,N,,,,,,,,,,,N,,,,,,,,,,,N,,,,,,,,,,,N,,,,,,,,,,,N,,,,,,,,,,,N,,,
20,A,,,,,,,,,N,,,,,,,,,,,N,,,,,,,,,,,N,,,,,,,,,,,N,,,,,,,,,,,N,,,,,,,,,,,N,,,,,,,,,,,N,,,,,,,,,,,N,,,,,,,,,,,N,,,,,,,,,,,N,,,
20,B,,,,,,,,,N,,,,,,,,,,,N,,,,,,,,,,,N,,,,,,,,,,,N,,,,,,,,,,,N,,,,,,,,,,,N,,,,,,,,,,,N,,,,,,,,,,,N,,,,,,,,,,,N,,,,,,,,,,,N,,,
20,C,,,,,,,,,N,,,,,,,,,,,N,,,,,,,,,,,N,,,,,,,,,,,N,,,,,,,,,,,N,,,,,,,,,,,N,,,,,,,,,,,N,,,,,,,,,,,N,,,,,,,,,,,N,,,,,,,,,,,N,,,
20,D,,,,,,,,,N,,,,,,,,,,,N,,,,,,,,,,,N,,,,,,,,,,,N,,,,,,,,,,,N,,,,,,,,,,,N,,,,,,,,,,,N,,,,,,,,,,,N,,,,,,,,,,,N,,,,,,,,,,,N,,,
21,1,,,,,,,,,N,,,,,,,,,,,N,,,,,,,,,,,N,,,,,,,,,,,N,,,,,,,,,,,N,,,,,,,,,,,N,,,,,,,,,,,N,,,,,,,,,,,N,,,,,,,,,,,N,,,,,,,,,,,N,,,
21,2,,,,,,,,,N,,,,,,,,,,,N,,,,,,,,,,,N,,,,,,,,,,,N,,,,,,,,,,,N,,,,,,,,,,,N,,,,,,,,,,,N,,,,,,,,,,,N,,,,,,,,,,,N,,,,,,,,,,,N,,,
21,3,,,,,,,,,N,,,,,,,,,,,N,,,,,,,,,,,N,,,,,,,,,,,N,,,,,,,,,,,N,,,,,,,,,,,N,,,,,,,,,,,N,,,,,,,,,,,N,,,,,,,,,,,N,,,,,,,,,,,N,,,
21,4,,,,,,,,,N,,,,,,,,,,,N,,,,,,,,,,,N,,,,,,,,,,,N,,,,,,,,,,,N,,,,,,,,,,,N,,,,,,,,,,,N,,,,,,,,,,,N,,,,,,,,,,,N,,,,,,,,,,,N,,,
21,A,,,,,,,,,N,,,,,,,,,,,N,,,,,,,,,,,N,,,,,,,,,,,N,,,,,,,,,,,N,,,,,,,,,,,N,,,,,,,,,,,N,,,,,,,,,,,N,,,,,,,,,,,N,,,,,,,,,,,N,,,
21,B,,,,,,,,,N,,,,,,,,,,,N,,,,,,,,,,,N,,,,,,,,,,,N,,,,,,,,,,,N,,,,,,,,,,,N,,,,,,,,,,,N,,,,,,,,,,,N,,,,,,,,,,,N,,,,,,,,,,,N,,,
21,C,,,,,,,,,N,,,,,,,,,,,N,,,,,,,,,,,N,,,,,,,,,,,N,,,,,,,,,,,N,,,,,,,,,,,N,,,,,,,,,,,N,,,,,,,,,,,N,,,,,,,,,,,N,,,,,,,,,,,N,,,
21,D,,,,,,,,,N,,,,,,,,,,,N,,,,,,,,,,,N,,,,,,,,,,,N,,,,,,,,,,,N,,,,,,,,,,,N,,,,,,,,,,,N,,,,,,,,,,,N,,,,,,,,,,,N,,,,,,,,,,,N,,,
22,1,,,,,,,,,N,,,,,,,,,,,N,,,,,,,,,,,N,,,,,,,,,,,N,,,,,,,,,,,N,,,,,,,,,,,N,,,,,,,,,,,N,,,,,,,,,,,N,,,,,,,,,,,N,,,,,,,,,,,N,,,
22,2,,,,,,,,,N,,,,,,,,,,,N,,,,,,,,,,,N,,,,,,,,,,,N,,,,,,,,,,,N,,,,,,,,,,,N,,,,,,,,,,,N,,,,,,,,,,,N,,,,,,,,,,,N,,,,,,,,,,,N,,,
22,3,,,,,,,,,N,,,,,,,,,,,N,,,,,,,,,,,N,,,,,,,,,,,N,,,,,,,,,,,N,,,,,,,,,,,N,,,,,,,,,,,N,,,,,,,,,,,N,,,,,,,,,,,N,,,,,,,,,,,N,,,
22,4,,,,,,,,,N,,,,,,,,,,,N,,,,,,,,,,,N,,,,,,,,,,,N,,,,,,,,,,,N,,,,,,,,,,,N,,,,,,,,,,,N,,,,,,,,,,,N,,,,,,,,,,,N,,,,,,,,,,,N,,,
22,A,,,,,,,,,N,,,,,,,,,,,N,,,,,,,,,,,N,,,,,,,,,,,N,,,,,,,,,,,N,,,,,,,,,,,N,,,,,,,,,,,N,,,,,,,,,,,N,,,,,,,,,,,N,,,,,,,,,,,N,,,
22,B,,,,,,,,,N,,,,,,,,,,,N,,,,,,,,,,,N,,,,,,,,,,,N,,,,,,,,,,,N,,,,,,,,,,,N,,,,,,,,,,,N,,,,,,,,,,,N,,,,,,,,,,,N,,,,,,,,,,,N,,,
22,C,,,,,,,,,N,,,,,,,,,,,N,,,,,,,,,,,N,,,,,,,,,,,N,,,,,,,,,,,N,,,,,,,,,,,N,,,,,,,,,,,N,,,,,,,,,,,N,,,,,,,,,,,N,,,,,,,,,,,N,,,
22,D,,,,,,,,,N,,,,,,,,,,,N,,,,,,,,,,,N,,,,,,,,,,,N,,,,,,,,,,,N,,,,,,,,,,,N,,,,,,,,,,,N,,,,,,,,,,,N,,,,,,,,,,,N,,,,,,,,,,,N,,,
23,1,,,,,,,,,N,,,,,,,,,,,N,,,,,,,,,,,N,,,,,,,,,,,N,,,,,,,,,,,N,,,,,,,,,,,N,,,,,,,,,,,N,,,,,,,,,,,N,,,,,,,,,,,N,,,,,,,,,,,N,,,
23,2,,,,,,,,,N,,,,,,,,,,,N,,,,,,,,,,,N,,,,,,,,,,,N,,,,,,,,,,,N,,,,,,,,,,,N,,,,,,,,,,,N,,,,,,,,,,,N,,,,,,,,,,,N,,,,,,,,,,,N,,,
23,3,,,,,,,,,N,,,,,,,,,,,N,,,,,,,,,,,N,,,,,,,,,,,N,,,,,,,,,,,N,,,,,,,,,,,N,,,,,,,,,,,N,,,,,,,,,,,N,,,,,,,,,,,N,,,,,,,,,,,N,,,
23,4,,,,,,,,,N,,,,,,,,,,,N,,,,,,,,,,,N,,,,,,,,,,,N,,,,,,,,,,,N,,,,,,,,,,,N,,,,,,,,,,,N,,,,,,,,,,,N,,,,,,,,,,,N,,,,,,,,,,,N,,,
23,A,,,,,,,,,N,,,,,,,,,,,N,,,,,,,,,,,N,,,,,,,,,,,N,,,,,,,,,,,N,,,,,,,,,,,N,,,,,,,,,,,N,,,,,,,,,,,N,,,,,,,,,,,N,,,,,,,,,,,N,,,
23,B,,,,,,,,,N,,,,,,,,,,,N,,,,,,,,,,,N,,,,,,,,,,,N,,,,,,,,,,,N,,,,,,,,,,,N,,,,,,,,,,,N,,,,,,,,,,,N,,,,,,,,,,,N,,,,,,,,,,,N,,,
23,C,,,,,,,,,N,,,,,,,,,,,N,,,,,,,,,,,N,,,,,,,,,,,N,,,,,,,,,,,N,,,,,,,,,,,N,,,,,,,,,,,N,,,,,,,,,,,N,,,,,,,,,,,N,,,,,,,,,,,N,,,
23,D,,,,,,,,,N,,,,,,,,,,,N,,,,,,,,,,,N,,,,,,,,,,,N,,,,,,,,,,,N,,,,,,,,,,,N,,,,,,,,,,,N,,,,,,,,,,,N,,,,,,,,,,,N,,,,,,,,,,,N,,,
24,1,,,,,,,,,N,,,,,,,,,,,N,,,,,,,,,,,N,,,,,,,,,,,N,,,,,,,,,,,N,,,,,,,,,,,N,,,,,,,,,,,N,,,,,,,,,,,N,,,,,,,,,,,N,,,,,,,,,,,N,,,
24,2,,,,,,,,,N,,,,,,,,,,,N,,,,,,,,,,,N,,,,,,,,,,,N,,,,,,,,,,,N,,,,,,,,,,,N,,,,,,,,,,,N,,,,,,,,,,,N,,,,,,,,,,,N,,,,,,,,,,,N,,,
24,3,,,,,,,,,N,,,,,,,,,,,N,,,,,,,,,,,N,,,,,,,,,,,N,,,,,,,,,,,N,,,,,,,,,,,N,,,,,,,,,,,N,,,,,,,,,,,N,,,,,,,,,,,N,,,,,,,,,,,N,,,
24,4,,,,,,,,,N,,,,,,,,,,,N,,,,,,,,,,,N,,,,,,,,,,,N,,,,,,,,,,,N,,,,,,,,,,,N,,,,,,,,,,,N,,,,,,,,,,,N,,,,,,,,,,,N,,,,,,,,,,,N,,,
24,A,,,,,,,,,N,,,,,,,,,,,N,,,,,,,,,,,N,,,,,,,,,,,N,,,,,,,,,,,N,,,,,,,,,,,N,,,,,,,,,,,N,,,,,,,,,,,N,,,,,,,,,,,N,,,,,,,,,,,N,,,
24,B,,,,,,,,,N,,,,,,,,,,,N,,,,,,,,,,,N,,,,,,,,,,,N,,,,,,,,,,,N,,,,,,,,,,,N,,,,,,,,,,,N,,,,,,,,,,,N,,,,,,,,,,,N,,,,,,,,,,,N,,,
24,C,,,,,,,,,N,,,,,,,,,,,N,,,,,,,,,,,N,,,,,,,,,,,N,,,,,,,,,,,N,,,,,,,,,,,N,,,,,,,,,,,N,,,,,,,,,,,N,,,,,,,,,,,N,,,,,,,,,,,N,,,
24,D,,,,,,,,,N,,,,,,,,,,,N,,,,,,,,,,,N,,,,,,,,,,,N,,,,,,,,,,,N,,,,,,,,,,,N,,,,,,,,,,,N,,,,,,,,,,,N,,,,,,,,,,,N,,,,,,,,,,,N,,,
25,1,,,,,,,,,N,,,,,,,,,,,N,,,,,,,,,,,N,,,,,,,,,,,N,,,,,,,,,,,N,,,,,,,,,,,N,,,,,,,,,,,N,,,,,,,,,,,N,,,,,,,,,,,N,,,,,,,,,,,N,,,
25,2,,,,,,,,,N,,,,,,,,,,,N,,,,,,,,,,,N,,,,,,,,,,,N,,,,,,,,,,,N,,,,,,,,,,,N,,,,,,,,,,,N,,,,,,,,,,,N,,,,,,,,,,,N,,,,,,,,,,,N,,,
25,3,,,,,,,,,N,,,,,,,,,,,N,,,,,,,,,,,N,,,,,,,,,,,N,,,,,,,,,,,N,,,,,,,,,,,N,,,,,,,,,,,N,,,,,,,,,,,N,,,,,,,,,,,N,,,,,,,,,,,N,,,
25,4,,,,,,,,,N,,,,,,,,,,,N,,,,,,,,,,,N,,,,,,,,,,,N,,,,,,,,,,,N,,,,,,,,,,,N,,,,,,,,,,,N,,,,,,,,,,,N,,,,,,,,,,,N,,,,,,,,,,,N,,,
25,A,,,,,,,,,N,,,,,,,,,,,N,,,,,,,,,,,N,,,,,,,,,,,N,,,,,,,,,,,N,,,,,,,,,,,N,,,,,,,,,,,N,,,,,,,,,,,N,,,,,,,,,,,N,,,,,,,,,,,N,,,
25,B,,,,,,,,,N,,,,,,,,,,,N,,,,,,,,,,,N,,,,,,,,,,,N,,,,,,,,,,,N,,,,,,,,,,,N,,,,,,,,,,,N,,,,,,,,,,,N,,,,,,,,,,,N,,,,,,,,,,,N,,,
25,C,,,,,,,,,N,,,,,,,,,,,N,,,,,,,,,,,N,,,,,,,,,,,N,,,,,,,,,,,N,,,,,,,,,,,N,,,,,,,,,,,N,,,,,,,,,,,N,,,,,,,,,,,N,,,,,,,,,,,N,,,
25,D,,,,,,,,,N,,,,,,,,,,,N,,,,,,,,,,,N,,,,,,,,,,,N,,,,,,,,,,,N,,,,,,,,,,,N,,,,,,,,,,,N,,,,,,,,,,,N,,,,,,,,,,,N,,,,,,,,,,,N,,,
26,1,,,,,,,,,N,,,,,,,,,,,N,,,,,,,,,,,N,,,,,,,,,,,N,,,,,,,,,,,N,,,,,,,,,,,N,,,,,,,,,,,N,,,,,,,,,,,N,,,,,,,,,,,N,,,,,,,,,,,N,,,
26,2,,,,,,,,,N,,,,,,,,,,,N,,,,,,,,,,,N,,,,,,,,,,,N,,,,,,,,,,,N,,,,,,,,,,,N,,,,,,,,,,,N,,,,,,,,,,,N,,,,,,,,,,,N,,,,,,,,,,,N,,,
26,3,,,,,,,,,N,,,,,,,,,,,N,,,,,,,,,,,N,,,,,,,,,,,N,,,,,,,,,,,N,,,,,,,,,,,N,,,,,,,,,,,N,,,,,,,,,,,N,,,,,,,,,,,N,,,,,,,,,,,N,,,
26,4,,,,,,,,,N,,,,,,,,,,,N,,,,,,,,,,,N,,,,,,,,,,,N,,,,,,,,,,,N,,,,,,,,,,,N,,,,,,,,,,,N,,,,,,,,,,,N,,,,,,,,,,,N,,,,,,,,,,,N,,,
26,A,,,,,,,,,N,,,,,,,,,,,N,,,,,,,,,,,N,,,,,,,,,,,N,,,,,,,,,,,N,,,,,,,,,,,N,,,,,,,,,,,N,,,,,,,,,,,N,,,,,,,,,,,N,,,,,,,,,,,N,,,
26,B,,,,,,,,,N,,,,,,,,,,,N,,,,,,,,,,,N,,,,,,,,,,,N,,,,,,,,,,,N,,,,,,,,,,,N,,,,,,,,,,,N,,,,,,,,,,,N,,,,,,,,,,,N,,,,,,,,,,,N,,,
26,C,,,,,,,,,N,,,,,,,,,,,N,,,,,,,,,,,N,,,,,,,,,,,N,,,,,,,,,,,N,,,,,,,,,,,N,,,,,,,,,,,N,,,,,,,,,,,N,,,,,,,,,,,N,,,,,,,,,,,N,,,
26,D,,,,,,,,,N,,,,,,,,,,,N,,,,,,,,,,,N,,,,,,,,,,,N,,,,,,,,,,,N,,,,,,,,,,,N,,,,,,,,,,,N,,,,,,,,,,,N,,,,,,,,,,,N,,,,,,,,,,,N,,,
27,1,,,,,,,,,N,,,,,,,,,,,N,,,,,,,,,,,N,,,,,,,,,,,N,,,,,,,,,,,N,,,,,,,,,,,N,,,,,,,,,,,N,,,,,,,,,,,N,,,,,,,,,,,N,,,,,,,,,,,N,,,
27,2,,,,,,,,,N,,,,,,,,,,,N,,,,,,,,,,,N,,,,,,,,,,,N,,,,,,,,,,,N,,,,,,,,,,,N,,,,,,,,,,,N,,,,,,,,,,,N,,,,,,,,,,,N,,,,,,,,,,,N,,,
27,3,,,,,,,,,N,,,,,,,,,,,N,,,,,,,,,,,N,,,,,,,,,,,N,,,,,,,,,,,N,,,,,,,,,,,N,,,,,,,,,,,N,,,,,,,,,,,N,,,,,,,,,,,N,,,,,,,,,,,N,,,
27,4,,,,,,,,,N,,,,,,,,,,,N,,,,,,,,,,,N,,,,,,,,,,,N,,,,,,,,,,,N,,,,,,,,,,,N,,,,,,,,,,,N,,,,,,,,,,,N,,,,,,,,,,,N,,,,,,,,,,,N,,,
27,A,,,,,,,,,N,,,,,,,,,,,N,,,,,,,,,,,N,,,,,,,,,,,N,,,,,,,,,,,N,,,,,,,,,,,N,,,,,,,,,,,N,,,,,,,,,,,N,,,,,,,,,,,N,,,,,,,,,,,N,,,
27,B,,,,,,,,,N,,,,,,,,,,,N,,,,,,,,,,,N,,,,,,,,,,,N,,,,,,,,,,,N,,,,,,,,,,,N,,,,,,,,,,,N,,,,,,,,,,,N,,,,,,,,,,,N,,,,,,,,,,,N,,,
27,C,,,,,,,,,N,,,,,,,,,,,N,,,,,,,,,,,N,,,,,,,,,,,N,,,,,,,,,,,N,,,,,,,,,,,N,,,,,,,,,,,N,,,,,,,,,,,N,,,,,,,,,,,N,,,,,,,,,,,N,,,
27,D,,,,,,,,,N,,,,,,,,,,,N,,,,,,,,,,,N,,,,,,,,,,,N,,,,,,,,,,,N,,,,,,,,,,,N,,,,,,,,,,,N,,,,,,,,,,,N,,,,,,,,,,,N,,,,,,,,,,,N,,,
28,1,,,,,,,,,N,,,,,,,,,,,N,,,,,,,,,,,N,,,,,,,,,,,N,,,,,,,,,,,N,,,,,,,,,,,N,,,,,,,,,,,N,,,,,,,,,,,N,,,,,,,,,,,N,,,,,,,,,,,N,,,
28,2,,,,,,,,,N,,,,,,,,,,,N,,,,,,,,,,,N,,,,,,,,,,,N,,,,,,,,,,,N,,,,,,,,,,,N,,,,,,,,,,,N,,,,,,,,,,,N,,,,,,,,,,,N,,,,,,,,,,,N,,,
28,3,,,,,,,,,N,,,,,,,,,,,N,,,,,,,,,,,N,,,,,,,,,,,N,,,,,,,,,,,N,,,,,,,,,,,N,,,,,,,,,,,N,,,,,,,,,,,N,,,,,,,,,,,N,,,,,,,,,,,N,,,
28,4,,,,,,,,,N,,,,,,,,,,,N,,,,,,,,,,,N,,,,,,,,,,,N,,,,,,,,,,,N,,,,,,,,,,,N,,,,,,,,,,,N,,,,,,,,,,,N,,,,,,,,,,,N,,,,,,,,,,,N,,,
28,A,,,,,,,,,N,,,,,,,,,,,N,,,,,,,,,,,N,,,,,,,,,,,N,,,,,,,,,,,N,,,,,,,,,,,N,,,,,,,,,,,N,,,,,,,,,,,N,,,,,,,,,,,N,,,,,,,,,,,N,,,
28,B,,,,,,,,,N,,,,,,,,,,,N,,,,,,,,,,,N,,,,,,,,,,,N,,,,,,,,,,,N,,,,,,,,,,,N,,,,,,,,,,,N,,,,,,,,,,,N,,,,,,,,,,,N,,,,,,,,,,,N,,,
28,C,,,,,,,,,N,,,,,,,,,,,N,,,,,,,,,,,N,,,,,,,,,,,N,,,,,,,,,,,N,,,,,,,,,,,N,,,,,,,,,,,N,,,,,,,,,,,N,,,,,,,,,,,N,,,,,,,,,,,N,,,
28,D,,,,,,,,,N,,,,,,,,,,,N,,,,,,,,,,,N,,,,,,,,,,,N,,,,,,,,,,,N,,,,,,,,,,,N,,,,,,,,,,,N,,,,,,,,,,,N,,,,,,,,,,,N,,,,,,,,,,,N,,,
29,1,,,,,,,,,N,,,,,,,,,,,N,,,,,,,,,,,N,,,,,,,,,,,N,,,,,,,,,,,N,,,,,,,,,,,N,,,,,,,,,,,N,,,,,,,,,,,N,,,,,,,,,,,N,,,,,,,,,,,N,,,
29,2,,,,,,,,,N,,,,,,,,,,,N,,,,,,,,,,,N,,,,,,,,,,,N,,,,,,,,,,,N,,,,,,,,,,,N,,,,,,,,,,,N,,,,,,,,,,,N,,,,,,,,,,,N,,,,,,,,,,,N,,,
29,3,,,,,,,,,N,,,,,,,,,,,N,,,,,,,,,,,N,,,,,,,,,,,N,,,,,,,,,,,N,,,,,,,,,,,N,,,,,,,,,,,N,,,,,,,,,,,N,,,,,,,,,,,N,,,,,,,,,,,N,,,
29,4,,,,,,,,,N,,,,,,,,,,,N,,,,,,,,,,,N,,,,,,,,,,,N,,,,,,,,,,,N,,,,,,,,,,,N,,,,,,,,,,,N,,,,,,,,,,,N,,,,,,,,,,,N,,,,,,,,,,,N,,,
29,A,,,,,,,,,N,,,,,,,,,,,N,,,,,,,,,,,N,,,,,,,,,,,N,,,,,,,,,,,N,,,,,,,,,,,N,,,,,,,,,,,N,,,,,,,,,,,N,,,,,,,,,,,N,,,,,,,,,,,N,,,
29,B,,,,,,,,,N,,,,,,,,,,,N,,,,,,,,,,,N,,,,,,,,,,,N,,,,,,,,,,,N,,,,,,,,,,,N,,,,,,,,,,,N,,,,,,,,,,,N,,,,,,,,,,,N,,,,,,,,,,,N,,,
29,C,,,,,,,,,N,,,,,,,,,,,N,,,,,,,,,,,N,,,,,,,,,,,N,,,,,,,,,,,N,,,,,,,,,,,N,,,,,,,,,,,N,,,,,,,,,,,N,,,,,,,,,,,N,,,,,,,,,,,N,,,
29,D,,,,,,,,,N,,,,,,,,,,,N,,,,,,,,,,,N,,,,,,,,,,,N,,,,,,,,,,,N,,,,,,,,,,,N,,,,,,,,,,,N,,,,,,,,,,,N,,,,,,,,,,,N,,,,,,,,,,,N,,,
30,1,,,,,,,,,N,,,,,,,,,,,N,,,,,,,,,,,N,,,,,,,,,,,N,,,,,,,,,,,N,,,,,,,,,,,N,,,,,,,,,,,N,,,,,,,,,,,N,,,,,,,,,,,N,,,,,,,,,,,N,,,
30,2,,,,,,,,,N,,,,,,,,,,,N,,,,,,,,,,,N,,,,,,,,,,,N,,,,,,,,,,,N,,,,,,,,,,,N,,,,,,,,,,,N,,,,,,,,,,,N,,,,,,,,,,,N,,,,,,,,,,,N,,,
30,3,,,,,,,,,N,,,,,,,,,,,N,,,,,,,,,,,N,,,,,,,,,,,N,,,,,,,,,,,N,,,,,,,,,,,N,,,,,,,,,,,N,,,,,,,,,,,N,,,,,,,,,,,N,,,,,,,,,,,N,,,
30,4,,,,,,,,,N,,,,,,,,,,,N,,,,,,,,,,,N,,,,,,,,,,,N,,,,,,,,,,,N,,,,,,,,,,,N,,,,,,,,,,,N,,,,,,,,,,,N,,,,,,,,,,,N,,,,,,,,,,,N,,,
30,A,,,,,,,,,N,,,,,,,,,,,N,,,,,,,,,,,N,,,,,,,,,,,N,,,,,,,,,,,N,,,,,,,,,,,N,,,,,,,,,,,N,,,,,,,,,,,N,,,,,,,,,,,N,,,,,,,,,,,N,,,
30,B,,,,,,,,,N,,,,,,,,,,,N,,,,,,,,,,,N,,,,,,,,,,,N,,,,,,,,,,,N,,,,,,,,,,,N,,,,,,,,,,,N,,,,,,,,,,,N,,,,,,,,,,,N,,,,,,,,,,,N,,,
30,C,,,,,,,,,N,,,,,,,,,,,N,,,,,,,,,,,N,,,,,,,,,,,N,,,,,,,,,,,N,,,,,,,,,,,N,,,,,,,,,,,N,,,,,,,,,,,N,,,,,,,,,,,N,,,,,,,,,,,N,,,
30,D,,,,,,,,,N,,,,,,,,,,,N,,,,,,,,,,,N,,,,,,,,,,,N,,,,,,,,,,,N,,,,,,,,,,,N,,,,,,,,,,,N,,,,,,,,,,,N,,,,,,,,,,,N,,,,,,,,,,,N,,,
31,1,,,,,,,,,N,,,,,,,,,,,N,,,,,,,,,,,N,,,,,,,,,,,N,,,,,,,,,,,N,,,,,,,,,,,N,,,,,,,,,,,N,,,,,,,,,,,N,,,,,,,,,,,N,,,,,,,,,,,N,,,
31,2,,,,,,,,,N,,,,,,,,,,,N,,,,,,,,,,,N,,,,,,,,,,,N,,,,,,,,,,,N,,,,,,,,,,,N,,,,,,,,,,,N,,,,,,,,,,,N,,,,,,,,,,,N,,,,,,,,,,,N,,,
31,3,,,,,,,,,N,,,,,,,,,,,N,,,,,,,,,,,N,,,,,,,,,,,N,,,,,,,,,,,N,,,,,,,,,,,N,,,,,,,,,,,N,,,,,,,,,,,N,,,,,,,,,,,N,,,,,,,,,,,N,,,
31,4,,,,,,,,,N,,,,,,,,,,,N,,,,,,,,,,,N,,,,,,,,,,,N,,,,,,,,,,,N,,,,,,,,,,,N,,,,,,,,,,,N,,,,,,,,,,,N,,,,,,,,,,,N,,,,,,,,,,,N,,,
31,A,,,,,,,,,N,,,,,,,,,,,N,,,,,,,,,,,N,,,,,,,,,,,N,,,,,,,,,,,N,,,,,,,,,,,N,,,,,,,,,,,N,,,,,,,,,,,N,,,,,,,,,,,N,,,,,,,,,,,N,,,
31,B,,,,,,,,,N,,,,,,,,,,,N,,,,,,,,,,,N,,,,,,,,,,,N,,,,,,,,,,,N,,,,,,,,,,,N,,,,,,,,,,,N,,,,,,,,,,,N,,,,,,,,,,,N,,,,,,,,,,,N,,,
31,C,,,,,,,,,N,,,,,,,,,,,N,,,,,,,,,,,N,,,,,,,,,,,N,,,,,,,,,,,N,,,,,,,,,,,N,,,,,,,,,,,N,,,,,,,,,,,N,,,,,,,,,,,N,,,,,,,,,,,N,,,
31,D,,,,,,,,,N,,,,,,,,,,,N,,,,,,,,,,,N,,,,,,,,,,,N,,,,,,,,,,,N,,,,,,,,,,,N,,,,,,,,,,,N,,,,,,,,,,,N,,,,,,,,,,,N,,,,,,,,,,,N,,,
,,,,,,,,,,,,,,,,,,,,,,,,,,,,,,,,,,,,,,,,,,,,,,,,,,
* DoublePress_Settings,,,,,,,,,,,,,,,,,,,,,,,,,,,,,,,,,,,,,,,,,,,,,,,,,,
Bank_Number,Button_Identifier,Long_Label,A_CommandType,A_Channel_(PC/CC/Note/PB),A_Number_(PC/CC/Note),A_OnValue_(CC/PB),A_OffValue_(CC),A_BankSelect_(PC),A_BankSelectHighByte_(PC),A_Toggle_(CC/PB/Note),A_Velocity_(Note),A_Duration_(Note/PB),A_KeyMode_(Key),B_CommandType,B_Channel_(PC/CC/Note/PB),B_Number_(PC/CC/Note),B_OnValue_(CC/PB),B_OffValue_(CC),B_BankSelect_(PC),B_BankSelectHighByte_(PC),B_Toggle_(CC/PB/Note),B_Velocity_(Note),B_Duration_(Note/PB),B_KeyMode_(Key),C_CommandType,C_Channel_(PC/CC/Note/PB),C_Number_(PC/CC/Note),C_OnValue_(CC/PB),C_OffValue_(CC),C_BankSelect_(PC),C_BankSelectHighByte_(PC),C_Toggle_(CC/PB/Note),C_Velocity_(Note),C_Duration_(Note/PB),C_KeyMode_(Key),D_CommandType,D_Channel_(PC/CC/Note/PB),D_Number_(PC/CC/Note),D_OnValue_(CC/PB),D_OffValue_(CC),D_BankSelect_(PC),D_BankSelectHighByte_(PC),D_Toggle_(CC/PB/Note),D_Velocity_(Note),D_Duration_(Note/PB),D_KeyMode_(Key),E_CommandType,E_Channel_(PC/CC/Note/PB),E_Number_(PC/CC/Note),E_OnValue_(CC/PB),E_OffValue_(CC),E_BankSelect_(PC),E_BankSelectHighByte_(PC),E_Toggle_(CC/PB/Note),E_Velocity_(Note),E_Duration_(Note/PB),E_KeyMode_(Key),F_CommandType,F_Channel_(PC/CC/Note/PB),F_Number_(PC/CC/Note),F_OnValue_(CC/PB),F_OffValue_(CC),F_BankSelect_(PC),F_BankSelectHighByte_(PC),F_Toggle_(CC/PB/Note),F_Velocity_(Note),F_Duration_(Note/PB),F_KeyMode_(Key),G_CommandType,G_Channel_(PC/CC/Note/PB),G_Number_(PC/CC/Note),G_OnValue_(CC/PB),G_OffValue_(CC),G_BankSelect_(PC),G_BankSelectHighByte_(PC),G_Toggle_(CC/PB/Note),G_Velocity_(Note),G_Duration_(Note/PB),G_KeyMode_(Key),H_CommandType,H_Channel_(PC/CC/Note/PB),H_Number_(PC/CC/Note),H_OnValue_(CC/PB),H_OffValue_(CC),H_BankSelect_(PC),H_BankSelectHighByte_(PC),H_Toggle_(CC/PB/Note),H_Velocity_(Note),H_Duration_(Note/PB),H_KeyMode_(Key),I_CommandType,I_Channel_(PC/CC/Note/PB),I_Number_(PC/CC/Note),I_OnValue_(CC/PB),I_OffValue_(CC),I_BankSelect_(PC),I_BankSelectHighByte_(PC),I_Toggle_(CC/PB/Note),I_Velocity_(Note),I_Duration_(Note/PB),I_KeyMode_(Key),J_CommandType,J_Channel_(PC/CC/Note/PB),J_Number_(PC/CC/Note),J_OnValue_(CC/PB),J_OffValue_(CC),J_BankSelect_(PC),J_BankSelectHighByte_(PC),J_Toggle_(CC/PB/Note),J_Velocity_(Note),J_Duration_(Note/PB),J_KeyMode_(Key)
0,1,,,,,,,,,N,,,,,,,,,,,N,,,,,,,,,,,N,,,,,,,,,,,N,,,,,,,,,,,N,,,,,,,,,,,N,,,,,,,,,,,N,,,,,,,,,,,N,,,,,,,,,,,N,,,,,,,,,,,N,,,
0,2,,,,,,,,,N,,,,,,,,,,,N,,,,,,,,,,,N,,,,,,,,,,,N,,,,,,,,,,,N,,,,,,,,,,,N,,,,,,,,,,,N,,,,,,,,,,,N,,,,,,,,,,,N,,,,,,,,,,,N,,,
0,3,,,,,,,,,N,,,,,,,,,,,N,,,,,,,,,,,N,,,,,,,,,,,N,,,,,,,,,,,N,,,,,,,,,,,N,,,,,,,,,,,N,,,,,,,,,,,N,,,,,,,,,,,N,,,,,,,,,,,N,,,
0,4,,,,,,,,,N,,,,,,,,,,,N,,,,,,,,,,,N,,,,,,,,,,,N,,,,,,,,,,,N,,,,,,,,,,,N,,,,,,,,,,,N,,,,,,,,,,,N,,,,,,,,,,,N,,,,,,,,,,,N,,,
0,A,,,,,,,,,N,,,,,,,,,,,N,,,,,,,,,,,N,,,,,,,,,,,N,,,,,,,,,,,N,,,,,,,,,,,N,,,,,,,,,,,N,,,,,,,,,,,N,,,,,,,,,,,N,,,,,,,,,,,N,,,
0,B,,,,,,,,,N,,,,,,,,,,,N,,,,,,,,,,,N,,,,,,,,,,,N,,,,,,,,,,,N,,,,,,,,,,,N,,,,,,,,,,,N,,,,,,,,,,,N,,,,,,,,,,,N,,,,,,,,,,,N,,,
0,C,,,,,,,,,N,,,,,,,,,,,N,,,,,,,,,,,N,,,,,,,,,,,N,,,,,,,,,,,N,,,,,,,,,,,N,,,,,,,,,,,N,,,,,,,,,,,N,,,,,,,,,,,N,,,,,,,,,,,N,,,
0,D,,,,,,,,,N,,,,,,,,,,,N,,,,,,,,,,,N,,,,,,,,,,,N,,,,,,,,,,,N,,,,,,,,,,,N,,,,,,,,,,,N,,,,,,,,,,,N,,,,,,,,,,,N,,,,,,,,,,,N,,,
1,1,,,,,,,,,N,,,,,,,,,,,N,,,,,,,,,,,N,,,,,,,,,,,N,,,,,,,,,,,N,,,,,,,,,,,N,,,,,,,,,,,N,,,,,,,,,,,N,,,,,,,,,,,N,,,,,,,,,,,N,,,
1,2,,,,,,,,,N,,,,,,,,,,,N,,,,,,,,,,,N,,,,,,,,,,,N,,,,,,,,,,,N,,,,,,,,,,,N,,,,,,,,,,,N,,,,,,,,,,,N,,,,,,,,,,,N,,,,,,,,,,,N,,,
1,3,,,,,,,,,N,,,,,,,,,,,N,,,,,,,,,,,N,,,,,,,,,,,N,,,,,,,,,,,N,,,,,,,,,,,N,,,,,,,,,,,N,,,,,,,,,,,N,,,,,,,,,,,N,,,,,,,,,,,N,,,
1,4,,,,,,,,,N,,,,,,,,,,,N,,,,,,,,,,,N,,,,,,,,,,,N,,,,,,,,,,,N,,,,,,,,,,,N,,,,,,,,,,,N,,,,,,,,,,,N,,,,,,,,,,,N,,,,,,,,,,,N,,,
1,A,,,,,,,,,N,,,,,,,,,,,N,,,,,,,,,,,N,,,,,,,,,,,N,,,,,,,,,,,N,,,,,,,,,,,N,,,,,,,,,,,N,,,,,,,,,,,N,,,,,,,,,,,N,,,,,,,,,,,N,,,
1,B,,,,,,,,,N,,,,,,,,,,,N,,,,,,,,,,,N,,,,,,,,,,,N,,,,,,,,,,,N,,,,,,,,,,,N,,,,,,,,,,,N,,,,,,,,,,,N,,,,,,,,,,,N,,,,,,,,,,,N,,,
1,C,,,,,,,,,N,,,,,,,,,,,N,,,,,,,,,,,N,,,,,,,,,,,N,,,,,,,,,,,N,,,,,,,,,,,N,,,,,,,,,,,N,,,,,,,,,,,N,,,,,,,,,,,N,,,,,,,,,,,N,,,
1,D,,,,,,,,,N,,,,,,,,,,,N,,,,,,,,,,,N,,,,,,,,,,,N,,,,,,,,,,,N,,,,,,,,,,,N,,,,,,,,,,,N,,,,,,,,,,,N,,,,,,,,,,,N,,,,,,,,,,,N,,,
2,1,,,,,,,,,N,,,,,,,,,,,N,,,,,,,,,,,N,,,,,,,,,,,N,,,,,,,,,,,N,,,,,,,,,,,N,,,,,,,,,,,N,,,,,,,,,,,N,,,,,,,,,,,N,,,,,,,,,,,N,,,
2,2,,,,,,,,,N,,,,,,,,,,,N,,,,,,,,,,,N,,,,,,,,,,,N,,,,,,,,,,,N,,,,,,,,,,,N,,,,,,,,,,,N,,,,,,,,,,,N,,,,,,,,,,,N,,,,,,,,,,,N,,,
2,3,,,,,,,,,N,,,,,,,,,,,N,,,,,,,,,,,N,,,,,,,,,,,N,,,,,,,,,,,N,,,,,,,,,,,N,,,,,,,,,,,N,,,,,,,,,,,N,,,,,,,,,,,N,,,,,,,,,,,N,,,
2,4,,,,,,,,,N,,,,,,,,,,,N,,,,,,,,,,,N,,,,,,,,,,,N,,,,,,,,,,,N,,,,,,,,,,,N,,,,,,,,,,,N,,,,,,,,,,,N,,,,,,,,,,,N,,,,,,,,,,,N,,,
2,A,,,,,,,,,N,,,,,,,,,,,N,,,,,,,,,,,N,,,,,,,,,,,N,,,,,,,,,,,N,,,,,,,,,,,N,,,,,,,,,,,N,,,,,,,,,,,N,,,,,,,,,,,N,,,,,,,,,,,N,,,
2,B,,,,,,,,,N,,,,,,,,,,,N,,,,,,,,,,,N,,,,,,,,,,,N,,,,,,,,,,,N,,,,,,,,,,,N,,,,,,,,,,,N,,,,,,,,,,,N,,,,,,,,,,,N,,,,,,,,,,,N,,,
2,C,,,,,,,,,N,,,,,,,,,,,N,,,,,,,,,,,N,,,,,,,,,,,N,,,,,,,,,,,N,,,,,,,,,,,N,,,,,,,,,,,N,,,,,,,,,,,N,,,,,,,,,,,N,,,,,,,,,,,N,,,
2,D,,,,,,,,,N,,,,,,,,,,,N,,,,,,,,,,,N,,,,,,,,,,,N,,,,,,,,,,,N,,,,,,,,,,,N,,,,,,,,,,,N,,,,,,,,,,,N,,,,,,,,,,,N,,,,,,,,,,,N,,,
3,1,,,,,,,,,N,,,,,,,,,,,N,,,,,,,,,,,N,,,,,,,,,,,N,,,,,,,,,,,N,,,,,,,,,,,N,,,,,,,,,,,N,,,,,,,,,,,N,,,,,,,,,,,N,,,,,,,,,,,N,,,
3,2,,,,,,,,,N,,,,,,,,,,,N,,,,,,,,,,,N,,,,,,,,,,,N,,,,,,,,,,,N,,,,,,,,,,,N,,,,,,,,,,,N,,,,,,,,,,,N,,,,,,,,,,,N,,,,,,,,,,,N,,,
3,3,,,,,,,,,N,,,,,,,,,,,N,,,,,,,,,,,N,,,,,,,,,,,N,,,,,,,,,,,N,,,,,,,,,,,N,,,,,,,,,,,N,,,,,,,,,,,N,,,,,,,,,,,N,,,,,,,,,,,N,,,
3,4,,,,,,,,,N,,,,,,,,,,,N,,,,,,,,,,,N,,,,,,,,,,,N,,,,,,,,,,,N,,,,,,,,,,,N,,,,,,,,,,,N,,,,,,,,,,,N,,,,,,,,,,,N,,,,,,,,,,,N,,,
3,A,,,,,,,,,N,,,,,,,,,,,N,,,,,,,,,,,N,,,,,,,,,,,N,,,,,,,,,,,N,,,,,,,,,,,N,,,,,,,,,,,N,,,,,,,,,,,N,,,,,,,,,,,N,,,,,,,,,,,N,,,
3,B,,,,,,,,,N,,,,,,,,,,,N,,,,,,,,,,,N,,,,,,,,,,,N,,,,,,,,,,,N,,,,,,,,,,,N,,,,,,,,,,,N,,,,,,,,,,,N,,,,,,,,,,,N,,,,,,,,,,,N,,,
3,C,,,,,,,,,N,,,,,,,,,,,N,,,,,,,,,,,N,,,,,,,,,,,N,,,,,,,,,,,N,,,,,,,,,,,N,,,,,,,,,,,N,,,,,,,,,,,N,,,,,,,,,,,N,,,,,,,,,,,N,,,
3,D,,,,,,,,,N,,,,,,,,,,,N,,,,,,,,,,,N,,,,,,,,,,,N,,,,,,,,,,,N,,,,,,,,,,,N,,,,,,,,,,,N,,,,,,,,,,,N,,,,,,,,,,,N,,,,,,,,,,,N,,,
4,1,,,,,,,,,N,,,,,,,,,,,N,,,,,,,,,,,N,,,,,,,,,,,N,,,,,,,,,,,N,,,,,,,,,,,N,,,,,,,,,,,N,,,,,,,,,,,N,,,,,,,,,,,N,,,,,,,,,,,N,,,
4,2,,,,,,,,,N,,,,,,,,,,,N,,,,,,,,,,,N,,,,,,,,,,,N,,,,,,,,,,,N,,,,,,,,,,,N,,,,,,,,,,,N,,,,,,,,,,,N,,,,,,,,,,,N,,,,,,,,,,,N,,,
4,3,,,,,,,,,N,,,,,,,,,,,N,,,,,,,,,,,N,,,,,,,,,,,N,,,,,,,,,,,N,,,,,,,,,,,N,,,,,,,,,,,N,,,,,,,,,,,N,,,,,,,,,,,N,,,,,,,,,,,N,,,
4,4,,,,,,,,,N,,,,,,,,,,,N,,,,,,,,,,,N,,,,,,,,,,,N,,,,,,,,,,,N,,,,,,,,,,,N,,,,,,,,,,,N,,,,,,,,,,,N,,,,,,,,,,,N,,,,,,,,,,,N,,,
4,A,,,,,,,,,N,,,,,,,,,,,N,,,,,,,,,,,N,,,,,,,,,,,N,,,,,,,,,,,N,,,,,,,,,,,N,,,,,,,,,,,N,,,,,,,,,,,N,,,,,,,,,,,N,,,,,,,,,,,N,,,
4,B,,,,,,,,,N,,,,,,,,,,,N,,,,,,,,,,,N,,,,,,,,,,,N,,,,,,,,,,,N,,,,,,,,,,,N,,,,,,,,,,,N,,,,,,,,,,,N,,,,,,,,,,,N,,,,,,,,,,,N,,,
4,C,,,,,,,,,N,,,,,,,,,,,N,,,,,,,,,,,N,,,,,,,,,,,N,,,,,,,,,,,N,,,,,,,,,,,N,,,,,,,,,,,N,,,,,,,,,,,N,,,,,,,,,,,N,,,,,,,,,,,N,,,
4,D,,,,,,,,,N,,,,,,,,,,,N,,,,,,,,,,,N,,,,,,,,,,,N,,,,,,,,,,,N,,,,,,,,,,,N,,,,,,,,,,,N,,,,,,,,,,,N,,,,,,,,,,,N,,,,,,,,,,,N,,,
5,1,,,,,,,,,N,,,,,,,,,,,N,,,,,,,,,,,N,,,,,,,,,,,N,,,,,,,,,,,N,,,,,,,,,,,N,,,,,,,,,,,N,,,,,,,,,,,N,,,,,,,,,,,N,,,,,,,,,,,N,,,
5,2,,,,,,,,,N,,,,,,,,,,,N,,,,,,,,,,,N,,,,,,,,,,,N,,,,,,,,,,,N,,,,,,,,,,,N,,,,,,,,,,,N,,,,,,,,,,,N,,,,,,,,,,,N,,,,,,,,,,,N,,,
5,3,,,,,,,,,N,,,,,,,,,,,N,,,,,,,,,,,N,,,,,,,,,,,N,,,,,,,,,,,N,,,,,,,,,,,N,,,,,,,,,,,N,,,,,,,,,,,N,,,,,,,,,,,N,,,,,,,,,,,N,,,
5,4,,,,,,,,,N,,,,,,,,,,,N,,,,,,,,,,,N,,,,,,,,,,,N,,,,,,,,,,,N,,,,,,,,,,,N,,,,,,,,,,,N,,,,,,,,,,,N,,,,,,,,,,,N,,,,,,,,,,,N,,,
5,A,,,,,,,,,N,,,,,,,,,,,N,,,,,,,,,,,N,,,,,,,,,,,N,,,,,,,,,,,N,,,,,,,,,,,N,,,,,,,,,,,N,,,,,,,,,,,N,,,,,,,,,,,N,,,,,,,,,,,N,,,
5,B,,,,,,,,,N,,,,,,,,,,,N,,,,,,,,,,,N,,,,,,,,,,,N,,,,,,,,,,,N,,,,,,,,,,,N,,,,,,,,,,,N,,,,,,,,,,,N,,,,,,,,,,,N,,,,,,,,,,,N,,,
5,C,,,,,,,,,N,,,,,,,,,,,N,,,,,,,,,,,N,,,,,,,,,,,N,,,,,,,,,,,N,,,,,,,,,,,N,,,,,,,,,,,N,,,,,,,,,,,N,,,,,,,,,,,N,,,,,,,,,,,N,,,
5,D,,,,,,,,,N,,,,,,,,,,,N,,,,,,,,,,,N,,,,,,,,,,,N,,,,,,,,,,,N,,,,,,,,,,,N,,,,,,,,,,,N,,,,,,,,,,,N,,,,,,,,,,,N,,,,,,,,,,,N,,,
6,1,,,,,,,,,N,,,,,,,,,,,N,,,,,,,,,,,N,,,,,,,,,,,N,,,,,,,,,,,N,,,,,,,,,,,N,,,,,,,,,,,N,,,,,,,,,,,N,,,,,,,,,,,N,,,,,,,,,,,N,,,
6,2,,,,,,,,,N,,,,,,,,,,,N,,,,,,,,,,,N,,,,,,,,,,,N,,,,,,,,,,,N,,,,,,,,,,,N,,,,,,,,,,,N,,,,,,,,,,,N,,,,,,,,,,,N,,,,,,,,,,,N,,,
6,3,,,,,,,,,N,,,,,,,,,,,N,,,,,,,,,,,N,,,,,,,,,,,N,,,,,,,,,,,N,,,,,,,,,,,N,,,,,,,,,,,N,,,,,,,,,,,N,,,,,,,,,,,N,,,,,,,,,,,N,,,
6,4,,,,,,,,,N,,,,,,,,,,,N,,,,,,,,,,,N,,,,,,,,,,,N,,,,,,,,,,,N,,,,,,,,,,,N,,,,,,,,,,,N,,,,,,,,,,,N,,,,,,,,,,,N,,,,,,,,,,,N,,,
6,A,,,,,,,,,N,,,,,,,,,,,N,,,,,,,,,,,N,,,,,,,,,,,N,,,,,,,,,,,N,,,,,,,,,,,N,,,,,,,,,,,N,,,,,,,,,,,N,,,,,,,,,,,N,,,,,,,,,,,N,,,
6,B,,,,,,,,,N,,,,,,,,,,,N,,,,,,,,,,,N,,,,,,,,,,,N,,,,,,,,,,,N,,,,,,,,,,,N,,,,,,,,,,,N,,,,,,,,,,,N,,,,,,,,,,,N,,,,,,,,,,,N,,,
6,C,,,,,,,,,N,,,,,,,,,,,N,,,,,,,,,,,N,,,,,,,,,,,N,,,,,,,,,,,N,,,,,,,,,,,N,,,,,,,,,,,N,,,,,,,,,,,N,,,,,,,,,,,N,,,,,,,,,,,N,,,
6,D,,,,,,,,,N,,,,,,,,,,,N,,,,,,,,,,,N,,,,,,,,,,,N,,,,,,,,,,,N,,,,,,,,,,,N,,,,,,,,,,,N,,,,,,,,,,,N,,,,,,,,,,,N,,,,,,,,,,,N,,,
7,1,,,,,,,,,N,,,,,,,,,,,N,,,,,,,,,,,N,,,,,,,,,,,N,,,,,,,,,,,N,,,,,,,,,,,N,,,,,,,,,,,N,,,,,,,,,,,N,,,,,,,,,,,N,,,,,,,,,,,N,,,
7,2,,,,,,,,,N,,,,,,,,,,,N,,,,,,,,,,,N,,,,,,,,,,,N,,,,,,,,,,,N,,,,,,,,,,,N,,,,,,,,,,,N,,,,,,,,,,,N,,,,,,,,,,,N,,,,,,,,,,,N,,,
7,3,,,,,,,,,N,,,,,,,,,,,N,,,,,,,,,,,N,,,,,,,,,,,N,,,,,,,,,,,N,,,,,,,,,,,N,,,,,,,,,,,N,,,,,,,,,,,N,,,,,,,,,,,N,,,,,,,,,,,N,,,
7,4,,,,,,,,,N,,,,,,,,,,,N,,,,,,,,,,,N,,,,,,,,,,,N,,,,,,,,,,,N,,,,,,,,,,,N,,,,,,,,,,,N,,,,,,,,,,,N,,,,,,,,,,,N,,,,,,,,,,,N,,,
7,A,,,,,,,,,N,,,,,,,,,,,N,,,,,,,,,,,N,,,,,,,,,,,N,,,,,,,,,,,N,,,,,,,,,,,N,,,,,,,,,,,N,,,,,,,,,,,N,,,,,,,,,,,N,,,,,,,,,,,N,,,
7,B,,,,,,,,,N,,,,,,,,,,,N,,,,,,,,,,,N,,,,,,,,,,,N,,,,,,,,,,,N,,,,,,,,,,,N,,,,,,,,,,,N,,,,,,,,,,,N,,,,,,,,,,,N,,,,,,,,,,,N,,,
7,C,,,,,,,,,N,,,,,,,,,,,N,,,,,,,,,,,N,,,,,,,,,,,N,,,,,,,,,,,N,,,,,,,,,,,N,,,,,,,,,,,N,,,,,,,,,,,N,,,,,,,,,,,N,,,,,,,,,,,N,,,
7,D,,,,,,,,,N,,,,,,,,,,,N,,,,,,,,,,,N,,,,,,,,,,,N,,,,,,,,,,,N,,,,,,,,,,,N,,,,,,,,,,,N,,,,,,,,,,,N,,,,,,,,,,,N,,,,,,,,,,,N,,,
8,1,,,,,,,,,N,,,,,,,,,,,N,,,,,,,,,,,N,,,,,,,,,,,N,,,,,,,,,,,N,,,,,,,,,,,N,,,,,,,,,,,N,,,,,,,,,,,N,,,,,,,,,,,N,,,,,,,,,,,N,,,
8,2,,,,,,,,,N,,,,,,,,,,,N,,,,,,,,,,,N,,,,,,,,,,,N,,,,,,,,,,,N,,,,,,,,,,,N,,,,,,,,,,,N,,,,,,,,,,,N,,,,,,,,,,,N,,,,,,,,,,,N,,,
8,3,,,,,,,,,N,,,,,,,,,,,N,,,,,,,,,,,N,,,,,,,,,,,N,,,,,,,,,,,N,,,,,,,,,,,N,,,,,,,,,,,N,,,,,,,,,,,N,,,,,,,,,,,N,,,,,,,,,,,N,,,
8,4,,,,,,,,,N,,,,,,,,,,,N,,,,,,,,,,,N,,,,,,,,,,,N,,,,,,,,,,,N,,,,,,,,,,,N,,,,,,,,,,,N,,,,,,,,,,,N,,,,,,,,,,,N,,,,,,,,,,,N,,,
8,A,,,,,,,,,N,,,,,,,,,,,N,,,,,,,,,,,N,,,,,,,,,,,N,,,,,,,,,,,N,,,,,,,,,,,N,,,,,,,,,,,N,,,,,,,,,,,N,,,,,,,,,,,N,,,,,,,,,,,N,,,
8,B,,,,,,,,,N,,,,,,,,,,,N,,,,,,,,,,,N,,,,,,,,,,,N,,,,,,,,,,,N,,,,,,,,,,,N,,,,,,,,,,,N,,,,,,,,,,,N,,,,,,,,,,,N,,,,,,,,,,,N,,,
8,C,,,,,,,,,N,,,,,,,,,,,N,,,,,,,,,,,N,,,,,,,,,,,N,,,,,,,,,,,N,,,,,,,,,,,N,,,,,,,,,,,N,,,,,,,,,,,N,,,,,,,,,,,N,,,,,,,,,,,N,,,
8,D,,,,,,,,,N,,,,,,,,,,,N,,,,,,,,,,,N,,,,,,,,,,,N,,,,,,,,,,,N,,,,,,,,,,,N,,,,,,,,,,,N,,,,,,,,,,,N,,,,,,,,,,,N,,,,,,,,,,,N,,,
9,1,,,,,,,,,N,,,,,,,,,,,N,,,,,,,,,,,N,,,,,,,,,,,N,,,,,,,,,,,N,,,,,,,,,,,N,,,,,,,,,,,N,,,,,,,,,,,N,,,,,,,,,,,N,,,,,,,,,,,N,,,
9,2,,,,,,,,,N,,,,,,,,,,,N,,,,,,,,,,,N,,,,,,,,,,,N,,,,,,,,,,,N,,,,,,,,,,,N,,,,,,,,,,,N,,,,,,,,,,,N,,,,,,,,,,,N,,,,,,,,,,,N,,,
9,3,,,,,,,,,N,,,,,,,,,,,N,,,,,,,,,,,N,,,,,,,,,,,N,,,,,,,,,,,N,,,,,,,,,,,N,,,,,,,,,,,N,,,,,,,,,,,N,,,,,,,,,,,N,,,,,,,,,,,N,,,
9,4,,,,,,,,,N,,,,,,,,,,,N,,,,,,,,,,,N,,,,,,,,,,,N,,,,,,,,,,,N,,,,,,,,,,,N,,,,,,,,,,,N,,,,,,,,,,,N,,,,,,,,,,,N,,,,,,,,,,,N,,,
9,A,,,,,,,,,N,,,,,,,,,,,N,,,,,,,,,,,N,,,,,,,,,,,N,,,,,,,,,,,N,,,,,,,,,,,N,,,,,,,,,,,N,,,,,,,,,,,N,,,,,,,,,,,N,,,,,,,,,,,N,,,
9,B,,,,,,,,,N,,,,,,,,,,,N,,,,,,,,,,,N,,,,,,,,,,,N,,,,,,,,,,,N,,,,,,,,,,,N,,,,,,,,,,,N,,,,,,,,,,,N,,,,,,,,,,,N,,,,,,,,,,,N,,,
9,C,,,,,,,,,N,,,,,,,,,,,N,,,,,,,,,,,N,,,,,,,,,,,N,,,,,,,,,,,N,,,,,,,,,,,N,,,,,,,,,,,N,,,,,,,,,,,N,,,,,,,,,,,N,,,,,,,,,,,N,,,
9,D,,,,,,,,,N,,,,,,,,,,,N,,,,,,,,,,,N,,,,,,,,,,,N,,,,,,,,,,,N,,,,,,,,,,,N,,,,,,,,,,,N,,,,,,,,,,,N,,,,,,,,,,,N,,,,,,,,,,,N,,,
10,1,,,,,,,,,N,,,,,,,,,,,N,,,,,,,,,,,N,,,,,,,,,,,N,,,,,,,,,,,N,,,,,,,,,,,N,,,,,,,,,,,N,,,,,,,,,,,N,,,,,,,,,,,N,,,,,,,,,,,N,,,
10,2,,,,,,,,,N,,,,,,,,,,,N,,,,,,,,,,,N,,,,,,,,,,,N,,,,,,,,,,,N,,,,,,,,,,,N,,,,,,,,,,,N,,,,,,,,,,,N,,,,,,,,,,,N,,,,,,,,,,,N,,,
10,3,,,,,,,,,N,,,,,,,,,,,N,,,,,,,,,,,N,,,,,,,,,,,N,,,,,,,,,,,N,,,,,,,,,,,N,,,,,,,,,,,N,,,,,,,,,,,N,,,,,,,,,,,N,,,,,,,,,,,N,,,
10,4,,,,,,,,,N,,,,,,,,,,,N,,,,,,,,,,,N,,,,,,,,,,,N,,,,,,,,,,,N,,,,,,,,,,,N,,,,,,,,,,,N,,,,,,,,,,,N,,,,,,,,,,,N,,,,,,,,,,,N,,,
10,A,,,,,,,,,N,,,,,,,,,,,N,,,,,,,,,,,N,,,,,,,,,,,N,,,,,,,,,,,N,,,,,,,,,,,N,,,,,,,,,,,N,,,,,,,,,,,N,,,,,,,,,,,N,,,,,,,,,,,N,,,
10,B,,,,,,,,,N,,,,,,,,,,,N,,,,,,,,,,,N,,,,,,,,,,,N,,,,,,,,,,,N,,,,,,,,,,,N,,,,,,,,,,,N,,,,,,,,,,,N,,,,,,,,,,,N,,,,,,,,,,,N,,,
10,C,,,,,,,,,N,,,,,,,,,,,N,,,,,,,,,,,N,,,,,,,,,,,N,,,,,,,,,,,N,,,,,,,,,,,N,,,,,,,,,,,N,,,,,,,,,,,N,,,,,,,,,,,N,,,,,,,,,,,N,,,
10,D,,,,,,,,,N,,,,,,,,,,,N,,,,,,,,,,,N,,,,,,,,,,,N,,,,,,,,,,,N,,,,,,,,,,,N,,,,,,,,,,,N,,,,,,,,,,,N,,,,,,,,,,,N,,,,,,,,,,,N,,,
11,1,,,,,,,,,N,,,,,,,,,,,N,,,,,,,,,,,N,,,,,,,,,,,N,,,,,,,,,,,N,,,,,,,,,,,N,,,,,,,,,,,N,,,,,,,,,,,N,,,,,,,,,,,N,,,,,,,,,,,N,,,
11,2,,,,,,,,,N,,,,,,,,,,,N,,,,,,,,,,,N,,,,,,,,,,,N,,,,,,,,,,,N,,,,,,,,,,,N,,,,,,,,,,,N,,,,,,,,,,,N,,,,,,,,,,,N,,,,,,,,,,,N,,,
11,3,,,,,,,,,N,,,,,,,,,,,N,,,,,,,,,,,N,,,,,,,,,,,N,,,,,,,,,,,N,,,,,,,,,,,N,,,,,,,,,,,N,,,,,,,,,,,N,,,,,,,,,,,N,,,,,,,,,,,N,,,
11,4,,,,,,,,,N,,,,,,,,,,,N,,,,,,,,,,,N,,,,,,,,,,,N,,,,,,,,,,,N,,,,,,,,,,,N,,,,,,,,,,,N,,,,,,,,,,,N,,,,,,,,,,,N,,,,,,,,,,,N,,,
11,A,,,,,,,,,N,,,,,,,,,,,N,,,,,,,,,,,N,,,,,,,,,,,N,,,,,,,,,,,N,,,,,,,,,,,N,,,,,,,,,,,N,,,,,,,,,,,N,,,,,,,,,,,N,,,,,,,,,,,N,,,
11,B,,,,,,,,,N,,,,,,,,,,,N,,,,,,,,,,,N,,,,,,,,,,,N,,,,,,,,,,,N,,,,,,,,,,,N,,,,,,,,,,,N,,,,,,,,,,,N,,,,,,,,,,,N,,,,,,,,,,,N,,,
11,C,,,,,,,,,N,,,,,,,,,,,N,,,,,,,,,,,N,,,,,,,,,,,N,,,,,,,,,,,N,,,,,,,,,,,N,,,,,,,,,,,N,,,,,,,,,,,N,,,,,,,,,,,N,,,,,,,,,,,N,,,
11,D,,,,,,,,,N,,,,,,,,,,,N,,,,,,,,,,,N,,,,,,,,,,,N,,,,,,,,,,,N,,,,,,,,,,,N,,,,,,,,,,,N,,,,,,,,,,,N,,,,,,,,,,,N,,,,,,,,,,,N,,,
12,1,,,,,,,,,N,,,,,,,,,,,N,,,,,,,,,,,N,,,,,,,,,,,N,,,,,,,,,,,N,,,,,,,,,,,N,,,,,,,,,,,N,,,,,,,,,,,N,,,,,,,,,,,N,,,,,,,,,,,N,,,
12,2,,,,,,,,,N,,,,,,,,,,,N,,,,,,,,,,,N,,,,,,,,,,,N,,,,,,,,,,,N,,,,,,,,,,,N,,,,,,,,,,,N,,,,,,,,,,,N,,,,,,,,,,,N,,,,,,,,,,,N,,,
12,3,,,,,,,,,N,,,,,,,,,,,N,,,,,,,,,,,N,,,,,,,,,,,N,,,,,,,,,,,N,,,,,,,,,,,N,,,,,,,,,,,N,,,,,,,,,,,N,,,,,,,,,,,N,,,,,,,,,,,N,,,
12,4,,,,,,,,,N,,,,,,,,,,,N,,,,,,,,,,,N,,,,,,,,,,,N,,,,,,,,,,,N,,,,,,,,,,,N,,,,,,,,,,,N,,,,,,,,,,,N,,,,,,,,,,,N,,,,,,,,,,,N,,,
12,A,,,,,,,,,N,,,,,,,,,,,N,,,,,,,,,,,N,,,,,,,,,,,N,,,,,,,,,,,N,,,,,,,,,,,N,,,,,,,,,,,N,,,,,,,,,,,N,,,,,,,,,,,N,,,,,,,,,,,N,,,
12,B,,,,,,,,,N,,,,,,,,,,,N,,,,,,,,,,,N,,,,,,,,,,,N,,,,,,,,,,,N,,,,,,,,,,,N,,,,,,,,,,,N,,,,,,,,,,,N,,,,,,,,,,,N,,,,,,,,,,,N,,,
12,C,,,,,,,,,N,,,,,,,,,,,N,,,,,,,,,,,N,,,,,,,,,,,N,,,,,,,,,,,N,,,,,,,,,,,N,,,,,,,,,,,N,,,,,,,,,,,N,,,,,,,,,,,N,,,,,,,,,,,N,,,
12,D,,,,,,,,,N,,,,,,,,,,,N,,,,,,,,,,,N,,,,,,,,,,,N,,,,,,,,,,,N,,,,,,,,,,,N,,,,,,,,,,,N,,,,,,,,,,,N,,,,,,,,,,,N,,,,,,,,,,,N,,,
13,1,,,,,,,,,N,,,,,,,,,,,N,,,,,,,,,,,N,,,,,,,,,,,N,,,,,,,,,,,N,,,,,,,,,,,N,,,,,,,,,,,N,,,,,,,,,,,N,,,,,,,,,,,N,,,,,,,,,,,N,,,
13,2,,,,,,,,,N,,,,,,,,,,,N,,,,,,,,,,,N,,,,,,,,,,,N,,,,,,,,,,,N,,,,,,,,,,,N,,,,,,,,,,,N,,,,,,,,,,,N,,,,,,,,,,,N,,,,,,,,,,,N,,,
13,3,,,,,,,,,N,,,,,,,,,,,N,,,,,,,,,,,N,,,,,,,,,,,N,,,,,,,,,,,N,,,,,,,,,,,N,,,,,,,,,,,N,,,,,,,,,,,N,,,,,,,,,,,N,,,,,,,,,,,N,,,
13,4,,,,,,,,,N,,,,,,,,,,,N,,,,,,,,,,,N,,,,,,,,,,,N,,,,,,,,,,,N,,,,,,,,,,,N,,,,,,,,,,,N,,,,,,,,,,,N,,,,,,,,,,,N,,,,,,,,,,,N,,,
13,A,,,,,,,,,N,,,,,,,,,,,N,,,,,,,,,,,N,,,,,,,,,,,N,,,,,,,,,,,N,,,,,,,,,,,N,,,,,,,,,,,N,,,,,,,,,,,N,,,,,,,,,,,N,,,,,,,,,,,N,,,
13,B,,,,,,,,,N,,,,,,,,,,,N,,,,,,,,,,,N,,,,,,,,,,,N,,,,,,,,,,,N,,,,,,,,,,,N,,,,,,,,,,,N,,,,,,,,,,,N,,,,,,,,,,,N,,,,,,,,,,,N,,,
13,C,,,,,,,,,N,,,,,,,,,,,N,,,,,,,,,,,N,,,,,,,,,,,N,,,,,,,,,,,N,,,,,,,,,,,N,,,,,,,,,,,N,,,,,,,,,,,N,,,,,,,,,,,N,,,,,,,,,,,N,,,
13,D,,,,,,,,,N,,,,,,,,,,,N,,,,,,,,,,,N,,,,,,,,,,,N,,,,,,,,,,,N,,,,,,,,,,,N,,,,,,,,,,,N,,,,,,,,,,,N,,,,,,,,,,,N,,,,,,,,,,,N,,,
14,1,,,,,,,,,N,,,,,,,,,,,N,,,,,,,,,,,N,,,,,,,,,,,N,,,,,,,,,,,N,,,,,,,,,,,N,,,,,,,,,,,N,,,,,,,,,,,N,,,,,,,,,,,N,,,,,,,,,,,N,,,
14,2,,,,,,,,,N,,,,,,,,,,,N,,,,,,,,,,,N,,,,,,,,,,,N,,,,,,,,,,,N,,,,,,,,,,,N,,,,,,,,,,,N,,,,,,,,,,,N,,,,,,,,,,,N,,,,,,,,,,,N,,,
14,3,,,,,,,,,N,,,,,,,,,,,N,,,,,,,,,,,N,,,,,,,,,,,N,,,,,,,,,,,N,,,,,,,,,,,N,,,,,,,,,,,N,,,,,,,,,,,N,,,,,,,,,,,N,,,,,,,,,,,N,,,
14,4,,,,,,,,,N,,,,,,,,,,,N,,,,,,,,,,,N,,,,,,,,,,,N,,,,,,,,,,,N,,,,,,,,,,,N,,,,,,,,,,,N,,,,,,,,,,,N,,,,,,,,,,,N,,,,,,,,,,,N,,,
14,A,,,,,,,,,N,,,,,,,,,,,N,,,,,,,,,,,N,,,,,,,,,,,N,,,,,,,,,,,N,,,,,,,,,,,N,,,,,,,,,,,N,,,,,,,,,,,N,,,,,,,,,,,N,,,,,,,,,,,N,,,
14,B,,,,,,,,,N,,,,,,,,,,,N,,,,,,,,,,,N,,,,,,,,,,,N,,,,,,,,,,,N,,,,,,,,,,,N,,,,,,,,,,,N,,,,,,,,,,,N,,,,,,,,,,,N,,,,,,,,,,,N,,,
14,C,,,,,,,,,N,,,,,,,,,,,N,,,,,,,,,,,N,,,,,,,,,,,N,,,,,,,,,,,N,,,,,,,,,,,N,,,,,,,,,,,N,,,,,,,,,,,N,,,,,,,,,,,N,,,,,,,,,,,N,,,
14,D,,,,,,,,,N,,,,,,,,,,,N,,,,,,,,,,,N,,,,,,,,,,,N,,,,,,,,,,,N,,,,,,,,,,,N,,,,,,,,,,,N,,,,,,,,,,,N,,,,,,,,,,,N,,,,,,,,,,,N,,,
15,1,,,,,,,,,N,,,,,,,,,,,N,,,,,,,,,,,N,,,,,,,,,,,N,,,,,,,,,,,N,,,,,,,,,,,N,,,,,,,,,,,N,,,,,,,,,,,N,,,,,,,,,,,N,,,,,,,,,,,N,,,
15,2,,,,,,,,,N,,,,,,,,,,,N,,,,,,,,,,,N,,,,,,,,,,,N,,,,,,,,,,,N,,,,,,,,,,,N,,,,,,,,,,,N,,,,,,,,,,,N,,,,,,,,,,,N,,,,,,,,,,,N,,,
15,3,,,,,,,,,N,,,,,,,,,,,N,,,,,,,,,,,N,,,,,,,,,,,N,,,,,,,,,,,N,,,,,,,,,,,N,,,,,,,,,,,N,,,,,,,,,,,N,,,,,,,,,,,N,,,,,,,,,,,N,,,
15,4,,,,,,,,,N,,,,,,,,,,,N,,,,,,,,,,,N,,,,,,,,,,,N,,,,,,,,,,,N,,,,,,,,,,,N,,,,,,,,,,,N,,,,,,,,,,,N,,,,,,,,,,,N,,,,,,,,,,,N,,,
15,A,,,,,,,,,N,,,,,,,,,,,N,,,,,,,,,,,N,,,,,,,,,,,N,,,,,,,,,,,N,,,,,,,,,,,N,,,,,,,,,,,N,,,,,,,,,,,N,,,,,,,,,,,N,,,,,,,,,,,N,,,
15,B,,,,,,,,,N,,,,,,,,,,,N,,,,,,,,,,,N,,,,,,,,,,,N,,,,,,,,,,,N,,,,,,,,,,,N,,,,,,,,,,,N,,,,,,,,,,,N,,,,,,,,,,,N,,,,,,,,,,,N,,,
15,C,,,,,,,,,N,,,,,,,,,,,N,,,,,,,,,,,N,,,,,,,,,,,N,,,,,,,,,,,N,,,,,,,,,,,N,,,,,,,,,,,N,,,,,,,,,,,N,,,,,,,,,,,N,,,,,,,,,,,N,,,
15,D,,,,,,,,,N,,,,,,,,,,,N,,,,,,,,,,,N,,,,,,,,,,,N,,,,,,,,,,,N,,,,,,,,,,,N,,,,,,,,,,,N,,,,,,,,,,,N,,,,,,,,,,,N,,,,,,,,,,,N,,,
16,1,,,,,,,,,N,,,,,,,,,,,N,,,,,,,,,,,N,,,,,,,,,,,N,,,,,,,,,,,N,,,,,,,,,,,N,,,,,,,,,,,N,,,,,,,,,,,N,,,,,,,,,,,N,,,,,,,,,,,N,,,
16,2,,,,,,,,,N,,,,,,,,,,,N,,,,,,,,,,,N,,,,,,,,,,,N,,,,,,,,,,,N,,,,,,,,,,,N,,,,,,,,,,,N,,,,,,,,,,,N,,,,,,,,,,,N,,,,,,,,,,,N,,,
16,3,,,,,,,,,N,,,,,,,,,,,N,,,,,,,,,,,N,,,,,,,,,,,N,,,,,,,,,,,N,,,,,,,,,,,N,,,,,,,,,,,N,,,,,,,,,,,N,,,,,,,,,,,N,,,,,,,,,,,N,,,
16,4,,,,,,,,,N,,,,,,,,,,,N,,,,,,,,,,,N,,,,,,,,,,,N,,,,,,,,,,,N,,,,,,,,,,,N,,,,,,,,,,,N,,,,,,,,,,,N,,,,,,,,,,,N,,,,,,,,,,,N,,,
16,A,,,,,,,,,N,,,,,,,,,,,N,,,,,,,,,,,N,,,,,,,,,,,N,,,,,,,,,,,N,,,,,,,,,,,N,,,,,,,,,,,N,,,,,,,,,,,N,,,,,,,,,,,N,,,,,,,,,,,N,,,
16,B,,,,,,,,,N,,,,,,,,,,,N,,,,,,,,,,,N,,,,,,,,,,,N,,,,,,,,,,,N,,,,,,,,,,,N,,,,,,,,,,,N,,,,,,,,,,,N,,,,,,,,,,,N,,,,,,,,,,,N,,,
16,C,,,,,,,,,N,,,,,,,,,,,N,,,,,,,,,,,N,,,,,,,,,,,N,,,,,,,,,,,N,,,,,,,,,,,N,,,,,,,,,,,N,,,,,,,,,,,N,,,,,,,,,,,N,,,,,,,,,,,N,,,
16,D,,,,,,,,,N,,,,,,,,,,,N,,,,,,,,,,,N,,,,,,,,,,,N,,,,,,,,,,,N,,,,,,,,,,,N,,,,,,,,,,,N,,,,,,,,,,,N,,,,,,,,,,,N,,,,,,,,,,,N,,,
17,1,,,,,,,,,N,,,,,,,,,,,N,,,,,,,,,,,N,,,,,,,,,,,N,,,,,,,,,,,N,,,,,,,,,,,N,,,,,,,,,,,N,,,,,,,,,,,N,,,,,,,,,,,N,,,,,,,,,,,N,,,
17,2,,,,,,,,,N,,,,,,,,,,,N,,,,,,,,,,,N,,,,,,,,,,,N,,,,,,,,,,,N,,,,,,,,,,,N,,,,,,,,,,,N,,,,,,,,,,,N,,,,,,,,,,,N,,,,,,,,,,,N,,,
17,3,,,,,,,,,N,,,,,,,,,,,N,,,,,,,,,,,N,,,,,,,,,,,N,,,,,,,,,,,N,,,,,,,,,,,N,,,,,,,,,,,N,,,,,,,,,,,N,,,,,,,,,,,N,,,,,,,,,,,N,,,
17,4,,,,,,,,,N,,,,,,,,,,,N,,,,,,,,,,,N,,,,,,,,,,,N,,,,,,,,,,,N,,,,,,,,,,,N,,,,,,,,,,,N,,,,,,,,,,,N,,,,,,,,,,,N,,,,,,,,,,,N,,,
17,A,,,,,,,,,N,,,,,,,,,,,N,,,,,,,,,,,N,,,,,,,,,,,N,,,,,,,,,,,N,,,,,,,,,,,N,,,,,,,,,,,N,,,,,,,,,,,N,,,,,,,,,,,N,,,,,,,,,,,N,,,
17,B,,,,,,,,,N,,,,,,,,,,,N,,,,,,,,,,,N,,,,,,,,,,,N,,,,,,,,,,,N,,,,,,,,,,,N,,,,,,,,,,,N,,,,,,,,,,,N,,,,,,,,,,,N,,,,,,,,,,,N,,,
17,C,,,,,,,,,N,,,,,,,,,,,N,,,,,,,,,,,N,,,,,,,,,,,N,,,,,,,,,,,N,,,,,,,,,,,N,,,,,,,,,,,N,,,,,,,,,,,N,,,,,,,,,,,N,,,,,,,,,,,N,,,
17,D,,,,,,,,,N,,,,,,,,,,,N,,,,,,,,,,,N,,,,,,,,,,,N,,,,,,,,,,,N,,,,,,,,,,,N,,,,,,,,,,,N,,,,,,,,,,,N,,,,,,,,,,,N,,,,,,,,,,,N,,,
18,1,,,,,,,,,N,,,,,,,,,,,N,,,,,,,,,,,N,,,,,,,,,,,N,,,,,,,,,,,N,,,,,,,,,,,N,,,,,,,,,,,N,,,,,,,,,,,N,,,,,,,,,,,N,,,,,,,,,,,N,,,
18,2,,,,,,,,,N,,,,,,,,,,,N,,,,,,,,,,,N,,,,,,,,,,,N,,,,,,,,,,,N,,,,,,,,,,,N,,,,,,,,,,,N,,,,,,,,,,,N,,,,,,,,,,,N,,,,,,,,,,,N,,,
18,3,,,,,,,,,N,,,,,,,,,,,N,,,,,,,,,,,N,,,,,,,,,,,N,,,,,,,,,,,N,,,,,,,,,,,N,,,,,,,,,,,N,,,,,,,,,,,N,,,,,,,,,,,N,,,,,,,,,,,N,,,
18,4,,,,,,,,,N,,,,,,,,,,,N,,,,,,,,,,,N,,,,,,,,,,,N,,,,,,,,,,,N,,,,,,,,,,,N,,,,,,,,,,,N,,,,,,,,,,,N,,,,,,,,,,,N,,,,,,,,,,,N,,,
18,A,,,,,,,,,N,,,,,,,,,,,N,,,,,,,,,,,N,,,,,,,,,,,N,,,,,,,,,,,N,,,,,,,,,,,N,,,,,,,,,,,N,,,,,,,,,,,N,,,,,,,,,,,N,,,,,,,,,,,N,,,
18,B,,,,,,,,,N,,,,,,,,,,,N,,,,,,,,,,,N,,,,,,,,,,,N,,,,,,,,,,,N,,,,,,,,,,,N,,,,,,,,,,,N,,,,,,,,,,,N,,,,,,,,,,,N,,,,,,,,,,,N,,,
18,C,,,,,,,,,N,,,,,,,,,,,N,,,,,,,,,,,N,,,,,,,,,,,N,,,,,,,,,,,N,,,,,,,,,,,N,,,,,,,,,,,N,,,,,,,,,,,N,,,,,,,,,,,N,,,,,,,,,,,N,,,
18,D,,,,,,,,,N,,,,,,,,,,,N,,,,,,,,,,,N,,,,,,,,,,,N,,,,,,,,,,,N,,,,,,,,,,,N,,,,,,,,,,,N,,,,,,,,,,,N,,,,,,,,,,,N,,,,,,,,,,,N,,,
19,1,,,,,,,,,N,,,,,,,,,,,N,,,,,,,,,,,N,,,,,,,,,,,N,,,,,,,,,,,N,,,,,,,,,,,N,,,,,,,,,,,N,,,,,,,,,,,N,,,,,,,,,,,N,,,,,,,,,,,N,,,
19,2,,,,,,,,,N,,,,,,,,,,,N,,,,,,,,,,,N,,,,,,,,,,,N,,,,,,,,,,,N,,,,,,,,,,,N,,,,,,,,,,,N,,,,,,,,,,,N,,,,,,,,,,,N,,,,,,,,,,,N,,,
19,3,,,,,,,,,N,,,,,,,,,,,N,,,,,,,,,,,N,,,,,,,,,,,N,,,,,,,,,,,N,,,,,,,,,,,N,,,,,,,,,,,N,,,,,,,,,,,N,,,,,,,,,,,N,,,,,,,,,,,N,,,
19,4,,,,,,,,,N,,,,,,,,,,,N,,,,,,,,,,,N,,,,,,,,,,,N,,,,,,,,,,,N,,,,,,,,,,,N,,,,,,,,,,,N,,,,,,,,,,,N,,,,,,,,,,,N,,,,,,,,,,,N,,,
19,A,,,,,,,,,N,,,,,,,,,,,N,,,,,,,,,,,N,,,,,,,,,,,N,,,,,,,,,,,N,,,,,,,,,,,N,,,,,,,,,,,N,,,,,,,,,,,N,,,,,,,,,,,N,,,,,,,,,,,N,,,
19,B,,,,,,,,,N,,,,,,,,,,,N,,,,,,,,,,,N,,,,,,,,,,,N,,,,,,,,,,,N,,,,,,,,,,,N,,,,,,,,,,,N,,,,,,,,,,,N,,,,,,,,,,,N,,,,,,,,,,,N,,,
19,C,,,,,,,,,N,,,,,,,,,,,N,,,,,,,,,,,N,,,,,,,,,,,N,,,,,,,,,,,N,,,,,,,,,,,N,,,,,,,,,,,N,,,,,,,,,,,N,,,,,,,,,,,N,,,,,,,,,,,N,,,
19,D,,,,,,,,,N,,,,,,,,,,,N,,,,,,,,,,,N,,,,,,,,,,,N,,,,,,,,,,,N,,,,,,,,,,,N,,,,,,,,,,,N,,,,,,,,,,,N,,,,,,,,,,,N,,,,,,,,,,,N,,,
20,1,,,,,,,,,N,,,,,,,,,,,N,,,,,,,,,,,N,,,,,,,,,,,N,,,,,,,,,,,N,,,,,,,,,,,N,,,,,,,,,,,N,,,,,,,,,,,N,,,,,,,,,,,N,,,,,,,,,,,N,,,
20,2,,,,,,,,,N,,,,,,,,,,,N,,,,,,,,,,,N,,,,,,,,,,,N,,,,,,,,,,,N,,,,,,,,,,,N,,,,,,,,,,,N,,,,,,,,,,,N,,,,,,,,,,,N,,,,,,,,,,,N,,,
20,3,,,,,,,,,N,,,,,,,,,,,N,,,,,,,,,,,N,,,,,,,,,,,N,,,,,,,,,,,N,,,,,,,,,,,N,,,,,,,,,,,N,,,,,,,,,,,N,,,,,,,,,,,N,,,,,,,,,,,N,,,
20,4,,,,,,,,,N,,,,,,,,,,,N,,,,,,,,,,,N,,,,,,,,,,,N,,,,,,,,,,,N,,,,,,,,,,,N,,,,,,,,,,,N,,,,,,,,,,,N,,,,,,,,,,,N,,,,,,,,,,,N,,,
20,A,,,,,,,,,N,,,,,,,,,,,N,,,,,,,,,,,N,,,,,,,,,,,N,,,,,,,,,,,N,,,,,,,,,,,N,,,,,,,,,,,N,,,,,,,,,,,N,,,,,,,,,,,N,,,,,,,,,,,N,,,
20,B,,,,,,,,,N,,,,,,,,,,,N,,,,,,,,,,,N,,,,,,,,,,,N,,,,,,,,,,,N,,,,,,,,,,,N,,,,,,,,,,,N,,,,,,,,,,,N,,,,,,,,,,,N,,,,,,,,,,,N,,,
20,C,,,,,,,,,N,,,,,,,,,,,N,,,,,,,,,,,N,,,,,,,,,,,N,,,,,,,,,,,N,,,,,,,,,,,N,,,,,,,,,,,N,,,,,,,,,,,N,,,,,,,,,,,N,,,,,,,,,,,N,,,
20,D,,,,,,,,,N,,,,,,,,,,,N,,,,,,,,,,,N,,,,,,,,,,,N,,,,,,,,,,,N,,,,,,,,,,,N,,,,,,,,,,,N,,,,,,,,,,,N,,,,,,,,,,,N,,,,,,,,,,,N,,,
21,1,,,,,,,,,N,,,,,,,,,,,N,,,,,,,,,,,N,,,,,,,,,,,N,,,,,,,,,,,N,,,,,,,,,,,N,,,,,,,,,,,N,,,,,,,,,,,N,,,,,,,,,,,N,,,,,,,,,,,N,,,
21,2,,,,,,,,,N,,,,,,,,,,,N,,,,,,,,,,,N,,,,,,,,,,,N,,,,,,,,,,,N,,,,,,,,,,,N,,,,,,,,,,,N,,,,,,,,,,,N,,,,,,,,,,,N,,,,,,,,,,,N,,,
21,3,,,,,,,,,N,,,,,,,,,,,N,,,,,,,,,,,N,,,,,,,,,,,N,,,,,,,,,,,N,,,,,,,,,,,N,,,,,,,,,,,N,,,,,,,,,,,N,,,,,,,,,,,N,,,,,,,,,,,N,,,
21,4,,,,,,,,,N,,,,,,,,,,,N,,,,,,,,,,,N,,,,,,,,,,,N,,,,,,,,,,,N,,,,,,,,,,,N,,,,,,,,,,,N,,,,,,,,,,,N,,,,,,,,,,,N,,,,,,,,,,,N,,,
21,A,,,,,,,,,N,,,,,,,,,,,N,,,,,,,,,,,N,,,,,,,,,,,N,,,,,,,,,,,N,,,,,,,,,,,N,,,,,,,,,,,N,,,,,,,,,,,N,,,,,,,,,,,N,,,,,,,,,,,N,,,
21,B,,,,,,,,,N,,,,,,,,,,,N,,,,,,,,,,,N,,,,,,,,,,,N,,,,,,,,,,,N,,,,,,,,,,,N,,,,,,,,,,,N,,,,,,,,,,,N,,,,,,,,,,,N,,,,,,,,,,,N,,,
21,C,,,,,,,,,N,,,,,,,,,,,N,,,,,,,,,,,N,,,,,,,,,,,N,,,,,,,,,,,N,,,,,,,,,,,N,,,,,,,,,,,N,,,,,,,,,,,N,,,,,,,,,,,N,,,,,,,,,,,N,,,
21,D,,,,,,,,,N,,,,,,,,,,,N,,,,,,,,,,,N,,,,,,,,,,,N,,,,,,,,,,,N,,,,,,,,,,,N,,,,,,,,,,,N,,,,,,,,,,,N,,,,,,,,,,,N,,,,,,,,,,,N,,,
22,1,,,,,,,,,N,,,,,,,,,,,N,,,,,,,,,,,N,,,,,,,,,,,N,,,,,,,,,,,N,,,,,,,,,,,N,,,,,,,,,,,N,,,,,,,,,,,N,,,,,,,,,,,N,,,,,,,,,,,N,,,
22,2,,,,,,,,,N,,,,,,,,,,,N,,,,,,,,,,,N,,,,,,,,,,,N,,,,,,,,,,,N,,,,,,,,,,,N,,,,,,,,,,,N,,,,,,,,,,,N,,,,,,,,,,,N,,,,,,,,,,,N,,,
22,3,,,,,,,,,N,,,,,,,,,,,N,,,,,,,,,,,N,,,,,,,,,,,N,,,,,,,,,,,N,,,,,,,,,,,N,,,,,,,,,,,N,,,,,,,,,,,N,,,,,,,,,,,N,,,,,,,,,,,N,,,
22,4,,,,,,,,,N,,,,,,,,,,,N,,,,,,,,,,,N,,,,,,,,,,,N,,,,,,,,,,,N,,,,,,,,,,,N,,,,,,,,,,,N,,,,,,,,,,,N,,,,,,,,,,,N,,,,,,,,,,,N,,,
22,A,,,,,,,,,N,,,,,,,,,,,N,,,,,,,,,,,N,,,,,,,,,,,N,,,,,,,,,,,N,,,,,,,,,,,N,,,,,,,,,,,N,,,,,,,,,,,N,,,,,,,,,,,N,,,,,,,,,,,N,,,
22,B,,,,,,,,,N,,,,,,,,,,,N,,,,,,,,,,,N,,,,,,,,,,,N,,,,,,,,,,,N,,,,,,,,,,,N,,,,,,,,,,,N,,,,,,,,,,,N,,,,,,,,,,,N,,,,,,,,,,,N,,,
22,C,,,,,,,,,N,,,,,,,,,,,N,,,,,,,,,,,N,,,,,,,,,,,N,,,,,,,,,,,N,,,,,,,,,,,N,,,,,,,,,,,N,,,,,,,,,,,N,,,,,,,,,,,N,,,,,,,,,,,N,,,
22,D,,,,,,,,,N,,,,,,,,,,,N,,,,,,,,,,,N,,,,,,,,,,,N,,,,,,,,,,,N,,,,,,,,,,,N,,,,,,,,,,,N,,,,,,,,,,,N,,,,,,,,,,,N,,,,,,,,,,,N,,,
23,1,,,,,,,,,N,,,,,,,,,,,N,,,,,,,,,,,N,,,,,,,,,,,N,,,,,,,,,,,N,,,,,,,,,,,N,,,,,,,,,,,N,,,,,,,,,,,N,,,,,,,,,,,N,,,,,,,,,,,N,,,
23,2,,,,,,,,,N,,,,,,,,,,,N,,,,,,,,,,,N,,,,,,,,,,,N,,,,,,,,,,,N,,,,,,,,,,,N,,,,,,,,,,,N,,,,,,,,,,,N,,,,,,,,,,,N,,,,,,,,,,,N,,,
23,3,,,,,,,,,N,,,,,,,,,,,N,,,,,,,,,,,N,,,,,,,,,,,N,,,,,,,,,,,N,,,,,,,,,,,N,,,,,,,,,,,N,,,,,,,,,,,N,,,,,,,,,,,N,,,,,,,,,,,N,,,
23,4,,,,,,,,,N,,,,,,,,,,,N,,,,,,,,,,,N,,,,,,,,,,,N,,,,,,,,,,,N,,,,,,,,,,,N,,,,,,,,,,,N,,,,,,,,,,,N,,,,,,,,,,,N,,,,,,,,,,,N,,,
23,A,,,,,,,,,N,,,,,,,,,,,N,,,,,,,,,,,N,,,,,,,,,,,N,,,,,,,,,,,N,,,,,,,,,,,N,,,,,,,,,,,N,,,,,,,,,,,N,,,,,,,,,,,N,,,,,,,,,,,N,,,
23,B,,,,,,,,,N,,,,,,,,,,,N,,,,,,,,,,,N,,,,,,,,,,,N,,,,,,,,,,,N,,,,,,,,,,,N,,,,,,,,,,,N,,,,,,,,,,,N,,,,,,,,,,,N,,,,,,,,,,,N,,,
23,C,,,,,,,,,N,,,,,,,,,,,N,,,,,,,,,,,N,,,,,,,,,,,N,,,,,,,,,,,N,,,,,,,,,,,N,,,,,,,,,,,N,,,,,,,,,,,N,,,,,,,,,,,N,,,,,,,,,,,N,,,
23,D,,,,,,,,,N,,,,,,,,,,,N,,,,,,,,,,,N,,,,,,,,,,,N,,,,,,,,,,,N,,,,,,,,,,,N,,,,,,,,,,,N,,,,,,,,,,,N,,,,,,,,,,,N,,,,,,,,,,,N,,,
24,1,,,,,,,,,N,,,,,,,,,,,N,,,,,,,,,,,N,,,,,,,,,,,N,,,,,,,,,,,N,,,,,,,,,,,N,,,,,,,,,,,N,,,,,,,,,,,N,,,,,,,,,,,N,,,,,,,,,,,N,,,
24,2,,,,,,,,,N,,,,,,,,,,,N,,,,,,,,,,,N,,,,,,,,,,,N,,,,,,,,,,,N,,,,,,,,,,,N,,,,,,,,,,,N,,,,,,,,,,,N,,,,,,,,,,,N,,,,,,,,,,,N,,,
24,3,,,,,,,,,N,,,,,,,,,,,N,,,,,,,,,,,N,,,,,,,,,,,N,,,,,,,,,,,N,,,,,,,,,,,N,,,,,,,,,,,N,,,,,,,,,,,N,,,,,,,,,,,N,,,,,,,,,,,N,,,
24,4,,,,,,,,,N,,,,,,,,,,,N,,,,,,,,,,,N,,,,,,,,,,,N,,,,,,,,,,,N,,,,,,,,,,,N,,,,,,,,,,,N,,,,,,,,,,,N,,,,,,,,,,,N,,,,,,,,,,,N,,,
24,A,,,,,,,,,N,,,,,,,,,,,N,,,,,,,,,,,N,,,,,,,,,,,N,,,,,,,,,,,N,,,,,,,,,,,N,,,,,,,,,,,N,,,,,,,,,,,N,,,,,,,,,,,N,,,,,,,,,,,N,,,
24,B,,,,,,,,,N,,,,,,,,,,,N,,,,,,,,,,,N,,,,,,,,,,,N,,,,,,,,,,,N,,,,,,,,,,,N,,,,,,,,,,,N,,,,,,,,,,,N,,,,,,,,,,,N,,,,,,,,,,,N,,,
24,C,,,,,,,,,N,,,,,,,,,,,N,,,,,,,,,,,N,,,,,,,,,,,N,,,,,,,,,,,N,,,,,,,,,,,N,,,,,,,,,,,N,,,,,,,,,,,N,,,,,,,,,,,N,,,,,,,,,,,N,,,
24,D,,,,,,,,,N,,,,,,,,,,,N,,,,,,,,,,,N,,,,,,,,,,,N,,,,,,,,,,,N,,,,,,,,,,,N,,,,,,,,,,,N,,,,,,,,,,,N,,,,,,,,,,,N,,,,,,,,,,,N,,,
25,1,,,,,,,,,N,,,,,,,,,,,N,,,,,,,,,,,N,,,,,,,,,,,N,,,,,,,,,,,N,,,,,,,,,,,N,,,,,,,,,,,N,,,,,,,,,,,N,,,,,,,,,,,N,,,,,,,,,,,N,,,
25,2,,,,,,,,,N,,,,,,,,,,,N,,,,,,,,,,,N,,,,,,,,,,,N,,,,,,,,,,,N,,,,,,,,,,,N,,,,,,,,,,,N,,,,,,,,,,,N,,,,,,,,,,,N,,,,,,,,,,,N,,,
25,3,,,,,,,,,N,,,,,,,,,,,N,,,,,,,,,,,N,,,,,,,,,,,N,,,,,,,,,,,N,,,,,,,,,,,N,,,,,,,,,,,N,,,,,,,,,,,N,,,,,,,,,,,N,,,,,,,,,,,N,,,
25,4,,,,,,,,,N,,,,,,,,,,,N,,,,,,,,,,,N,,,,,,,,,,,N,,,,,,,,,,,N,,,,,,,,,,,N,,,,,,,,,,,N,,,,,,,,,,,N,,,,,,,,,,,N,,,,,,,,,,,N,,,
25,A,,,,,,,,,N,,,,,,,,,,,N,,,,,,,,,,,N,,,,,,,,,,,N,,,,,,,,,,,N,,,,,,,,,,,N,,,,,,,,,,,N,,,,,,,,,,,N,,,,,,,,,,,N,,,,,,,,,,,N,,,
25,B,,,,,,,,,N,,,,,,,,,,,N,,,,,,,,,,,N,,,,,,,,,,,N,,,,,,,,,,,N,,,,,,,,,,,N,,,,,,,,,,,N,,,,,,,,,,,N,,,,,,,,,,,N,,,,,,,,,,,N,,,
25,C,,,,,,,,,N,,,,,,,,,,,N,,,,,,,,,,,N,,,,,,,,,,,N,,,,,,,,,,,N,,,,,,,,,,,N,,,,,,,,,,,N,,,,,,,,,,,N,,,,,,,,,,,N,,,,,,,,,,,N,,,
25,D,,,,,,,,,N,,,,,,,,,,,N,,,,,,,,,,,N,,,,,,,,,,,N,,,,,,,,,,,N,,,,,,,,,,,N,,,,,,,,,,,N,,,,,,,,,,,N,,,,,,,,,,,N,,,,,,,,,,,N,,,
26,1,,,,,,,,,N,,,,,,,,,,,N,,,,,,,,,,,N,,,,,,,,,,,N,,,,,,,,,,,N,,,,,,,,,,,N,,,,,,,,,,,N,,,,,,,,,,,N,,,,,,,,,,,N,,,,,,,,,,,N,,,
26,2,,,,,,,,,N,,,,,,,,,,,N,,,,,,,,,,,N,,,,,,,,,,,N,,,,,,,,,,,N,,,,,,,,,,,N,,,,,,,,,,,N,,,,,,,,,,,N,,,,,,,,,,,N,,,,,,,,,,,N,,,
26,3,,,,,,,,,N,,,,,,,,,,,N,,,,,,,,,,,N,,,,,,,,,,,N,,,,,,,,,,,N,,,,,,,,,,,N,,,,,,,,,,,N,,,,,,,,,,,N,,,,,,,,,,,N,,,,,,,,,,,N,,,
26,4,,,,,,,,,N,,,,,,,,,,,N,,,,,,,,,,,N,,,,,,,,,,,N,,,,,,,,,,,N,,,,,,,,,,,N,,,,,,,,,,,N,,,,,,,,,,,N,,,,,,,,,,,N,,,,,,,,,,,N,,,
26,A,,,,,,,,,N,,,,,,,,,,,N,,,,,,,,,,,N,,,,,,,,,,,N,,,,,,,,,,,N,,,,,,,,,,,N,,,,,,,,,,,N,,,,,,,,,,,N,,,,,,,,,,,N,,,,,,,,,,,N,,,
26,B,,,,,,,,,N,,,,,,,,,,,N,,,,,,,,,,,N,,,,,,,,,,,N,,,,,,,,,,,N,,,,,,,,,,,N,,,,,,,,,,,N,,,,,,,,,,,N,,,,,,,,,,,N,,,,,,,,,,,N,,,
26,C,,,,,,,,,N,,,,,,,,,,,N,,,,,,,,,,,N,,,,,,,,,,,N,,,,,,,,,,,N,,,,,,,,,,,N,,,,,,,,,,,N,,,,,,,,,,,N,,,,,,,,,,,N,,,,,,,,,,,N,,,
26,D,,,,,,,,,N,,,,,,,,,,,N,,,,,,,,,,,N,,,,,,,,,,,N,,,,,,,,,,,N,,,,,,,,,,,N,,,,,,,,,,,N,,,,,,,,,,,N,,,,,,,,,,,N,,,,,,,,,,,N,,,
27,1,,,,,,,,,N,,,,,,,,,,,N,,,,,,,,,,,N,,,,,,,,,,,N,,,,,,,,,,,N,,,,,,,,,,,N,,,,,,,,,,,N,,,,,,,,,,,N,,,,,,,,,,,N,,,,,,,,,,,N,,,
27,2,,,,,,,,,N,,,,,,,,,,,N,,,,,,,,,,,N,,,,,,,,,,,N,,,,,,,,,,,N,,,,,,,,,,,N,,,,,,,,,,,N,,,,,,,,,,,N,,,,,,,,,,,N,,,,,,,,,,,N,,,
27,3,,,,,,,,,N,,,,,,,,,,,N,,,,,,,,,,,N,,,,,,,,,,,N,,,,,,,,,,,N,,,,,,,,,,,N,,,,,,,,,,,N,,,,,,,,,,,N,,,,,,,,,,,N,,,,,,,,,,,N,,,
27,4,,,,,,,,,N,,,,,,,,,,,N,,,,,,,,,,,N,,,,,,,,,,,N,,,,,,,,,,,N,,,,,,,,,,,N,,,,,,,,,,,N,,,,,,,,,,,N,,,,,,,,,,,N,,,,,,,,,,,N,,,
27,A,,,,,,,,,N,,,,,,,,,,,N,,,,,,,,,,,N,,,,,,,,,,,N,,,,,,,,,,,N,,,,,,,,,,,N,,,,,,,,,,,N,,,,,,,,,,,N,,,,,,,,,,,N,,,,,,,,,,,N,,,
27,B,,,,,,,,,N,,,,,,,,,,,N,,,,,,,,,,,N,,,,,,,,,,,N,,,,,,,,,,,N,,,,,,,,,,,N,,,,,,,,,,,N,,,,,,,,,,,N,,,,,,,,,,,N,,,,,,,,,,,N,,,
27,C,,,,,,,,,N,,,,,,,,,,,N,,,,,,,,,,,N,,,,,,,,,,,N,,,,,,,,,,,N,,,,,,,,,,,N,,,,,,,,,,,N,,,,,,,,,,,N,,,,,,,,,,,N,,,,,,,,,,,N,,,
27,D,,,,,,,,,N,,,,,,,,,,,N,,,,,,,,,,,N,,,,,,,,,,,N,,,,,,,,,,,N,,,,,,,,,,,N,,,,,,,,,,,N,,,,,,,,,,,N,,,,,,,,,,,N,,,,,,,,,,,N,,,
28,1,,,,,,,,,N,,,,,,,,,,,N,,,,,,,,,,,N,,,,,,,,,,,N,,,,,,,,,,,N,,,,,,,,,,,N,,,,,,,,,,,N,,,,,,,,,,,N,,,,,,,,,,,N,,,,,,,,,,,N,,,
28,2,,,,,,,,,N,,,,,,,,,,,N,,,,,,,,,,,N,,,,,,,,,,,N,,,,,,,,,,,N,,,,,,,,,,,N,,,,,,,,,,,N,,,,,,,,,,,N,,,,,,,,,,,N,,,,,,,,,,,N,,,
28,3,,,,,,,,,N,,,,,,,,,,,N,,,,,,,,,,,N,,,,,,,,,,,N,,,,,,,,,,,N,,,,,,,,,,,N,,,,,,,,,,,N,,,,,,,,,,,N,,,,,,,,,,,N,,,,,,,,,,,N,,,
28,4,,,,,,,,,N,,,,,,,,,,,N,,,,,,,,,,,N,,,,,,,,,,,N,,,,,,,,,,,N,,,,,,,,,,,N,,,,,,,,,,,N,,,,,,,,,,,N,,,,,,,,,,,N,,,,,,,,,,,N,,,
28,A,,,,,,,,,N,,,,,,,,,,,N,,,,,,,,,,,N,,,,,,,,,,,N,,,,,,,,,,,N,,,,,,,,,,,N,,,,,,,,,,,N,,,,,,,,,,,N,,,,,,,,,,,N,,,,,,,,,,,N,,,
28,B,,,,,,,,,N,,,,,,,,,,,N,,,,,,,,,,,N,,,,,,,,,,,N,,,,,,,,,,,N,,,,,,,,,,,N,,,,,,,,,,,N,,,,,,,,,,,N,,,,,,,,,,,N,,,,,,,,,,,N,,,
28,C,,,,,,,,,N,,,,,,,,,,,N,,,,,,,,,,,N,,,,,,,,,,,N,,,,,,,,,,,N,,,,,,,,,,,N,,,,,,,,,,,N,,,,,,,,,,,N,,,,,,,,,,,N,,,,,,,,,,,N,,,
28,D,,,,,,,,,N,,,,,,,,,,,N,,,,,,,,,,,N,,,,,,,,,,,N,,,,,,,,,,,N,,,,,,,,,,,N,,,,,,,,,,,N,,,,,,,,,,,N,,,,,,,,,,,N,,,,,,,,,,,N,,,
29,1,,,,,,,,,N,,,,,,,,,,,N,,,,,,,,,,,N,,,,,,,,,,,N,,,,,,,,,,,N,,,,,,,,,,,N,,,,,,,,,,,N,,,,,,,,,,,N,,,,,,,,,,,N,,,,,,,,,,,N,,,
29,2,,,,,,,,,N,,,,,,,,,,,N,,,,,,,,,,,N,,,,,,,,,,,N,,,,,,,,,,,N,,,,,,,,,,,N,,,,,,,,,,,N,,,,,,,,,,,N,,,,,,,,,,,N,,,,,,,,,,,N,,,
29,3,,,,,,,,,N,,,,,,,,,,,N,,,,,,,,,,,N,,,,,,,,,,,N,,,,,,,,,,,N,,,,,,,,,,,N,,,,,,,,,,,N,,,,,,,,,,,N,,,,,,,,,,,N,,,,,,,,,,,N,,,
29,4,,,,,,,,,N,,,,,,,,,,,N,,,,,,,,,,,N,,,,,,,,,,,N,,,,,,,,,,,N,,,,,,,,,,,N,,,,,,,,,,,N,,,,,,,,,,,N,,,,,,,,,,,N,,,,,,,,,,,N,,,
29,A,,,,,,,,,N,,,,,,,,,,,N,,,,,,,,,,,N,,,,,,,,,,,N,,,,,,,,,,,N,,,,,,,,,,,N,,,,,,,,,,,N,,,,,,,,,,,N,,,,,,,,,,,N,,,,,,,,,,,N,,,
29,B,,,,,,,,,N,,,,,,,,,,,N,,,,,,,,,,,N,,,,,,,,,,,N,,,,,,,,,,,N,,,,,,,,,,,N,,,,,,,,,,,N,,,,,,,,,,,N,,,,,,,,,,,N,,,,,,,,,,,N,,,
29,C,,,,,,,,,N,,,,,,,,,,,N,,,,,,,,,,,N,,,,,,,,,,,N,,,,,,,,,,,N,,,,,,,,,,,N,,,,,,,,,,,N,,,,,,,,,,,N,,,,,,,,,,,N,,,,,,,,,,,N,,,
29,D,,,,,,,,,N,,,,,,,,,,,N,,,,,,,,,,,N,,,,,,,,,,,N,,,,,,,,,,,N,,,,,,,,,,,N,,,,,,,,,,,N,,,,,,,,,,,N,,,,,,,,,,,N,,,,,,,,,,,N,,,
30,1,,,,,,,,,N,,,,,,,,,,,N,,,,,,,,,,,N,,,,,,,,,,,N,,,,,,,,,,,N,,,,,,,,,,,N,,,,,,,,,,,N,,,,,,,,,,,N,,,,,,,,,,,N,,,,,,,,,,,N,,,
30,2,,,,,,,,,N,,,,,,,,,,,N,,,,,,,,,,,N,,,,,,,,,,,N,,,,,,,,,,,N,,,,,,,,,,,N,,,,,,,,,,,N,,,,,,,,,,,N,,,,,,,,,,,N,,,,,,,,,,,N,,,
30,3,,,,,,,,,N,,,,,,,,,,,N,,,,,,,,,,,N,,,,,,,,,,,N,,,,,,,,,,,N,,,,,,,,,,,N,,,,,,,,,,,N,,,,,,,,,,,N,,,,,,,,,,,N,,,,,,,,,,,N,,,
30,4,,,,,,,,,N,,,,,,,,,,,N,,,,,,,,,,,N,,,,,,,,,,,N,,,,,,,,,,,N,,,,,,,,,,,N,,,,,,,,,,,N,,,,,,,,,,,N,,,,,,,,,,,N,,,,,,,,,,,N,,,
30,A,,,,,,,,,N,,,,,,,,,,,N,,,,,,,,,,,N,,,,,,,,,,,N,,,,,,,,,,,N,,,,,,,,,,,N,,,,,,,,,,,N,,,,,,,,,,,N,,,,,,,,,,,N,,,,,,,,,,,N,,,
30,B,,,,,,,,,N,,,,,,,,,,,N,,,,,,,,,,,N,,,,,,,,,,,N,,,,,,,,,,,N,,,,,,,,,,,N,,,,,,,,,,,N,,,,,,,,,,,N,,,,,,,,,,,N,,,,,,,,,,,N,,,
30,C,,,,,,,,,N,,,,,,,,,,,N,,,,,,,,,,,N,,,,,,,,,,,N,,,,,,,,,,,N,,,,,,,,,,,N,,,,,,,,,,,N,,,,,,,,,,,N,,,,,,,,,,,N,,,,,,,,,,,N,,,
30,D,,,,,,,,,N,,,,,,,,,,,N,,,,,,,,,,,N,,,,,,,,,,,N,,,,,,,,,,,N,,,,,,,,,,,N,,,,,,,,,,,N,,,,,,,,,,,N,,,,,,,,,,,N,,,,,,,,,,,N,,,
31,1,,,,,,,,,N,,,,,,,,,,,N,,,,,,,,,,,N,,,,,,,,,,,N,,,,,,,,,,,N,,,,,,,,,,,N,,,,,,,,,,,N,,,,,,,,,,,N,,,,,,,,,,,N,,,,,,,,,,,N,,,
31,2,,,,,,,,,N,,,,,,,,,,,N,,,,,,,,,,,N,,,,,,,,,,,N,,,,,,,,,,,N,,,,,,,,,,,N,,,,,,,,,,,N,,,,,,,,,,,N,,,,,,,,,,,N,,,,,,,,,,,N,,,
31,3,,,,,,,,,N,,,,,,,,,,,N,,,,,,,,,,,N,,,,,,,,,,,N,,,,,,,,,,,N,,,,,,,,,,,N,,,,,,,,,,,N,,,,,,,,,,,N,,,,,,,,,,,N,,,,,,,,,,,N,,,
31,4,,,,,,,,,N,,,,,,,,,,,N,,,,,,,,,,,N,,,,,,,,,,,N,,,,,,,,,,,N,,,,,,,,,,,N,,,,,,,,,,,N,,,,,,,,,,,N,,,,,,,,,,,N,,,,,,,,,,,N,,,
31,A,,,,,,,,,N,,,,,,,,,,,N,,,,,,,,,,,N,,,,,,,,,,,N,,,,,,,,,,,N,,,,,,,,,,,N,,,,,,,,,,,N,,,,,,,,,,,N,,,,,,,,,,,N,,,,,,,,,,,N,,,
31,B,,,,,,,,,N,,,,,,,,,,,N,,,,,,,,,,,N,,,,,,,,,,,N,,,,,,,,,,,N,,,,,,,,,,,N,,,,,,,,,,,N,,,,,,,,,,,N,,,,,,,,,,,N,,,,,,,,,,,N,,,
31,C,,,,,,,,,N,,,,,,,,,,,N,,,,,,,,,,,N,,,,,,,,,,,N,,,,,,,,,,,N,,,,,,,,,,,N,,,,,,,,,,,N,,,,,,,,,,,N,,,,,,,,,,,N,,,,,,,,,,,N,,,
31,D,,,,,,,,,N,,,,,,,,,,,N,,,,,,,,,,,N,,,,,,,,,,,N,,,,,,,,,,,N,,,,,,,,,,,N,,,,,,,,,,,N,,,,,,,,,,,N,,,,,,,,,,,N,,,,,,,,,,,N,,,
,,,,,,,,,,,,,,,,,,,,,,,,,,,,,,,,,,,,,,,,,,,,,,,,,,
* Expression_Settings,,,,,,,,,,,,,,,,,,,,,,,,,,,,,,,,,,,,,,,,,,,,,,,,,,
Pedal,Min_ADC,Max_ADC,Curve,Invert,Channel,Toe_Button,Heel_Button,Toe_Level,Heel_Level,Out_Min,Out_Max,Auto_Button,Auto_Off_ms,Output,Send_On_Bank
1,100,3900,Linear,N,Global,None,None,120,7,0,127,None,500,CC,N
2,100,3900,Linear,N,Global,None,None,120,7,0,100,None,500,CC,N
,,,,,,,,,,,,,,,,,,,,,,,,,,,,,,,,,,,,,,,,,,,,,,,,,,
* BankEnter_Settings,,,,,,,,,,,,,,,,,,,,,,,,,,,,,,,,,,,,,,,,,,,,,,,,,,
Bank_Number,A_CommandType,A_Channel_(PC/CC/Note/PB),A_Number_(PC/CC/Note),A_OnValue_(CC/PB),A_OffValue_(CC),A_BankSelect_(PC),A_BankSelectHighByte_(PC),A_Toggle_(CC/PB/Note),A_Velocity_(Note),A_Duration_(Note/PB),A_KeyMode_(Key),B_CommandType,B_Channel_(PC/CC/Note/PB),B_Number_(PC/CC/Note),B_OnValue_(CC/PB),B_OffValue_(CC),B_BankSelect_(PC),B_BankSelectHighByte_(PC),B_Toggle_(CC/PB/Note),B_Velocity_(Note),B_Duration_(Note/PB),B_KeyMode_(Key),C_CommandType,C_Channel_(PC/CC/Note/PB),C_Number_(PC/CC/Note),C_OnValue_(CC/PB),C_OffValue_(CC),C_BankSelect_(PC),C_BankSelectHighByte_(PC),C_Toggle_(CC/PB/Note),C_Velocity_(Note),C_Duration_(Note/PB),C_KeyMode_(Key),D_CommandType,D_Channel_(PC/CC/Note/PB),D_Number_(PC/CC/Note),D_OnValue_(CC/PB),D_OffValue_(CC),D_BankSelect_(PC),D_BankSelectHighByte_(PC),D_Toggle_(CC/PB/Note),D_Velocity_(Note),D_Duration_(Note/PB),D_KeyMode_(Key),E_CommandType,E_Channel_(PC/CC/Note/PB),E_Number_(PC/CC/Note),E_OnValue_(CC/PB),E_OffValue_(CC),E_BankSelect_(PC),E_BankSelectHighByte_(PC),E_Toggle_(CC/PB/Note),E_Velocity_(Note),E_Duration_(Note/PB),E_KeyMode_(Key),F_CommandType,F_Channel_(PC/CC/Note/PB),F_Number_(PC/CC/Note),F_OnValue_(CC/PB),F_OffValue_(CC),F_BankSelect_(PC),F_BankSelectHighByte_(PC),F_Toggle_(CC/PB/Note),F_Velocity_(Note),F_Duration_(Note/PB),F_KeyMode_(Key),G_CommandType,G_Channel_(PC/CC/Note/PB),G_Number_(PC/CC/Note),G_OnValue_(CC/PB),G_OffValue_(CC),G_BankSelect_(PC),G_BankSelectHighByte_(PC),G_Toggle_(CC/PB/Note),G_Velocity_(Note),G_Duration_(Note/PB),G_KeyMode_(Key),H_CommandType,H_Channel_(PC/CC/Note/PB),H_Number_(PC/CC/Note),H_OnValue_(CC/PB),H_OffValue_(CC),H_BankSelect_(PC),H_BankSelectHighByte_(PC),H_Toggle_(CC/PB/Note),H_Velocity_(Note),H_Duration_(Note/PB),H_KeyMode_(Key),I_CommandType,I_Channel_(PC/CC/Note/PB),I_Number_(PC/CC/Note),I_OnValue_(CC/PB),I_OffValue_(CC),I_BankSelect_(PC),I_BankSelectHighByte_(PC),I_Toggle_(CC/PB/Note),I_Velocity_(Note),I_Duration_(Note/PB),I_KeyMode_(Key),J_CommandType,J_Channel_(PC/CC/Note/PB),J_Number_(PC/CC/Note),J_OnValue_(CC/PB),J_OffValue_(CC),J_BankSelect_(PC),J_BankSelectHighByte_(PC),J_Toggle_(CC/PB/Note),J_Velocity_(Note),J_Duration_(Note/PB),J_KeyMode_(Key)
0,PC,1,0,,,,,N,,,,,,,,,,,N,,,,,,,,,,,N,,,,,,,,,,,N,,,,,,,,,,,N,,,,,,,,,,,N,,,,,,,,,,,N,,,,,,,,,,,N,,,,,,,,,,,N,,,,,,,,,,,N,,,
1,PC,1,1,,,,,N,,,,,,,,,,,N,,,,,,,,,,,N,,,,,,,,,,,N,,,,,,,,,,,N,,,,,,,,,,,N,,,,,,,,,,,N,,,,,,,,,,,N,,,,,,,,,,,N,,,,,,,,,,,N,,,
2,PC,1,2,,,,,N,,,,,,,,,,,N,,,,,,,,,,,N,,,,,,,,,,,N,,,,,,,,,,,N,,,,,,,,,,,N,,,,,,,,,,,N,,,,,,,,,,,N,,,,,,,,,,,N,,,,,,,,,,,N,,,
3,PC,1,3,,,,,N,,,,,,,,,,,N,,,,,,,,,,,N,,,,,,,,,,,N,,,,,,,,,,,N,,,,,,,,,,,N,,,,,,,,,,,N,,,,,,,,,,,N,,,,,,,,,,,N,,,,,,,,,,,N,,,
4,PC,1,4,,,,,N,,,,,,,,,,,N,,,,,,,,,,,N,,,,,,,,,,,N,,,,,,,,,,,N,,,,,,,,,,,N,,,,,,,,,,,N,,,,,,,,,,,N,,,,,,,,,,,N,,,,,,,,,,,N,,,
5,PC,1,5,,,,,N,,,,,,,,,,,N,,,,,,,,,,,N,,,,,,,,,,,N,,,,,,,,,,,N,,,,,,,,,,,N,,,,,,,,,,,N,,,,,,,,,,,N,,,,,,,,,,,N,,,,,,,,,,,N,,,
6,PC,1,6,,,,,N,,,,,,,,,,,N,,,,,,,,,,,N,,,,,,,,,,,N,,,,,,,,,,,N,,,,,,,,,,,N,,,,,,,,,,,N,,,,,,,,,,,N,,,,,,,,,,,N,,,,,,,,,,,N,,,
7,PC,1,7,,,,,N,,,,,,,,,,,N,,,,,,,,,,,N,,,,,,,,,,,N,,,,,,,,,,,N,,,,,,,,,,,N,,,,,,,,,,,N,,,,,,,,,,,N,,,,,,,,,,,N,,,,,,,,,,,N,,,
8,PC,1,8,,,,,N,,,,,,,,,,,N,,,,,,,,,,,N,,,,,,,,,,,N,,,,,,,,,,,N,,,,,,,,,,,N,,,,,,,,,,,N,,,,,,,,,,,N,,,,,,,,,,,N,,,,,,,,,,,N,,,
9,PC,1,9,,,,,N,,,,,,,,,,,N,,,,,,,,,,,N,,,,,,,,,,,N,,,,,,,,,,,N,,,,,,,,,,,N,,,,,,,,,,,N,,,,,,,,,,,N,,,,,,,,,,,N,,,,,,,,,,,N,,,
10,PC,1,10,,,,,N,,,,,,,,,,,N,,,,,,,,,,,N,,,,,,,,,,,N,,,,,,,,,,,N,,,,,,,,,,,N,,,,,,,,,,,N,,,,,,,,,,,N,,,,,,,,,,,N,,,,,,,,,,,N,,,
11,PC,1,11,,,,,N,,,,,,,,,,,N,,,,,,,,,,,N,,,,,,,,,,,N,,,,,,,,,,,N,,,,,,,,,,,N,,,,,,,,,,,N,,,,,,,,,,,N,,,,,,,,,,,N,,,,,,,,,,,N,,,
12,PC,1,12,,,,,N,,,,,,,,,,,N,,,,,,,,,,,N,,,,,,,,,,,N,,,,,,,,,,,N,,,,,,,,,,,N,,,,,,,,,,,N,,,,,,,,,,,N,,,,,,,,,,,N,,,,,,,,,,,N,,,
13,PC,1,13,,,,,N,,,,,,,,,,,N,,,,,,,,,,,N,,,,,,,,,,,N,,,,,,,,,,,N,,,,,,,,,,,N,,,,,,,,,,,N,,,,,,,,,,,N,,,,,,,,,,,N,,,,,,,,,,,N,,,
14,PC,1,14,,,,,N,,,,,,,,,,,N,,,,,,,,,,,N,,,,,,,,,,,N,,,,,,,,,,,N,,,,,,,,,,,N,,,,,,,,,,,N,,,,,,,,,,,N,,,,,,,,,,,N,,,,,,,,,,,N,,,
15,PC,1,15,,,,,N,,,,,,,,,,,N,,,,,,,,,,,N,,,,,,,,,,,N,,,,,,,,,,,N,,,,,,,,,,,N,,,,,,,,,,,N,,,,,,,,,,,N,,,,,,,,,,,N,,,,,,,,,,,N,,,
16,PC,1,16,,,,,N,,,,,,,,,,,N,,,,,,,,,,,N,,,,,,,,,,,N,,,,,,,,,,,N,,,,,,,,,,,N,,,,,,,,,,,N,,,,,,,,,,,N,,,,,,,,,,,N,,,,,,,,,,,N,,,
17,PC,1,17,,,,,N,,,,,,,,,,,N,,,,,,,,,,,N,,,,,,,,,,,N,,,,,,,,,,,N,,,,,,,,,,,N,,,,,,,,,,,N,,,,,,,,,,,N,,,,,,,,,,,N,,,,,,,,,,,N,,,
18,PC,1,18,,,,,N,,,,,,,,,,,N,,,,,,,,,,,N,,,,,,,,,,,N,,,,,,,,,,,N,,,,,,,,,,,N,,,,,,,,,,,N,,,,,,,,,,,N,,,,,,,,,,,N,,,,,,,,,,,N,,,
19,PC,1,19,,,,,N,,,,,,,,,,,N,,,,,,,,,,,N,,,,,,,,,,,N,,,,,,,,,,,N,,,,,,,,,,,N,,,,,,,,,,,N,,,,,,,,,,,N,,,,,,,,,,,N,,,,,,,,,,,N,,,
20,PC,1,20,,,,,N,,,,,,,,,,,N,,,,,,,,,,,N,,,,,,,,,,,N,,,,,,,,,,,N,,,,,,,,,,,N,,,,,,,,,,,N,,,,,,,,,,,N,,,,,,,,,,,N,,,,,,,,,,,N,,,
21,PC,1,21,,,,,N,,,,,,,,,,,N,,,,,,,,,,,N,,,,,,,,,,,N,,,,,,,,,,,N,,,,,,,,,,,N,,,,,,,,,,,N,,,,,,,,,,,N,,,,,,,,,,,N,,,,,,,,,,,N,,,
22,PC,1,22,,,,,N,,,,,,,,,,,N,,,,,,,,,,,N,,,,,,,,,,,N,,,,,,,,,,,N,,,,,,,,,,,N,,,,,,,,,,,N,,,,,,,,,,,N,,,,,,,,,,,N,,,,,,,,,,,N,,,
23,PC,1,23,,,,,N,,,,,,,,,,,N,,,,,,,,,,,N,,,,,,,,,,,N,,,,,,,,,,,N,,,,,,,,,,,N,,,,,,,,,,,N,,,,,,,,,,,N,,,,,,,,,,,N,,,,,,,,,,,N,,,
24,PC,1,24,,,,,N,,,,,,,,,,,N,,,,,,,,,,,N,,,,,,,,,,,N,,,,,,,,,,,N,,,,,,,,,,,N,,,,,,,,,,,N,,,,,,,,,,,N,,,,,,,,,,,N,,,,,,,,,,,N,,,
25,PC,1,25,,,,,N,,,,,,,,,,,N,,,,,,,,,,,N,,,,,,,,,,,N,,,,,,,,,,,N,,,,,,,,,,,N,,,,,,,,,,,N,,,,,,,,,,,N,,,,,,,,,,,N,,,,,,,,,,,N,,,
26,PC,1,26,,,,,N,,,,,,,,,,,N,,,,,,,,,,,N,,,,,,,,,,,N,,,,,,,,,,,N,,,,,,,,,,,N,,,,,,,,,,,N,,,,,,,,,,,N,,,,,,,,,,,N,,,,,,,,,,,N,,,
27,PC,1,27,,,,,N,,,,,,,,,,,N,,,,,,,,,,,N,,,,,,,,,,,N,,,,,,,,,,,N,,,,,,,,,,,N,,,,,,,,,,,N,,,,,,,,,,,N,,,,,,,,,,,N,,,,,,,,,,,N,,,
28,PC,1,28,,,,,N,,,,,,,,,,,N,,,,,,,,,,,N,,,,,,,,,,,N,,,,,,,,,,,N,,,,,,,,,,,N,,,,,,,,,,,N,,,,,,,,,,,N,,,,,,,,,,,N,,,,,,,,,,,N,,,
29,PC,1,29,,,,,N,,,,,,,,,,,N,,,,,,,,,,,N,,,,,,,,,,,N,,,,,,,,,,,N,,,,,,,,,,,N,,,,,,,,,,,N,,,,,,,,,,,N,,,,,,,,,,,N,,,,,,,,,,,N,,,
30,,,,,,,,N,,,,,,,,,,,N,,,,,,,,,,,N,,,,,,,,,,,N,,,,,,,,,,,N,,,,,,,,,,,N,,,,,,,,,,,N,,,,,,,,,,,N,,,,,,,,,,,N,,,,,,,,,,,N,,,
31,,,,,,,,N,,,,,,,,,,,N,,,,,,,,,,,N,,,,,,,,,,,N,,,,,,,,,,,N,,,,,,,,,,,N,,,,,,,,,,,N,,,,,,,,,,,N,,,,,,,,,,,N,,,,,,,,,,,N,,,
,,,,,,,,,,,,,,,,,,,,,,,,,,,,,,,,,,,,,,,,,,,,,,,,,,
* SysEx_Strings,,,,,,,,,,,,,,,,,,,,,,,,,,,,,,,,,,,,,,,,,,,,,,,,,,
Index,Bytes
0,
1,
2,
3,
4,
5,
6,
7,
8,
9,
10,
11,
12,
13,
14,
15,
,,,,,,,,,,,,,,,,,,,,,,,,,,,,,,,,,,,,,,,,,,,,,,,,,,
* BankSwitch_Settings,,,,,,,,,,,,,,,,,,,,,,,,,,,,,,,,,,,,,,,,,,,,,,,,,,
Switch,Press,A_CommandType,A_Channel_(PC/CC/Note/PB),A_Number_(PC/CC/Note),A_OnValue_(CC/PB),A_OffValue_(CC),A_BankSelect_(PC),A_BankSelectHighByte_(PC),A_Toggle_(CC/PB/Note),A_Velocity_(Note),A_Duration_(Note/PB),A_KeyMode_(Key),B_CommandType,B_Channel_(PC/CC/Note/PB),B_Number_(PC/CC/Note),B_OnValue_(CC/PB),B_OffValue_(CC),B_BankSelect_(PC),B_BankSelectHighByte_(PC),B_Toggle_(CC/PB/Note),B_Velocity_(Note),B_Duration_(Note/PB),B_KeyMode_(Key),C_CommandType,C_Channel_(PC/CC/Note/PB),C_Number_(PC/CC/Note),C_OnValue_(CC/PB),C_OffValue_(CC),C_BankSelect_(PC),C_BankSelectHighByte_(PC),C_Toggle_(CC/PB/Note),C_Velocity_(Note),C_Duration_(Note/PB),C_KeyMode_(Key),D_CommandType,D_Channel_(PC/CC/Note/PB),D_Number_(PC/CC/Note),D_OnValue_(CC/PB),D_OffValue_(CC),D_BankSelect_(PC),D_BankSelectHighByte_(PC),D_Toggle_(CC/PB/Note),D_Velocity_(Note),D_Duration_(Note/PB),D_KeyMode_(Key),E_CommandType,E_Channel_(PC/CC/Note/PB),E_Number_(PC/CC/Note),E_OnValue_(CC/PB),E_OffValue_(CC),E_BankSelect_(PC),E_BankSelectHighByte_(PC),E_Toggle_(CC/PB/Note),E_Velocity_(Note),E_Duration_(Note/PB),E_KeyMode_(Key),F_CommandType,F_Channel_(PC/CC/Note/PB),F_Number_(PC/CC/Note),F_OnValue_(CC/PB),F_OffValue_(CC),F_BankSelect_(PC),F_BankSelectHighByte_(PC),F_Toggle_(CC/PB/Note),F_Velocity_(Note),F_Duration_(Note/PB),F_KeyMode_(Key),G_CommandType,G_Channel_(PC/CC/Note/PB),G_Number_(PC/CC/Note),G_OnValue_(CC/PB),G_OffValue_(CC),G_BankSelect_(PC),G_BankSelectHighByte_(PC),G_Toggle_(CC/PB/Note),G_Velocity_(Note),G_Duration_(Note/PB),G_KeyMode_(Key),H_CommandType,H_Channel_(PC/CC/Note/PB),H_Number_(PC/CC/Note),H_OnValue_(CC/PB),H_OffValue_(CC),H_BankSelect_(PC),H_BankSelectHighByte_(PC),H_Toggle_(CC/PB/Note),H_Velocity_(Note),H_Duration_(Note/PB),H_KeyMode_(Key),I_CommandType,I_Channel_(PC/CC/Note/PB),I_Number_(PC/CC/Note),I_OnValue_(CC/PB),I_OffValue_(CC),I_BankSelect_(PC),I_BankSelectHighByte_(PC),I_Toggle_(CC/PB/Note),I_Velocity_(Note),I_Duration_(Note/PB),I_KeyMode_(Key),J_CommandType,J_Channel_(PC/CC/Note/PB),J_Number_(PC/CC/Note),J_OnValue_(CC/PB),J_OffValue_(CC),J_BankSelect_(PC),J_BankSelectHighByte_(PC),J_Toggle_(CC/PB/Note),J_Velocity_(Note),J_Duration_(Note/PB),J_KeyMode_(Key)
Down,Short,,,,,,,,N,,,,,,,,,,,N,,,,,,,,,,,N,,,,,,,,,,,N,,,,,,,,,,,N,,,,,,,,,,,N,,,,,,,,,,,N,,,,,,,,,,,N,,,,,,,,,,,N,,,,,,,,,,,N,,,
Down,Long,,,,,,,,N,,,,,,,,,,,N,,,,,,,,,,,N,,,,,,,,,,,N,,,,,,,,,,,N,,,,,,,,,,,N,,,,,,,,,,,N,,,,,,,,,,,N,,,,,,,,,,,N,,,,,,,,,,,N,,,
Up,Short,,,,,,,,N,,,,,,,,,,,N,,,,,,,,,,,N,,,,,,,,,,,N,,,,,,,,,,,N,,,,,,,,,,,N,,,,,,,,,,,N,,,,,,,,,,,N,,,,,,,,,,,N,,,,,,,,,,,N,,,
Up,Long,,,,,,,,N,,,,,,,,,,,N,,,,,,,,,,,N,,,,,,,,,,,N,,,,,,,,,,,N,,,,,,,,,,,N,,,,,,,,,,,N,,,,,,,,,,,N,,,,,,,,,,,N,,,,,,,,,,,N,,,
,,,,,,,,,,,,,,,,,,,,,,,,,,,,,,,,,,,,,,,,,,,,,,,,,,
* BankExpression_Settings,,,,,,,,,,,,,,,,,,,,,,,,,,,,,,,,,,,,,,,,,,,,,,,,,,
Bank_Number,Exp1_CC,Exp1_Channel,Exp1_Min,Exp1_Max,Exp2_CC,Exp2_Channel,Exp2_Min,Exp2_Max
0,,,,,,,,
1,,,,,,,,
2,,,,,,,,
3,,,,,,,,
4,,,,,,,,
5,,,,,,,,
6,,,,,,,,
7,,,,,,,,
8,,,,,,,,
9,,,,,,,,
10,,,,,,,,
11,,,,,,,,
12,,,,,,,,
13,,,,,,,,
14,,,,,,,,
15,,,,,,,,
16,,,,,,,,
17,,,,,,,,
18,,,,,,,,
19,,,,,,,,
20,,,,,,,,
21,,,,,,,,
22,,,,,,,,
23,,,,,,,,
24,,,,,,,,
25,,,,,,,,
26,,,,,,,,
27,,,,,,,,
28,,,,,,,,
29,,,,,,,,
30,,,,,,,,
31,,,,,,,,
