# Notes,,,,,,,,,,,,,,,,,,,,,,,,,,,,,,,,,,,,,,,,,,,,,,,,,,
# Cantabile template, generated by make_cantabile_template.py,,,,,,,,,,,,,,,,,,,,,,,,,,,,,,,,,,,,,,,,,,,,,,,,,,
#,,,,,,,,,,,,,,,,,,,,,,,,,,,,,,,,,,,,,,,,,,,,,,,,,,
* Global_Settings,,,,,,,,,,,,,,,,,,,,,,,,,,,,,,,,,,,,,,,,,,,,,,,,,,
Label,Value
MIDI_Channel,1
ConfigName,Cantabile
Exp1_CC,11
Exp2_CC,1
Bank_Up_LED_Mode,Normal
Bank_Down_LED_Mode,Normal
RealTime_Passthrough,N
USB_MIDI_Thru,N
Remember_State,N
Long_Press_ms,500
LED_Brightness,100
LED_Rest_Brightness,25
Bank_Jump_Step,10
Bank_Switch_Mode,Bank
,,,,,,,,,,,,,,,,,,,,,,,,,,,,,,,,,,,,,,,,,,,,,,,,,,
* Bank_Naming,,,,,,,,,,,,,,,,,,,,,,,,,,,,,,,,,,,,,,,,,,,,,,,,,,
Bank_Number,Bank_Name_Large,Bank_Info_Small
0,S000,song
1,S001,song
2,S002,song
3,S003,song
4,S004,song
5,S005,song
6,S006,song
7,S007,song
8,S008,song
9,S009,song
10,S010,song
11,S011,song
12,S012,song
13,S013,song
14,S014,song
15,S015,song
16,S016,song
17,S017,song
18,S018,song
19,S019,song
20,S020,song
21,S021,song
22,S022,song
23,S023,song
24,S024,song
25,S025,song
26,S026,song
27,S027,song
28,S028,song
29,S029,song
30,S030,song
31,S031,song
,,,,,,,,,,,,,,,,,,,,,,,,,,,,,,,,,,,,,,,,,,,,,,,,,,
* Button_Settings,,,,,,,,,,,,,,,,,,,,,,,,,,,,,,,,,,,,,,,,,,,,,,,,,,
Bank_Number,Button_Identifier,Label,A_CommandType,A_Channel_(PC/CC/Note/PB),A_Number_(PC/CC/Note),A_OnValue_(CC/PB),A_OffValue_(CC),A_BankSelect_(PC),A_BankSelectHighByte_(PC),A_Toggle_(CC/PB/Note),A_Velocity_(Note),A_Duration_(Note/PB),B_CommandType,B_Channel_(PC/CC/Note/PB),B_Number_(PC/CC/Note),B_OnValue_(CC/PB),B_OffValue_(CC),B_BankSelect_(PC),B_BankSelectHighByte_(PC),B_Toggle_(CC/PB/Note),B_Velocity_(Note),B_Duration_(Note/PB),C_CommandType,C_Channel_(PC/CC/Note/PB),C_Number_(PC/CC/Note),C_OnValue_(CC/PB),C_OffValue_(CC),C_BankSelect_(PC),C_BankSelectHighByte_(PC),C_Toggle_(CC/PB/Note),C_Velocity_(Note),C_Duration_(Note/PB),D_CommandType,D_Channel_(PC/CC/Note/PB),D_Number_(PC/CC/Note),D_OnValue_(CC/PB),D_OffValue_(CC),D_BankSelect_(PC),D_BankSelectHighByte_(PC),D_Toggle_(CC/PB/Note),D_Velocity_(Note),D_Duration_(Note/PB),E_CommandType,E_Channel_(PC/CC/Note/PB),E_Number_(PC/CC/Note),E_OnValue_(CC/PB),E_OffValue_(CC),E_BankSelect_(PC),E_BankSelectHighByte_(PC),E_Toggle_(CC/PB/Note),E_Velocity_(Note),E_Duration_(Note/PB),F_CommandType,F_Channel_(PC/CC/Note/PB),F_Number_(PC/CC/Note),F_OnValue_(CC/PB),F_OffValue_(CC),F_BankSelect_(PC),F_BankSelectHighByte_(PC),F_Toggle_(CC/PB/Note),F_Velocity_(Note),F_Duration_(Note/PB),G_CommandType,G_Channel_(PC/CC/Note/PB),G_Number_(PC/CC/Note),G_OnValue_(CC/PB),G_OffValue_(CC),G_BankSelect_(PC),G_BankSelectHighByte_(PC),G_Toggle_(CC/PB/Note),G_Velocity_(Note),G_Duration_(Note/PB),H_CommandType,H_Channel_(PC/CC/Note/PB),H_Number_(PC/CC/Note),H_OnValue_(CC/PB),H_OffValue_(CC),H_BankSelect_(PC),H_BankSelectHighByte_(PC),H_Toggle_(CC/PB/Note),H_Velocity_(Note),H_Duration_(Note/PB),I_CommandType,I_Channel_(PC/CC/Note/PB),I_Number_(PC/CC/Note),I_OnValue_(CC/PB),I_OffValue_(CC),I_BankSelect_(PC),I_BankSelectHighByte_(PC),I_Toggle_(CC/PB/Note),I_Velocity_(Note),I_Duration_(Note/PB),J_CommandType,J_Channel_(PC/CC/Note/PB),J_Number_(PC/CC/Note),J_OnValue_(CC/PB),J_OffValue_(CC),J_BankSelect_(PC),J_BankSelectHighByte_(PC),J_Toggle_(CC/PB/Note),J_Velocity_(Note),J_Duration_(Note/PB),Light_Mode,Group,Momentary_Hold,Tempo_Flash,Global,Reset_On_Bank,A_KeyMode_(Key),B_KeyMode_(Key),C_KeyMode_(Key),D_KeyMode_(Key),E_KeyMode_(Key),F_KeyMode_(Key),G_KeyMode_(Key),H_KeyMode_(Key),I_KeyMode_(Key),J_KeyMode_(Key)
0,1,STA-,Key,,2,t,,,,N,,,,,,,,,,N,,,,,,,,,,N,,,,,,,,,,N,,,,,,,,,,N,,,,,,,,,,N,,,,,,,,,,N,,,,,,,,,,N,,,,,,,,,,N,,,,,,,,,,N,,,Normal,,,,,,Normal,,,,,,,,,
0,2,STA+,Key,,,t,,,,N,,,,,,,,,,N,,,,,,,,,,N,,,,,,,,,,N,,,,,,,,,,N,,,,,,,,,,N,,,,,,,,,,N,,,,,,,,,,N,,,,,,,,,,N,,,,,,,,,,N,,,Normal,,,,,,Normal,,,,,,,,,
0,3,PLAY,CC,1,21,127,0,,,N,,,,,,,,,,N,,,,,,,,,,N,,,,,,,,,,N,,,,,,,,,,N,,,,,,,,,,N,,,,,,,,,,N,,,,,,,,,,N,,,,,,,,,,N,,,,,,,,,,N,,,Normal,,,,,,,,,,,,,,,
0,4,PANC,CC,1,22,127,0,,,N,,,,,,,,,,N,,,,,,,,,,N,,,,,,,,,,N,,,,,,,,,,N,,,,,,,,,,N,,,,,,,,,,N,,,,,,,,,,N,,,,,,,,,,N,,,,,,,,,,N,,,Normal,,,,,,,,,,,,,,,
0,A,FX1,CC,1,24,127,0,,,Y,,,,,,,,,,N,,,,,,,,,,N,,,,,,,,,,N,,,,,,,,,,N,,,,,,,,,,N,,,,,,,,,,N,,,,,,,,,,N,,,,,,,,,,N,,,,,,,,,,N,,,Normal,,,,,,,,,,,,,,,
0,B,FX2,CC,1,25,127,0,,,Y,,,,,,,,,,N,,,,,,,,,,N,,,,,,,,,,N,,,,,,,,,,N,,,,,,,,,,N,,,,,,,,,,N,,,,,,,,,,N,,,,,,,,,,N,,,,,,,,,,N,,,Normal,,,,,,,,,,,,,,,
0,C,FX3,CC,1,26,127,0,,,Y,,,,,,,,,,N,,,,,,,,,,N,,,,,,,,,,N,,,,,,,,,,N,,,,,,,,,,N,,,,,,,,,,N,,,,,,,,,,N,,,,,,,,,,N,,,,,,,,,,N,,,Normal,,,,,,,,,,,,,,,
0,D,TAP,CC,1,20,127,0,,,N,,,,,,,,,,N,,,,,,,,,,N,,,,,,,,,,N,,,,,,,,,,N,,,,,,,,,,N,,,,,,,,,,N,,,,,,,,,,N,,,,,,,,,,N,,,,,,,,,,N,,,Normal,,,,,,,,,,,,,,,
1,1,STA-,Key,,2,t,,,,N,,,,,,,,,,N,,,,,,,,,,N,,,,,,,,,,N,,,,,,,,,,N,,,,,,,,,,N,,,,,,,,,,N,,,,,,,,,,N,,,,,,,,,,N,,,,,,,,,,N,,,Normal,,,,,,Normal,,,,,,,,,
1,2,STA+,Key,,,t,,,,N,,,,,,,,,,N,,,,,,,,,,N,,,,,,,,,,N,,,,,,,,,,N,,,,,,,,,,N,,,,,,,,,,N,,,,,,,,,,N,,,,,,,,,,N,,,,,,,,,,N,,,Normal,,,,,,Normal,,,,,,,,,
1,3,PLAY,CC,1,21,127,0,,,N,,,,,,,,,,N,,,,,,,,,,N,,,,,,,,,,N,,,,,,,,,,N,,,,,,,,,,N,,,,,,,,,,N,,,,,,,,,,N,,,,,,,,,,N,,,,,,,,,,N,,,Normal,,,,,,,,,,,,,,,
1,4,PANC,CC,1,22,127,0,,,N,,,,,,,,,,N,,,,,,,,,,N,,,,,,,,,,N,,,,,,,,,,N,,,,,,,,,,N,,,,,,,,,,N,,,,,,,,,,N,,,,,,,,,,N,,,,,,,,,,N,,,Normal,,,,,,,,,,,,,,,
1,A,FX1,CC,1,24,127,0,,,Y,,,,,,,,,,N,,,,,,,,,,N,,,,,,,,,,N,,,,,,,,,,N,,,,,,,,,,N,,,,,,,,,,N,,,,,,,,,,N,,,,,,,,,,N,,,,,,,,,,N,,,Normal,,,,,,,,,,,,,,,
1,B,FX2,CC,1,25,127,0,,,Y,,,,,,,,,,N,,,,,,,,,,N,,,,,,,,,,N,,,,,,,,,,N,,,,,,,,,,N,,,,,,,,,,N,,,,,,,,,,N,,,,,,,,,,N,,,,,,,,,,N,,,Normal,,,,,,,,,,,,,,,
1,C,FX3,CC,1,26,127,0,,,Y,,,,,,,,,,N,,,,,,,,,,N,,,,,,,,,,N,,,,,,,,,,N,,,,,,,,,,N,,,,,,,,,,N,,,,,,,,,,N,,,,,,,,,,N,,,,,,,,,,N,,,Normal,,,,,,,,,,,,,,,
1,D,TAP,CC,1,20,127,0,,,N,,,,,,,,,,N,,,,,,,,,,N,,,,,,,,,,N,,,,,,,,,,N,,,,,,,,,,N,,,,,,,,,,N,,,,,,,,,,N,,,,,,,,,,N,,,,,,,,,,N,,,Normal,,,,,,,,,,,,,,,
2,1,STA-,Key,,2,t,,,,N,,,,,,,,,,N,,,,,,,,,,N,,,,,,,,,,N,,,,,,,,,,N,,,,,,,,,,N,,,,,,,,,,N,,,,,,,,,,N,,,,,,,,,,N,,,,,,,,,,N,,,Normal,,,,,,Normal,,,,,,,,,
2,2,STA+,Key,,,t,,,,N,,,,,,,,,,N,,,,,,,,,,N,,,,,,,,,,N,,,,,,,,,,N,,,,,,,,,,N,,,,,,,,,,N,,,,,,,,,,N,,,,,,,,,,N,,,,,,,,,,N,,,Normal,,,,,,Normal,,,,,,,,,
2,3,PLAY,CC,1,21,127,0,,,N,,,,,,,,,,N,,,,,,,,,,N,,,,,,,,,,N,,,,,,,,,,N,,,,,,,,,,N,,,,,,,,,,N,,,,,,,,,,N,,,,,,,,,,N,,,,,,,,,,N,,,Normal,,,,,,,,,,,,,,,
2,4,PANC,CC,1,22,127,0,,,N,,,,,,,,,,N,,,,,,,,,,N,,,,,,,,,,N,,,,,,,,,,N,,,,,,,,,,N,,,,,,,,,,N,,,,,,,,,,N,,,,,,,,,,N,,,,,,,,,,N,,,Normal,,,,,,,,,,,,,,,
2,A,FX1,CC,1,24,127,0,,,Y,,,,,,,,,,N,,,,,,,,,,N,,,,,,,,,,N,,,,,,,,,,N,,,,,,,,,,N,,,,,,,,,,N,,,,,,,,,,N,,,,,,,,,,N,,,,,,,,,,N,,,Normal,,,,,,,,,,,,,,,
2,B,FX2,CC,1,25,127,0,,,Y,,,,,,,,,,N,,,,,,,,,,N,,,,,,,,,,N,,,,,,,,,,N,,,,,,,,,,N,,,,,,,,,,N,,,,,,,,,,N,,,,,,,,,,N,,,,,,,,,,N,,,Normal,,,,,,,,,,,,,,,
2,C,FX3,CC,1,26,127,0,,,Y,,,,,,,,,,N,,,,,,,,,,N,,,,,,,,,,N,,,,,,,,,,N,,,,,,,,,,N,,,,,,,,,,N,,,,,,,,,,N,,,,,,,,,,N,,,,,,,,,,N,,,Normal,,,,,,,,,,,,,,,
2,D,TAP,CC,1,20,127,0,,,N,,,,,,,,,,N,,,,,,,,,,N,,,,,,,,,,N,,,,,,,,,,N,,,,,,,,,,N,,,,,,,,,,N,,,,,,,,,,N,,,,,,,,,,N,,,,,,,,,,N,,,Normal,,,,,,,,,,,,,,,
3,1,STA-,Key,,2,t,,,,N,,,,,,,,,,N,,,,,,,,,,N,,,,,,,,,,N,,,,,,,,,,N,,,,,,,,,,N,,,,,,,,,,N,,,,,,,,,,N,,,,,,,,,,N,,,,,,,,,,N,,,Normal,,,,,,Normal,,,,,,,,,
3,2,STA+,Key,,,t,,,,N,,,,,,,,,,N,,,,,,,,,,N,,,,,,,,,,N,,,,,,,,,,N,,,,,,,,,,N,,,,,,,,,,N,,,,,,,,,,N,,,,,,,,,,N,,,,,,,,,,N,,,Normal,,,,,,Normal,,,,,,,,,
3,3,PLAY,CC,1,21,127,0,,,N,,,,,,,,,,N,,,,,,,,,,N,,,,,,,,,,N,,,,,,,,,,N,,,,,,,,,,N,,,,,,,,,,N,,,,,,,,,,N,,,,,,,,,,N,,,,,,,,,,N,,,Normal,,,,,,,,,,,,,,,
3,4,PANC,CC,1,22,127,0,,,N,,,,,,,,,,N,,,,,,,,,,N,,,,,,,,,,N,,,,,,,,,,N,,,,,,,,,,N,,,,,,,,,,N,,,,,,,,,,N,,,,,,,,,,N,,,,,,,,,,N,,,Normal,,,,,,,,,,,,,,,
3,A,FX1,CC,1,24,127,0,,,Y,,,,,,,,,,N,,,,,,,,,,N,,,,,,,,,,N,,,,,,,,,,N,,,,,,,,,,N,,,,,,,,,,N,,,,,,,,,,N,,,,,,,,,,N,,,,,,,,,,N,,,Normal,,,,,,,,,,,,,,,
3,B,FX2,CC,1,25,127,0,,,Y,,,,,,,,,,N,,,,,,,,,,N,,,,,,,,,,N,,,,,,,,,,N,,,,,,,,,,N,,,,,,,,,,N,,,,,,,,,,N,,,,,,,,,,N,,,,,,,,,,N,,,Normal,,,,,,,,,,,,,,,
3,C,FX3,CC,1,26,127,0,,,Y,,,,,,,,,,N,,,,,,,,,,N,,,,,,,,,,N,,,,,,,,,,N,,,,,,,,,,N,,,,,,,,,,N,,,,,,,,,,N,,,,,,,,,,N,,,,,,,,,,N,,,Normal,,,,,,,,,,,,,,,
3,D,TAP,CC,1,20,127,0,,,N,,,,,,,,,,N,,,,,,,,,,N,,,,,,,,,,N,,,,,,,,,,N,,,,,,,,,,N,,,,,,,,,,N,,,,,,,,,,N,,,,,,,,,,N,,,,,,,,,,N,,,Normal,,,,,,,,,,,,,,,
4,1,STA-,Key,,2,t,,,,N,,,,,,,,,,N,,,,,,,,,,N,,,,,,,,,,N,,,,,,,,,,N,,,,,,,,,,N,,,,,,,,,,N,,,,,,,,,,N,,,,,,,,,,N,,,,,,,,,,N,,,Normal,,,,,,Normal,,,,,,,,,
4,2,STA+,Key,,,t,,,,N,,,,,,,,,,N,,,,,,,,,,N,,,,,,,,,,N,,,,,,,,,,N,,,,,,,,,,N,,,,,,,,,,N,,,,,,,,,,N,,,,,,,,,,N,,,,,,,,,,N,,,Normal,,,,,,Normal,,,,,,,,,
4,3,PLAY,CC,1,21,127,0,,,N,,,,,,,,,,N,,,,,,,,,,N,,,,,,,,,,N,,,,,,,,,,N,,,,,,,,,,N,,,,,,,,,,N,,,,,,,,,,N,,,,,,,,,,N,,,,,,,,,,N,,,Normal,,,,,,,,,,,,,,,
4,4,PANC,CC,1,22,127,0,,,N,,,,,,,,,,N,,,,,,,,,,N,,,,,,,,,,N,,,,,,,,,,N,,,,,,,,,,N,,,,,,,,,,N,,,,,,,,,,N,,,,,,,,,,N,,,,,,,,,,N,,,Normal,,,,,,,,,,,,,,,
4,A,FX1,CC,1,24,127,0,,,Y,,,,,,,,,,N,,,,,,,,,,N,,,,,,,,,,N,,,,,,,,,,N,,,,,,,,,,N,,,,,,,,,,N,,,,,,,,,,N,,,,,,,,,,N,,,,,,,,,,N,,,Normal,,,,,,,,,,,,,,,
4,B,FX2,CC,1,25,127,0,,,Y,,,,,,,,,,N,,,,,,,,,,N,,,,,,,,,,N,,,,,,,,,,N,,,,,,,,,,N,,,,,,,,,,N,,,,,,,,,,N,,,,,,,,,,N,,,,,,,,,,N,,,Normal,,,,,,,,,,,,,,,
4,C,FX3,CC,1,26,127,0,,,Y,,,,,,,,,,N,,,,,,,,,,N,,,,,,,,,,N,,,,,,,,,,N,,,,,,,,,,N,,,,,,,,,,N,,,,,,,,,,N,,,,,,,,,,N,,,,,,,,,,N,,,Normal,,,,,,,,,,,,,,,
4,D,TAP,CC,1,20,127,0,,,N,,,,,,,,,,N,,,,,,,,,,N,,,,,,,,,,N,,,,,,,,,,N,,,,,,,,,,N,,,,,,,,,,N,,,,,,,,,,N,,,,,,,,,,N,,,,,,,,,,N,,,Normal,,,,,,,,,,,,,,,
5,1,STA-,Key,,2,t,,,,N,,,,,,,,,,N,,,,,,,,,,N,,,,,,,,,,N,,,,,,,,,,N,,,,,,,,,,N,,,,,,,,,,N,,,,,,,,,,N,,,,,,,,,,N,,,,,,,,,,N,,,Normal,,,,,,Normal,,,,,,,,,
5,2,STA+,Key,,,t,,,,N,,,,,,,,,,N,,,,,,,,,,N,,,,,,,,,,N,,,,,,,,,,N,,,,,,,,,,N,,,,,,,,,,N,,,,,,,,,,N,,,,,,,,,,N,,,,,,,,,,N,,,Normal,,,,,,Normal,,,,,,,,,
5,3,PLAY,CC,1,21,127,0,,,N,,,,,,,,,,N,,,,,,,,,,N,,,,,,,,,,N,,,,,,,,,,N,,,,,,,,,,N,,,,,,,,,,N,,,,,,,,,,N,,,,,,,,,,N,,,,,,,,,,N,,,Normal,,,,,,,,,,,,,,,
5,4,PANC,CC,1,22,127,0,,,N,,,,,,,,,,N,,,,,,,,,,N,,,,,,,,,,N,,,,,,,,,,N,,,,,,,,,,N,,,,,,,,,,N,,,,,,,,,,N,,,,,,,,,,N,,,,,,,,,,N,,,Normal,,,,,,,,,,,,,,,
5,A,FX1,CC,1,24,127,0,,,Y,,,,,,,,,,N,,,,,,,,,,N,,,,,,,,,,N,,,,,,,,,,N,,,,,,,,,,N,,,,,,,,,,N,,,,,,,,,,N,,,,,,,,,,N,,,,,,,,,,N,,,Normal,,,,,,,,,,,,,,,
5,B,FX2,CC,1,25,127,0,,,Y,,,,,,,,,,N,,,,,,,,,,N,,,,,,,,,,N,,,,,,,,,,N,,,,,,,,,,N,,,,,,,,,,N,,,,,,,,,,N,,,,,,,,,,N,,,,,,,,,,N,,,Normal,,,,,,,,,,,,,,,
5,C,FX3,CC,1,26,127,0,,,Y,,,,,,,,,,N,,,,,,,,,,N,,,,,,,,,,N,,,,,,,,,,N,,,,,,,,,,N,,,,,,,,,,N,,,,,,,,,,N,,,,,,,,,,N,,,,,,,,,,N,,,Normal,,,,,,,,,,,,,,,
5,D,TAP,CC,1,20,127,0,,,N,,,,,,,,,,N,,,,,,,,,,N,,,,,,,,,,N,,,,,,,,,,N,,,,,,,,,,N,,,,,,,,,,N,,,,,,,,,,N,,,,,,,,,,N,,,,,,,,,,N,,,Normal,,,,,,,,,,,,,,,
6,1,STA-,Key,,2,t,,,,N,,,,,,,,,,N,,,,,,,,,,N,,,,,,,,,,N,,,,,,,,,,N,,,,,,,,,,N,,,,,,,,,,N,,,,,,,,,,N,,,,,,,,,,N,,,,,,,,,,N,,,Normal,,,,,,Normal,,,,,,,,,
6,2,STA+,Key,,,t,,,,N,,,,,,,,,,N,,,,,,,,,,N,,,,,,,,,,N,,,,,,,,,,N,,,,,,,,,,N,,,,,,,,,,N,,,,,,,,,,N,,,,,,,,,,N,,,,,,,,,,N,,,Normal,,,,,,Normal,,,,,,,,,
6,3,PLAY,CC,1,21,127,0,,,N,,,,,,,,,,N,,,,,,,,,,N,,,,,,,,,,N,,,,,,,,,,N,,,,,,,,,,N,,,,,,,,,,N,,,,,,,,,,N,,,,,,,,,,N,,,,,,,,,,N,,,Normal,,,,,,,,,,,,,,,
6,4,PANC,CC,1,22,127,0,,,N,,,,,,,,,,N,,,,,,,,,,N,,,,,,,,,,N,,,,,,,,,,N,,,,,,,,,,N,,,,,,,,,,N,,,,,,,,,,N,,,,,,,,,,N,,,,,,,,,,N,,,Normal,,,,,,,,,,,,,,,
6,A,FX1,CC,1,24,127,0,,,Y,,,,,,,,,,N,,,,,,,,,,N,,,,,,,,,,N,,,,,,,,,,N,,,,,,,,,,N,,,,,,,,,,N,,,,,,,,,,N,,,,,,,,,,N,,,,,,,,,,N,,,Normal,,,,,,,,,,,,,,,
6,B,FX2,CC,1,25,127,0,,,Y,,,,,,,,,,N,,,,,,,,,,N,,,,,,,,,,N,,,,,,,,,,N,,,,,,,,,,N,,,,,,,,,,N,,,,,,,,,,N,,,,,,,,,,N,,,,,,,,,,N,,,Normal,,,,,,,,,,,,,,,
6,C,FX3,CC,1,26,127,0,,,Y,,,,,,,,,,N,,,,,,,,,,N,,,,,,,,,,N,,,,,,,,,,N,,,,,,,,,,N,,,,,,,,,,N,,,,,,,,,,N,,,,,,,,,,N,,,,,,,,,,N,,,Normal,,,,,,,,,,,,,,,
6,D,TAP,CC,1,20,127,0,,,N,,,,,,,,,,N,,,,,,,,,,N,,,,,,,,,,N,,,,,,,,,,N,,,,,,,,,,N,,,,,,,,,,N,,,,,,,,,,N,,,,,,,,,,N,,,,,,,,,,N,,,Normal,,,,,,,,,,,,,,,
7,1,STA-,Key,,2,t,,,,N,,,,,,,,,,N,,,,,,,,,,N,,,,,,,,,,N,,,,,,,,,,N,,,,,,,,,,N,,,,,,,,,,N,,,,,,,,,,N,,,,,,,,,,N,,,,,,,,,,N,,,Normal,,,,,,Normal,,,,,,,,,
7,2,STA+,Key,,,t,,,,N,,,,,,,,,,N,,,,,,,,,,N,,,,,,,,,,N,,,,,,,,,,N,,,,,,,,,,N,,,,,,,,,,N,,,,,,,,,,N,,,,,,,,,,N,,,,,,,,,,N,,,Normal,,,,,,Normal,,,,,,,,,
7,3,PLAY,CC,1,21,127,0,,,N,,,,,,,,,,N,,,,,,,,,,N,,,,,,,,,,N,,,,,,,,,,N,,,,,,,,,,N,,,,,,,,,,N,,,,,,,,,,N,,,,,,,,,,N,,,,,,,,,,N,,,Normal,,,,,,,,,,,,,,,
7,4,PANC,CC,1,22,127,0,,,N,,,,,,,,,,N,,,,,,,,,,N,,,,,,,,,,N,,,,,,,,,,N,,,,,,,,,,N,,,,,,,,,,N,,,,,,,,,,N,,,,,,,,,,N,,,,,,,,,,N,,,Normal,,,,,,,,,,,,,,,
7,A,FX1,CC,1,24,127,0,,,Y,,,,,,,,,,N,,,,,,,,,,N,,,,,,,,,,N,,,,,,,,,,N,,,,,,,,,,N,,,,,,,,,,N,,,,,,,,,,N,,,,,,,,,,N,,,,,,,,,,N,,,Normal,,,,,,,,,,,,,,,
7,B,FX2,CC,1,25,127,0,,,Y,,,,,,,,,,N,,,,,,,,,,N,,,,,,,,,,N,,,,,,,,,,N,,,,,,,,,,N,,,,,,,,,,N,,,,,,,,,,N,,,,,,,,,,N,,,,,,,,,,N,,,Normal,,,,,,,,,,,,,,,
7,C,FX3,CC,1,26,127,0,,,Y,,,,,,,,,,N,,,,,,,,,,N,,,,,,,,,,N,,,,,,,,,,N,,,,,,,,,,N,,,,,,,,,,N,,,,,,,,,,N,,,,,,,,,,N,,,,,,,,,,N,,,Normal,,,,,,,,,,,,,,,
7,D,TAP,CC,1,20,127,0,,,N,,,,,,,,,,N,,,,,,,,,,N,,,,,,,,,,N,,,,,,,,,,N,,,,,,,,,,N,,,,,,,,,,N,,,,,,,,,,N,,,,,,,,,,N,,,,,,,,,,N,,,Normal,,,,,,,,,,,,,,,
8,1,STA-,Key,,2,t,,,,N,,,,,,,,,,N,,,,,,,,,,N,,,,,,,,,,N,,,,,,,,,,N,,,,,,,,,,N,,,,,,,,,,N,,,,,,,,,,N,,,,,,,,,,N,,,,,,,,,,N,,,Normal,,,,,,Normal,,,,,,,,,
8,2,STA+,Key,,,t,,,,N,,,,,,,,,,N,,,,,,,,,,N,,,,,,,,,,N,,,,,,,,,,N,,,,,,,,,,N,,,,,,,,,,N,,,,,,,,,,N,,,,,,,,,,N,,,,,,,,,,N,,,Normal,,,,,,Normal,,,,,,,,,
8,3,PLAY,CC,1,21,127,0,,,N,,,,,,,,,,N,,,,,,,,,,N,,,,,,,,,,N,,,,,,,,,,N,,,,,,,,,,N,,,,,,,,,,N,,,,,,,,,,N,,,,,,,,,,N,,,,,,,,,,N,,,Normal,,,,,,,,,,,,,,,
8,4,PANC,CC,1,22,127,0,,,N,,,,,,,,,,N,,,,,,,,,,N,,,,,,,,,,N,,,,,,,,,,N,,,,,,,,,,N,,,,,,,,,,N,,,,,,,,,,N,,,,,,,,,,N,,,,,,,,,,N,,,Normal,,,,,,,,,,,,,,,
8,A,FX1,CC,1,24,127,0,,,Y,,,,,,,,,,N,,,,,,,,,,N,,,,,,,,,,N,,,,,,,,,,N,,,,,,,,,,N,,,,,,,,,,N,,,,,,,,,,N,,,,,,,,,,N,,,,,,,,,,N,,,Normal,,,,,,,,,,,,,,,
8,B,FX2,CC,1,25,127,0,,,Y,,,,,,,,,,N,,,,,,,,,,N,,,,,,,,,,N,,,,,,,,,,N,,,,,,,,,,N,,,,,,,,,,N,,,,,,,,,,N,,,,,,,,,,N,,,,,,,,,,N,,,Normal,,,,,,,,,,,,,,,
8,C,FX3,CC,1,26,127,0,,,Y,,,,,,,,,,N,,,,,,,,,,N,,,,,,,,,,N,,,,,,,,,,N,,,,,,,,,,N,,,,,,,,,,N,,,,,,,,,,N,,,,,,,,,,N,,,,,,,,,,N,,,Normal,,,,,,,,,,,,,,,
8,D,TAP,CC,1,20,127,0,,,N,,,,,,,,,,N,,,,,,,,,,N,,,,,,,,,,N,,,,,,,,,,N,,,,,,,,,,N,,,,,,,,,,N,,,,,,,,,,N,,,,,,,,,,N,,,,,,,,,,N,,,Normal,,,,,,,,,,,,,,,
9,1,STA-,Key,,2,t,,,,N,,,,,,,,,,N,,,,,,,,,,N,,,,,,,,,,N,,,,,,,,,,N,,,,,,,,,,N,,,,,,,,,,N,,,,,,,,,,N,,,,,,,,,,N,,,,,,,,,,N,,,Normal,,,,,,Normal,,,,,,,,,
9,2,STA+,Key,,,t,,,,N,,,,,,,,,,N,,,,,,,,,,N,,,,,,,,,,N,,,,,,,,,,N,,,,,,,,,,N,,,,,,,,,,N,,,,,,,,,,N,,,,,,,,,,N,,,,,,,,,,N,,,Normal,,,,,,Normal,,,,,,,,,
9,3,PLAY,CC,1,21,127,0,,,N,,,,,,,,,,N,,,,,,,,,,N,,,,,,,,,,N,,,,,,,,,,N,,,,,,,,,,N,,,,,,,,,,N,,,,,,,,,,N,,,,,,,,,,N,,,,,,,,,,N,,,Normal,,,,,,,,,,,,,,,
9,4,PANC,CC,1,22,127,0,,,N,,,,,,,,,,N,,,,,,,,,,N,,,,,,,,,,N,,,,,,,,,,N,,,,,,,,,,N,,,,,,,,,,N,,,,,,,,,,N,,,,,,,,,,N,,,,,,,,,,N,,,Normal,,,,,,,,,,,,,,,
9,A,FX1,CC,1,24,127,0,,,Y,,,,,,,,,,N,,,,,,,,,,N,,,,,,,,,,N,,,,,,,,,,N,,,,,,,,,,N,,,,,,,,,,N,,,,,,,,,,N,,,,,,,,,,N,,,,,,,,,,N,,,Normal,,,,,,,,,,,,,,,
9,B,FX2,CC,1,25,127,0,,,Y,,,,,,,,,,N,,,,,,,,,,N,,,,,,,,,,N,,,,,,,,,,N,,,,,,,,,,N,,,,,,,,,,N,,,,,,,,,,N,,,,,,,,,,N,,,,,,,,,,N,,,Normal,,,,,,,,,,,,,,,
9,C,FX3,CC,1,26,127,0,,,Y,,,,,,,,,,N,,,,,,,,,,N,,,,,,,,,,N,,,,,,,,,,N,,,,,,,,,,N,,,,,,,,,,N,,,,,,,,,,N,,,,,,,,,,N,,,,,,,,,,N,,,Normal,,,,,,,,,,,,,,,
9,D,TAP,CC,1,20,127,0,,,N,,,,,,,,,,N,,,,,,,,,,N,,,,,,,,,,N,,,,,,,,,,N,,,,,,,,,,N,,,,,,,,,,N,,,,,,,,,,N,,,,,,,,,,N,,,,,,,,,,N,,,Normal,,,,,,,,,,,,,,,
10,1,STA-,Key,,2,t,,,,N,,,,,,,,,,N,,,,,,,,,,N,,,,,,,,,,N,,,,,,,,,,N,,,,,,,,,,N,,,,,,,,,,N,,,,,,,,,,N,,,,,,,,,,N,,,,,,,,,,N,,,Normal,,,,,,Normal,,,,,,,,,
10,2,STA+,Key,,,t,,,,N,,,,,,,,,,N,,,,,,,,,,N,,,,,,,,,,N,,,,,,,,,,N,,,,,,,,,,N,,,,,,,,,,N,,,,,,,,,,N,,,,,,,,,,N,,,,,,,,,,N,,,Normal,,,,,,Normal,,,,,,,,,
10,3,PLAY,CC,1,21,127,0,,,N,,,,,,,,,,N,,,,,,,,,,N,,,,,,,,,,N,,,,,,,,,,N,,,,,,,,,,N,,,,,,,,,,N,,,,,,,,,,N,,,,,,,,,,N,,,,,,,,,,N,,,Normal,,,,,,,,,,,,,,,
10,4,PANC,CC,1,22,127,0,,,N,,,,,,,,,,N,,,,,,,,,,N,,,,,,,,,,N,,,,,,,,,,N,,,,,,,,,,N,,,,,,,,,,N,,,,,,,,,,N,,,,,,,,,,N,,,,,,,,,,N,,,Normal,,,,,,,,,,,,,,,
10,A,FX1,CC,1,24,127,0,,,Y,,,,,,,,,,N,,,,,,,,,,N,,,,,,,,,,N,,,,,,,,,,N,,,,,,,,,,N,,,,,,,,,,N,,,,,,,,,,N,,,,,,,,,,N,,,,,,,,,,N,,,Normal,,,,,,,,,,,,,,,
10,B,FX2,CC,1,25,127,0,,,Y,,,,,,,,,,N,,,,,,,,,,N,,,,,,,,,,N,,,,,,,,,,N,,,,,,,,,,N,,,,,,,,,,N,,,,,,,,,,N,,,,,,,,,,N,,,,,,,,,,N,,,Normal,,,,,,,,,,,,,,,
10,C,FX3,CC,1,26,127,0,,,Y,,,,,,,,,,N,,,,,,,,,,N,,,,,,,,,,N,,,,,,,,,,N,,,,,,,,,,N,,,,,,,,,,N,,,,,,,,,,N,,,,,,,,,,N,,,,,,,,,,N,,,Normal,,,,,,,,,,,,,,,
10,D,TAP,CC,1,20,127,0,,,N,,,,,,,,,,N,,,,,,,,,,N,,,,,,,,,,N,,,,,,,,,,N,,,,,,,,,,N,,,,,,,,,,N,,,,,,,,,,N,,,,,,,,,,N,,,,,,,,,,N,,,Normal,,,,,,,,,,,,,,,
11,1,STA-,Key,,2,t,,,,N,,,,,,,,,,N,,,,,,,,,,N,,,,,,,,,,N,,,,,,,,,,N,,,,,,,,,,N,,,,,,,,,,N,,,,,,,,,,N,,,,,,,,,,N,,,,,,,,,,N,,,Normal,,,,,,Normal,,,,,,,,,
11,2,STA+,Key,,,t,,,,N,,,,,,,,,,N,,,,,,,,,,N,,,,,,,,,,N,,,,,,,,,,N,,,,,,,,,,N,,,,,,,,,,N,,,,,,,,,,N,,,,,,,,,,N,,,,,,,,,,N,,,Normal,,,,,,Normal,,,,,,,,,
11,3,PLAY,CC,1,21,127,0,,,N,,,,,,,,,,N,,,,,,,,,,N,,,,,,,,,,N,,,,,,,,,,N,,,,,,,,,,N,,,,,,,,,,N,,,,,,,,,,N,,,,,,,,,,N,,,,,,,,,,N,,,Normal,,,,,,,,,,,,,,,
11,4,PANC,CC,1,22,127,0,,,N,,,,,,,,,,N,,,,,,,,,,N,,,,,,,,,,N,,,,,,,,,,N,,,,,,,,,,N,,,,,,,,,,N,,,,,,,,,,N,,,,,,,,,,N,,,,,,,,,,N,,,Normal,,,,,,,,,,,,,,,
11,A,FX1,CC,1,24,127,0,,,Y,,,,,,,,,,N,,,,,,,,,,N,,,,,,,,,,N,,,,,,,,,,N,,,,,,,,,,N,,,,,,,,,,N,,,,,,,,,,N,,,,,,,,,,N,,,,,,,,,,N,,,Normal,,,,,,,,,,,,,,,
11,B,FX2,CC,1,25,127,0,,,Y,,,,,,,,,,N,,,,,,,,,,N,,,,,,,,,,N,,,,,,,,,,N,,,,,,,,,,N,,,,,,,,,,N,,,,,,,,,,N,,,,,,,,,,N,,,,,,,,,,N,,,Normal,,,,,,,,,,,,,,,
11,C,FX3,CC,1,26,127,0,,,Y,,,,,,,,,,N,,,,,,,,,,N,,,,,,,,,,N,,,,,,,,,,N,,,,,,,,,,N,,,,,,,,,,N,,,,,,,,,,N,,,,,,,,,,N,,,,,,,,,,N,,,Normal,,,,,,,,,,,,,,,
11,D,TAP,CC,1,20,127,0,,,N,,,,,,,,,,N,,,,,,,,,,N,,,,,,,,,,N,,,,,,,,,,N,,,,,,,,,,N,,,,,,,,,,N,,,,,,,,,,N,,,,,,,,,,N,,,,,,,,,,N,,,Normal,,,,,,,,,,,,,,,
12,1,STA-,Key,,2,t,,,,N,,,,,,,,,,N,,,,,,,,,,N,,,,,,,,,,N,,,,,,,,,,N,,,,,,,,,,N,,,,,,,,,,N,,,,,,,,,,N,,,,,,,,,,N,,,,,,,,,,N,,,Normal,,,,,,Normal,,,,,,,,,
12,2,STA+,Key,,,t,,,,N,,,,,,,,,,N,,,,,,,,,,N,,,,,,,,,,N,,,,,,,,,,N,,,,,,,,,,N,,,,,,,,,,N,,,,,,,,,,N,,,,,,,,,,N,,,,,,,,,,N,,,Normal,,,,,,Normal,,,,,,,,,
12,3,PLAY,CC,1,21,127,0,,,N,,,,,,,,,,N,,,,,,,,,,N,,,,,,,,,,N,,,,,,,,,,N,,,,,,,,,,N,,,,,,,,,,N,,,,,,,,,,N,,,,,,,,,,N,,,,,,,,,,N,,,Normal,,,,,,,,,,,,,,,
12,4,PANC,CC,1,22,127,0,,,N,,,,,,,,,,N,,,,,,,,,,N,,,,,,,,,,N,,,,,,,,,,N,,,,,,,,,,N,,,,,,,,,,N,,,,,,,,,,N,,,,,,,,,,N,,,,,,,,,,N,,,Normal,,,,,,,,,,,,,,,
12,A,FX1,CC,1,24,127,0,,,Y,,,,,,,,,,N,,,,,,,,,,N,,,,,,,,,,N,,,,,,,,,,N,,,,,,,,,,N,,,,,,,,,,N,,,,,,,,,,N,,,,,,,,,,N,,,,,,,,,,N,,,Normal,,,,,,,,,,,,,,,
12,B,FX2,CC,1,25,127,0,,,Y,,,,,,,,,,N,,,,,,,,,,N,,,,,,,,,,N,,,,,,,,,,N,,,,,,,,,,N,,,,,,,,,,N,,,,,,,,,,N,,,,,,,,,,N,,,,,,,,,,N,,,Normal,,,,,,,,,,,,,,,
12,C,FX3,CC,1,26,127,0,,,Y,,,,,,,,,,N,,,,,,,,,,N,,,,,,,,,,N,,,,,,,,,,N,,,,,,,,,,N,,,,,,,,,,N,,,,,,,,,,N,,,,,,,,,,N,,,,,,,,,,N,,,Normal,,,,,,,,,,,,,,,
12,D,TAP,CC,1,20,127,0,,,N,,,,,,,,,,N,,,,,,,,,,N,,,,,,,,,,N,,,,,,,,,,N,,,,,,,,,,N,,,,,,,,,,N,,,,,,,,,,N,,,,,,,,,,N,,,,,,,,,,N,,,Normal,,,,,,,,,,,,,,,
13,1,STA-,Key,,2,t,,,,N,,,,,,,,,,N,,,,,,,,,,N,,,,,,,,,,N,,,,,,,,,,N,,,,,,,,,,N,,,,,,,,,,N,,,,,,,,,,N,,,,,,,,,,N,,,,,,,,,,N,,,Normal,,,,,,Normal,,,,,,,,,
13,2,STA+,Key,,,t,,,,N,,,,,,,,,,N,,,,,,,,,,N,,,,,,,,,,N,,,,,,,,,,N,,,,,,,,,,N,,,,,,,,,,N,,,,,,,,,,N,,,,,,,,,,N,,,,,,,,,,N,,,Normal,,,,,,Normal,,,,,,,,,
13,3,PLAY,CC,1,21,127,0,,,N,,,,,,,,,,N,,,,,,,,,,N,,,,,,,,,,N,,,,,,,,,,N,,,,,,,,,,N,,,,,,,,,,N,,,,,,,,,,N,,,,,,,,,,N,,,,,,,,,,N,,,Normal,,,,,,,,,,,,,,,
13,4,PANC,CC,1,22,127,0,,,N,,,,,,,,,,N,,,,,,,,,,N,,,,,,,,,,N,,,,,,,,,,N,,,,,,,,,,N,,,,,,,,,,N,,,,,,,,,,N,,,,,,,,,,N,,,,,,,,,,N,,,Normal,,,,,,,,,,,,,,,
13,A,FX1,CC,1,24,127,0,,,Y,,,,,,,,,,N,,,,,,,,,,N,,,,,,,,,,N,,,,,,,,,,N,,,,,,,,,,N,,,,,,,,,,N,,,,,,,,,,N,,,,,,,,,,N,,,,,,,,,,N,,,Normal,,,,,,,,,,,,,,,
13,B,FX2,CC,1,25,127,0,,,Y,,,,,,,,,,N,,,,,,,,,,N,,,,,,,,,,N,,,,,,,,,,N,,,,,,,,,,N,,,,,,,,,,N,,,,,,,,,,N,,,,,,,,,,N,,,,,,,,,,N,,,Normal,,,,,,,,,,,,,,,
13,C,FX3,CC,1,26,127,0,,,Y,,,,,,,,,,N,,,,,,,,,,N,,,,,,,,,,N,,,,,,,,,,N,,,,,,,,,,N,,,,,,,,,,N,,,,,,,,,,N,,,,,,,,,,N,,,,,,,,,,N,,,Normal,,,,,,,,,,,,,,,
13,D,TAP,CC,1,20,127,0,,,N,,,,,,,,,,N,,,,,,,,,,N,,,,,,,,,,N,,,,,,,,,,N,,,,,,,,,,N,,,,,,,,,,N,,,,,,,,,,N,,,,,,,,,,N,,,,,,,,,,N,,,Normal,,,,,,,,,,,,,,,
14,1,STA-,Key,,2,t,,,,N,,,,,,,,,,N,,,,,,,,,,N,,,,,,,,,,N,,,,,,,,,,N,,,,,,,,,,N,,,,,,,,,,N,,,,,,,,,,N,,,,,,,,,,N,,,,,,,,,,N,,,Normal,,,,,,Normal,,,,,,,,,
14,2,STA+,Key,,,t,,,,N,,,,,,,,,,N,,,,,,,,,,N,,,,,,,,,,N,,,,,,,,,,N,,,,,,,,,,N,,,,,,,,,,N,,,,,,,,,,N,,,,,,,,,,N,,,,,,,,,,N,,,Normal,,,,,,Normal,,,,,,,,,
14,3,PLAY,CC,1,21,127,0,,,N,,,,,,,,,,N,,,,,,,,,,N,,,,,,,,,,N,,,,,,,,,,N,,,,,,,,,,N,,,,,,,,,,N,,,,,,,,,,N,,,,,,,,,,N,,,,,,,,,,N,,,Normal,,,,,,,,,,,,,,,
14,4,PANC,CC,1,22,127,0,,,N,,,,,,,,,,N,,,,,,,,,,N,,,,,,,,,,N,,,,,,,,,,N,,,,,,,,,,N,,,,,,,,,,N,,,,,,,,,,N,,,,,,,,,,N,,,,,,,,,,N,,,Normal,,,,,,,,,,,,,,,
14,A,FX1,CC,1,24,127,0,,,Y,,,,,,,,,,N,,,,,,,,,,N,,,,,,,,,,N,,,,,,,,,,N,,,,,,,,,,N,,,,,,,,,,N,,,,,,,,,,N,,,,,,,,,,N,,,,,,,,,,N,,,Normal,,,,,,,,,,,,,,,
14,B,FX2,CC,1,25,127,0,,,Y,,,,,,,,,,N,,,,,,,,,,N,,,,,,,,,,N,,,,,,,,,,N,,,,,,,,,,N,,,,,,,,,,N,,,,,,,,,,N,,,,,,,,,,N,,,,,,,,,,N,,,Normal,,,,,,,,,,,,,,,
14,C,FX3,CC,1,26,127,0,,,Y,,,,,,,,,,N,,,,,,,,,,N,,,,,,,,,,N,,,,,,,,,,N,,,,,,,,,,N,,,,,,,,,,N,,,,,,,,,,N,,,,,,,,,,N,,,,,,,,,,N,,,Normal,,,,,,,,,,,,,,,
14,D,TAP,CC,1,20,127,0,,,N,,,,,,,,,,N,,,,,,,,,,N,,,,,,,,,,N,,,,,,,,,,N,,,,,,,,,,N,,,,,,,,,,N,,,,,,,,,,N,,,,,,,,,,N,,,,,,,,,,N,,,Normal,,,,,,,,,,,,,,,
15,1,STA-,Key,,2,t,,,,N,,,,,,,,,,N,,,,,,,,,,N,,,,,,,,,,N,,,,,,,,,,N,,,,,,,,,,N,,,,,,,,,,N,,,,,,,,,,N,,,,,,,,,,N,,,,,,,,,,N,,,Normal,,,,,,Normal,,,,,,,,,
15,2,STA+,Key,,,t,,,,N,,,,,,,,,,N,,,,,,,,,,N,,,,,,,,,,N,,,,,,,,,,N,,,,,,,,,,N,,,,,,,,,,N,,,,,,,,,,N,,,,,,,,,,N,,,,,,,,,,N,,,Normal,,,,,,Normal,,,,,,,,,
15,3,PLAY,CC,1,21,127,0,,,N,,,,,,,,,,N,,,,,,,,,,N,,,,,,,,,,N,,,,,,,,,,N,,,,,,,,,,N,,,,,,,,,,N,,,,,,,,,,N,,,,,,,,,,N,,,,,,,,,,N,,,Normal,,,,,,,,,,,,,,,
15,4,PANC,CC,1,22,127,0,,,N,,,,,,,,,,N,,,,,,,,,,N,,,,,,,,,,N,,,,,,,,,,N,,,,,,,,,,N,,,,,,,,,,N,,,,,,,,,,N,,,,,,,,,,N,,,,,,,,,,N,,,Normal,,,,,,,,,,,,,,,
15,A,FX1,CC,1,24,127,0,,,Y,,,,,,,,,,N,,,,,,,,,,N,,,,,,,,,,N,,,,,,,,,,N,,,,,,,,,,N,,,,,,,,,,N,,,,,,,,,,N,,,,,,,,,,N,,,,,,,,,,N,,,Normal,,,,,,,,,,,,,,,
15,B,FX2,CC,1,25,127,0,,,Y,,,,,,,,,,N,,,,,,,,,,N,,,,,,,,,,N,,,,,,,,,,N,,,,,,,,,,N,,,,,,,,,,N,,,,,,,,,,N,,,,,,,,,,N,,,,,,,,,,N,,,Normal,,,,,,,,,,,,,,,
15,C,FX3,CC,1,26,127,0,,,Y,,,,,,,,,,N,,,,,,,,,,N,,,,,,,,,,N,,,,,,,,,,N,,,,,,,,,,N,,,,,,,,,,N,,,,,,,,,,N,,,,,,,,,,N,,,,,,,,,,N,,,Normal,,,,,,,,,,,,,,,
15,D,TAP,CC,1,20,127,0,,,N,,,,,,,,,,N,,,,,,,,,,N,,,,,,,,,,N,,,,,,,,,,N,,,,,,,,,,N,,,,,,,,,,N,,,,,,,,,,N,,,,,,,,,,N,,,,,,,,,,N,,,Normal,,,,,,,,,,,,,,,
16,1,STA-,Key,,2,t,,,,N,,,,,,,,,,N,,,,,,,,,,N,,,,,,,,,,N,,,,,,,,,,N,,,,,,,,,,N,,,,,,,,,,N,,,,,,,,,,N,,,,,,,,,,N,,,,,,,,,,N,,,Normal,,,,,,Normal,,,,,,,,,
16,2,STA+,Key,,,t,,,,N,,,,,,,,,,N,,,,,,,,,,N,,,,,,,,,,N,,,,,,,,,,N,,,,,,,,,,N,,,,,,,,,,N,,,,,,,,,,N,,,,,,,,,,N,,,,,,,,,,N,,,Normal,,,,,,Normal,,,,,,,,,
16,3,PLAY,CC,1,21,127,0,,,N,,,,,,,,,,N,,,,,,,,,,N,,,,,,,,,,N,,,,,,,,,,N,,,,,,,,,,N,,,,,,,,,,N,,,,,,,,,,N,,,,,,,,,,N,,,,,,,,,,N,,,Normal,,,,,,,,,,,,,,,
16,4,PANC,CC,1,22,127,0,,,N,,,,,,,,,,N,,,,,,,,,,N,,,,,,,,,,N,,,,,,,,,,N,,,,,,,,,,N,,,,,,,,,,N,,,,,,,,,,N,,,,,,,,,,N,,,,,,,,,,N,,,Normal,,,,,,,,,,,,,,,
16,A,FX1,CC,1,24,127,0,,,Y,,,,,,,,,,N,,,,,,,,,,N,,,,,,,,,,N,,,,,,,,,,N,,,,,,,,,,N,,,,,,,,,,N,,,,,,,,,,N,,,,,,,,,,N,,,,,,,,,,N,,,Normal,,,,,,,,,,,,,,,
16,B,FX2,CC,1,25,127,0,,,Y,,,,,,,,,,N,,,,,,,,,,N,,,,,,,,,,N,,,,,,,,,,N,,,,,,,,,,N,,,,,,,,,,N,,,,,,,,,,N,,,,,,,,,,N,,,,,,,,,,N,,,Normal,,,,,,,,,,,,,,,
16,C,FX3,CC,1,26,127,0,,,Y,,,,,,,,,,N,,,,,,,,,,N,,,,,,,,,,N,,,,,,,,,,N,,,,,,,,,,N,,,,,,,,,,N,,,,,,,,,,N,,,,,,,,,,N,,,,,,,,,,N,,,Normal,,,,,,,,,,,,,,,
16,D,TAP,CC,1,20,127,0,,,N,,,,,,,,,,N,,,,,,,,,,N,,,,,,,,,,N,,,,,,,,,,N,,,,,,,,,,N,,,,,,,,,,N,,,,,,,,,,N,,,,,,,,,,N,,,,,,,,,,N,,,Normal,,,,,,,,,,,,,,,
17,1,STA-,Key,,2,t,,,,N,,,,,,,,,,N,,,,,,,,,,N,,,,,,,,,,N,,,,,,,,,,N,,,,,,,,,,N,,,,,,,,,,N,,,,,,,,,,N,,,,,,,,,,N,,,,,,,,,,N,,,Normal,,,,,,Normal,,,,,,,,,
17,2,STA+,Key,,,t,,,,N,,,,,,,,,,N,,,,,,,,,,N,,,,,,,,,,N,,,,,,,,,,N,,,,,,,,,,N,,,,,,,,,,N,,,,,,,,,,N,,,,,,,,,,N,,,,,,,,,,N,,,Normal,,,,,,Normal,,,,,,,,,
17,3,PLAY,CC,1,21,127,0,,,N,,,,,,,,,,N,,,,,,,,,,N,,,,,,,,,,N,,,,,,,,,,N,,,,,,,,,,N,,,,,,,,,,N,,,,,,,,,,N,,,,,,,,,,N,,,,,,,,,,N,,,Normal,,,,,,,,,,,,,,,
17,4,PANC,CC,1,22,127,0,,,N,,,,,,,,,,N,,,,,,,,,,N,,,,,,,,,,N,,,,,,,,,,N,,,,,,,,,,N,,,,,,,,,,N,,,,,,,,,,N,,,,,,,,,,N,,,,,,,,,,N,,,Normal,,,,,,,,,,,,,,,
17,A,FX1,CC,1,24,127,0,,,Y,,,,,,,,,,N,,,,,,,,,,N,,,,,,,,,,N,,,,,,,,,,N,,,,,,,,,,N,,,,,,,,,,N,,,,,,,,,,N,,,,,,,,,,N,,,,,,,,,,N,,,Normal,,,,,,,,,,,,,,,
17,B,FX2,CC,1,25,127,0,,,Y,,,,,,,,,,N,,,,,,,,,,N,,,,,,,,,,N,,,,,,,,,,N,,,,,,,,,,N,,,,,,,,,,N,,,,,,,,,,N,,,,,,,,,,N,,,,,,,,,,N,,,Normal,,,,,,,,,,,,,,,
17,C,FX3,CC,1,26,127,0,,,Y,,,,,,,,,,N,,,,,,,,,,N,,,,,,,,,,N,,,,,,,,,,N,,,,,,,,,,N,,,,,,,,,,N,,,,,,,,,,N,,,,,,,,,,N,,,,,,,,,,N,,,Normal,,,,,,,,,,,,,,,
17,D,TAP,CC,1,20,127,0,,,N,,,,,,,,,,N,,,,,,,,,,N,,,,,,,,,,N,,,,,,,,,,N,,,,,,,,,,N,,,,,,,,,,N,,,,,,,,,,N,,,,,,,,,,N,,,,,,,,,,N,,,Normal,,,,,,,,,,,,,,,
18,1,STA-,Key,,2,t,,,,N,,,,,,,,,,N,,,,,,,,,,N,,,,,,,,,,N,,,,,,,,,,N,,,,,,,,,,N,,,,,,,,,,N,,,,,,,,,,N,,,,,,,,,,N,,,,,,,,,,N,,,Normal,,,,,,Normal,,,,,,,,,
18,2,STA+,Key,,,t,,,,N,,,,,,,,,,N,,,,,,,,,,N,,,,,,,,,,N,,,,,,,,,,N,,,,,,,,,,N,,,,,,,,,,N,,,,,,,,,,N,,,,,,,,,,N,,,,,,,,,,N,,,Normal,,,,,,Normal,,,,,,,,,
18,3,PLAY,CC,1,21,127,0,,,N,,,,,,,,,,N,,,,,,,,,,N,,,,,,,,,,N,,,,,,,,,,N,,,,,,,,,,N,,,,,,,,,,N,,,,,,,,,,N,,,,,,,,,,N,,,,,,,,,,N,,,Normal,,,,,,,,,,,,,,,
18,4,PANC,CC,1,22,127,0,,,N,,,,,,,,,,N,,,,,,,,,,N,,,,,,,,,,N,,,,,,,,,,N,,,,,,,,,,N,,,,,,,,,,N,,,,,,,,,,N,,,,,,,,,,N,,,,,,,,,,N,,,Normal,,,,,,,,,,,,,,,
18,A,FX1,CC,1,24,127,0,,,Y,,,,,,,,,,N,,,,,,,,,,N,,,,,,,,,,N,,,,,,,,,,N,,,,,,,,,,N,,,,,,,,,,N,,,,,,,,,,N,,,,,,,,,,N,,,,,,,,,,N,,,Normal,,,,,,,,,,,,,,,
18,B,FX2,CC,1,25,127,0,,,Y,,,,,,,,,,N,,,,,,,,,,N,,,,,,,,,,N,,,,,,,,,,N,,,,,,,,,,N,,,,,,,,,,N,,,,,,,,,,N,,,,,,,,,,N,,,,,,,,,,N,,,Normal,,,,,,,,,,,,,,,
18,C,FX3,CC,1,26,127,0,,,Y,,,,,,,,,,N,,,,,,,,,,N,,,,,,,,,,N,,,,,,,,,,N,,,,,,,,,,N,,,,,,,,,,N,,,,,,,,,,N,,,,,,,,,,N,,,,,,,,,,N,,,Normal,,,,,,,,,,,,,,,
18,D,TAP,CC,1,20,127,0,,,N,,,,,,,,,,N,,,,,,,,,,N,,,,,,,,,,N,,,,,,,,,,N,,,,,,,,,,N,,,,,,,,,,N,,,,,,,,,,N,,,,,,,,,,N,,,,,,,,,,N,,,Normal,,,,,,,,,,,,,,,
19,1,STA-,Key,,2,t,,,,N,,,,,,,,,,N,,,,,,,,,,N,,,,,,,,,,N,,,,,,,,,,N,,,,,,,,,,N,,,,,,,,,,N,,,,,,,,,,N,,,,,,,,,,N,,,,,,,,,,N,,,Normal,,,,,,Normal,,,,,,,,,
19,2,STA+,Key,,,t,,,,N,,,,,,,,,,N,,,,,,,,,,N,,,,,,,,,,N,,,,,,,,,,N,,,,,,,,,,N,,,,,,,,,,N,,,,,,,,,,N,,,,,,,,,,N,,,,,,,,,,N,,,Normal,,,,,,Normal,,,,,,,,,
19,3,PLAY,CC,1,21,127,0,,,N,,,,,,,,,,N,,,,,,,,,,N,,,,,,,,,,N,,,,,,,,,,N,,,,,,,,,,N,,,,,,,,,,N,,,,,,,,,,N,,,,,,,,,,N,,,,,,,,,,N,,,Normal,,,,,,,,,,,,,,,
19,4,PANC,CC,1,22,127,0,,,N,,,,,,,,,,N,,,,,,,,,,N,,,,,,,,,,N,,,,,,,,,,N,,,,,,,,,,N,,,,,,,,,,N,,,,,,,,,,N,,,,,,,,,,N,,,,,,,,,,N,,,Normal,,,,,,,,,,,,,,,
19,A,FX1,CC,1,24,127,0,,,Y,,,,,,,,,,N,,,,,,,,,,N,,,,,,,,,,N,,,,,,,,,,N,,,,,,,,,,N,,,,,,,,,,N,,,,,,,,,,N,,,,,,,,,,N,,,,,,,,,,N,,,Normal,,,,,,,,,,,,,,,
19,B,FX2,CC,1,25,127,0,,,Y,,,,,,,,,,N,,,,,,,,,,N,,,,,,,,,,N,,,,,,,,,,N,,,,,,,,,,N,,,,,,,,,,N,,,,,,,,,,N,,,,,,,,,,N,,,,,,,,,,N,,,Normal,,,,,,,,,,,,,,,
19,C,FX3,CC,1,26,127,0,,,Y,,,,,,,,,,N,,,,,,,,,,N,,,,,,,,,,N,,,,,,,,,,N,,,,,,,,,,N,,,,,,,,,,N,,,,,,,,,,N,,,,,,,,,,N,,,,,,,,,,N,,,Normal,,,,,,,,,,,,,,,
19,D,TAP,CC,1,20,127,0,,,N,,,,,,,,,,N,,,,,,,,,,N,,,,,,,,,,N,,,,,,,,,,N,,,,,,,,,,N,,,,,,,,,,N,,,,,,,,,,N,,,,,,,,,,N,,,,,,,,,,N,,,Normal,,,,,,,,,,,,,,,
20,1,STA-,Key,,2,t,,,,N,,,,,,,,,,N,,,,,,,,,,N,,,,,,,,,,N,,,,,,,,,,N,,,,,,,,,,N,,,,,,,,,,N,,,,,,,,,,N,,,,,,,,,,N,,,,,,,,,,N,,,Normal,,,,,,Normal,,,,,,,,,
20,2,STA+,Key,,,t,,,,N,,,,,,,,,,N,,,,,,,,,,N,,,,,,,,,,N,,,,,,,,,,N,,,,,,,,,,N,,,,,,,,,,N,,,,,,,,,,N,,,,,,,,,,N,,,,,,,,,,N,,,Normal,,,,,,Normal,,,,,,,,,
20,3,PLAY,CC,1,21,127,0,,,N,,,,,,,,,,N,,,,,,,,,,N,,,,,,,,,,N,,,,,,,,,,N,,,,,,,,,,N,,,,,,,,,,N,,,,,,,,,,N,,,,,,,,,,N,,,,,,,,,,N,,,Normal,,,,,,,,,,,,,,,
20,4,PANC,CC,1,22,127,0,,,N,,,,,,,,,,N,,,,,,,,,,N,,,,,,,,,,N,,,,,,,,,,N,,,,,,,,,,N,,,,,,,,,,N,,,,,,,,,,N,,,,,,,,,,N,,,,,,,,,,N,,,Normal,,,,,,,,,,,,,,,
20,A,FX1,CC,1,24,127,0,,,Y,,,,,,,,,,N,,,,,,,,,,N,,,,,,,,,,N,,,,,,,,,,N,,,,,,,,,,N,,,,,,,,,,N,,,,,,,,,,N,,,,,,,,,,N,,,,,,,,,,N,,,Normal,,,,,,,,,,,,,,,
20,B,FX2,CC,1,25,127,0,,,Y,,,,,,,,,,N,,,,,,,,,,N,,,,,,,,,,N,,,,,,,,,,N,,,,,,,,,,N,,,,,,,,,,N,,,,,,,,,,N,,,,,,,,,,N,,,,,,,,,,N,,,Normal,,,,,,,,,,,,,,,
20,C,FX3,CC,1,26,127,0,,,Y,,,,,,,,,,N,,,,,,,,,,N,,,,,,,,,,N,,,,,,,,,,N,,,,,,,,,,N,,,,,,,,,,N,,,,,,,,,,N,,,,,,,,,,N,,,,,,,,,,N,,,Normal,,,,,,,,,,,,,,,
20,D,TAP,CC,1,20,127,0,,,N,,,,,,,,,,N,,,,,,,,,,N,,,,,,,,,,N,,,,,,,,,,N,,,,,,,,,,N,,,,,,,,,,N,,,,,,,,,,N,,,,,,,,,,N,,,,,,,,,,N,,,Normal,,,,,,,,,,,,,,,
21,1,STA-,Key,,2,t,,,,N,,,,,,,,,,N,,,,,,,,,,N,,,,,,,,,,N,,,,,,,,,,N,,,,,,,,,,N,,,,,,,,,,N,,,,,,,,,,N,,,,,,,,,,N,,,,,,,,,,N,,,Normal,,,,,,Normal,,,,,,,,,
21,2,STA+,Key,,,t,,,,N,,,,,,,,,,N,,,,,,,,,,N,,,,,,,,,,N,,,,,,,,,,N,,,,,,,,,,N,,,,,,,,,,N,,,,,,,,,,N,,,,,,,,,,N,,,,,,,,,,N,,,Normal,,,,,,Normal,,,,,,,,,
21,3,PLAY,CC,1,21,127,0,,,N,,,,,,,,,,N,,,,,,,,,,N,,,,,,,,,,N,,,,,,,,,,N,,,,,,,,,,N,,,,,,,,,,N,,,,,,,,,,N,,,,,,,,,,N,,,,,,,,,,N,,,Normal,,,,,,,,,,,,,,,
21,4,PANC,CC,1,22,127,0,,,N,,,,,,,,,,N,,,,,,,,,,N,,,,,,,,,,N,,,,,,,,,,N,,,,,,,,,,N,,,,,,,,,,N,,,,,,,,,,N,,,,,,,,,,N,,,,,,,,,,N,,,Normal,,,,,,,,,,,,,,,
21,A,FX1,CC,1,24,127,0,,,Y,,,,,,,,,,N,,,,,,,,,,N,,,,,,,,,,N,,,,,,,,,,N,,,,,,,,,,N,,,,,,,,,,N,,,,,,,,,,N,,,,,,,,,,N,,,,,,,,,,N,,,Normal,,,,,,,,,,,,,,,
21,B,FX2,CC,1,25,127,0,,,Y,,,,,,,,,,N,,,,,,,,,,N,,,,,,,,,,N,,,,,,,,,,N,,,,,,,,,,N,,,,,,,,,,N,,,,,,,,,,N,,,,,,,,,,N,,,,,,,,,,N,,,Normal,,,,,,,,,,,,,,,
21,C,FX3,CC,1,26,127,0,,,Y,,,,,,,,,,N,,,,,,,,,,N,,,,,,,,,,N,,,,,,,,,,N,,,,,,,,,,N,,,,,,,,,,N,,,,,,,,,,N,,,,,,,,,,N,,,,,,,,,,N,,,Normal,,,,,,,,,,,,,,,
21,D,TAP,CC,1,20,127,0,,,N,,,,,,,,,,N,,,,,,,,,,N,,,,,,,,,,N,,,,,,,,,,N,,,,,,,,,,N,,,,,,,,,,N,,,,,,,,,,N,,,,,,,,,,N,,,,,,,,,,N,,,Normal,,,,,,,,,,,,,,,
22,1,STA-,Key,,2,t,,,,N,,,,,,,,,,N,,,,,,,,,,N,,,,,,,,,,N,,,,,,,,,,N,,,,,,,,,,N,,,,,,,,,,N,,,,,,,,,,N,,,,,,,,,,N,,,,,,,,,,N,,,Normal,,,,,,Normal,,,,,,,,,
22,2,STA+,Key,,,t,,,,N,,,,,,,,,,N,,,,,,,,,,N,,,,,,,,,,N,,,,,,,,,,N,,,,,,,,,,N,,,,,,,,,,N,,,,,,,,,,N,,,,,,,,,,N,,,,,,,,,,N,,,Normal,,,,,,Normal,,,,,,,,,
22,3,PLAY,CC,1,21,127,0,,,N,,,,,,,,,,N,,,,,,,,,,N,,,,,,,,,,N,,,,,,,,,,N,,,,,,,,,,N,,,,,,,,,,N,,,,,,,,,,N,,,,,,,,,,N,,,,,,,,,,N,,,Normal,,,,,,,,,,,,,,,
22,4,PANC,CC,1,22,127,0,,,N,,,,,,,,,,N,,,,,,,,,,N,,,,,,,,,,N,,,,,,,,,,N,,,,,,,,,,N,,,,,,,,,,N,,,,,,,,,,N,,,,,,,,,,N,,,,,,,,,,N,,,Normal,,,,,,,,,,,,,,,
22,A,FX1,CC,1,24,127,0,,,Y,,,,,,,,,,N,,,,,,,,,,N,,,,,,,,,,N,,,,,,,,,,N,,,,,,,,,,N,,,,,,,,,,N,,,,,,,,,,N,,,,,,,,,,N,,,,,,,,,,N,,,Normal,,,,,,,,,,,,,,,
22,B,FX2,CC,1,25,127,0,,,Y,,,,,,,,,,N,,,,,,,,,,N,,,,,,,,,,N,,,,,,,,,,N,,,,,,,,,,N,,,,,,,,,,N,,,,,,,,,,N,,,,,,,,,,N,,,,,,,,,,N,,,Normal,,,,,,,,,,,,,,,
22,C,FX3,CC,1,26,127,0,,,Y,,,,,,,,,,N,,,,,,,,,,N,,,,,,,,,,N,,,,,,,,,,N,,,,,,,,,,N,,,,,,,,,,N,,,,,,,,,,N,,,,,,,,,,N,,,,,,,,,,N,,,Normal,,,,,,,,,,,,,,,
22,D,TAP,CC,1,20,127,0,,,N,,,,,,,,,,N,,,,,,,,,,N,,,,,,,,,,N,,,,,,,,,,N,,,,,,,,,,N,,,,,,,,,,N,,,,,,,,,,N,,,,,,,,,,N,,,,,,,,,,N,,,Normal,,,,,,,,,,,,,,,
23,1,STA-,Key,,2,t,,,,N,,,,,,,,,,N,,,,,,,,,,N,,,,,,,,,,N,,,,,,,,,,N,,,,,,,,,,N,,,,,,,,,,N,,,,,,,,,,N,,,,,,,,,,N,,,,,,,,,,N,,,Normal,,,,,,Normal,,,,,,,,,
23,2,STA+,Key,,,t,,,,N,,,,,,,,,,N,,,,,,,,,,N,,,,,,,,,,N,,,,,,,,,,N,,,,,,,,,,N,,,,,,,,,,N,,,,,,,,,,N,,,,,,,,,,N,,,,,,,,,,N,,,Normal,,,,,,Normal,,,,,,,,,
23,3,PLAY,CC,1,21,127,0,,,N,,,,,,,,,,N,,,,,,,,,,N,,,,,,,,,,N,,,,,,,,,,N,,,,,,,,,,N,,,,,,,,,,N,,,,,,,,,,N,,,,,,,,,,N,,,,,,,,,,N,,,Normal,,,,,,,,,,,,,,,
23,4,PANC,CC,1,22,127,0,,,N,,,,,,,,,,N,,,,,,,,,,N,,,,,,,,,,N,,,,,,,,,,N,,,,,,,,,,N,,,,,,,,,,N,,,,,,,,,,N,,,,,,,,,,N,,,,,,,,,,N,,,Normal,,,,,,,,,,,,,,,
23,A,FX1,CC,1,24,127,0,,,Y,,,,,,,,,,N,,,,,,,,,,N,,,,,,,,,,N,,,,,,,,,,N,,,,,,,,,,N,,,,,,,,,,N,,,,,,,,,,N,,,,,,,,,,N,,,,,,,,,,N,,,Normal,,,,,,,,,,,,,,,
23,B,FX2,CC,1,25,127,0,,,Y,,,,,,,,,,N,,,,,,,,,,N,,,,,,,,,,N,,,,,,,,,,N,,,,,,,,,,N,,,,,,,,,,N,,,,,,,,,,N,,,,,,,,,,N,,,,,,,,,,N,,,Normal,,,,,,,,,,,,,,,
23,C,FX3,CC,1,26,127,0,,,Y,,,,,,,,,,N,,,,,,,,,,N,,,,,,,,,,N,,,,,,,,,,N,,,,,,,,,,N,,,,,,,,,,N,,,,,,,,,,N,,,,,,,,,,N,,,,,,,,,,N,,,Normal,,,,,,,,,,,,,,,
23,D,TAP,CC,1,20,127,0,,,N,,,,,,,,,,N,,,,,,,,,,N,,,,,,,,,,N,,,,,,,,,,N,,,,,,,,,,N,,,,,,,,,,N,,,,,,,,,,N,,,,,,,,,,N,,,,,,,,,,N,,,Normal,,,,,,,,,,,,,,,
24,1,STA-,Key,,2,t,,,,N,,,,,,,,,,N,,,,,,,,,,N,,,,,,,,,,N,,,,,,,,,,N,,,,,,,,,,N,,,,,,,,,,N,,,,,,,,,,N,,,,,,,,,,N,,,,,,,,,,N,,,Normal,,,,,,Normal,,,,,,,,,
24,2,STA+,Key,,,t,,,,N,,,,,,,,,,N,,,,,,,,,,N,,,,,,,,,,N,,,,,,,,,,N,,,,,,,,,,N,,,,,,,,,,N,,,,,,,,,,N,,,,,,,,,,N,,,,,,,,,,N,,,Normal,,,,,,Normal,,,,,,,,,
24,3,PLAY,CC,1,21,127,0,,,N,,,,,,,,,,N,,,,,,,,,,N,,,,,,,,,,N,,,,,,,,,,N,,,,,,,,,,N,,,,,,,,,,N,,,,,,,,,,N,,,,,,,,,,N,,,,,,,,,,N,,,Normal,,,,,,,,,,,,,,,
24,4,PANC,CC,1,22,127,0,,,N,,,,,,,,,,N,,,,,,,,,,N,,,,,,,,,,N,,,,,,,,,,N,,,,,,,,,,N,,,,,,,,,,N,,,,,,,,,,N,,,,,,,,,,N,,,,,,,,,,N,,,Normal,,,,,,,,,,,,,,,
24,A,FX1,CC,1,24,127,0,,,Y,,,,,,,,,,N,,,,,,,,,,N,,,,,,,,,,N,,,,,,,,,,N,,,,,,,,,,N,,,,,,,,,,N,,,,,,,,,,N,,,,,,,,,,N,,,,,,,,,,N,,,Normal,,,,,,,,,,,,,,,
24,B,FX2,CC,1,25,127,0,,,Y,,,,,,,,,,N,,,,,,,,,,N,,,,,,,,,,N,,,,,,,,,,N,,,,,,,,,,N,,,,,,,,,,N,,,,,,,,,,N,,,,,,,,,,N,,,,,,,,,,N,,,Normal,,,,,,,,,,,,,,,
24,C,FX3,CC,1,26,127,0,,,Y,,,,,,,,,,N,,,,,,,,,,N,,,,,,,,,,N,,,,,,,,,,N,,,,,,,,,,N,,,,,,,,,,N,,,,,,,,,,N,,,,,,,,,,N,,,,,,,,,,N,,,Normal,,,,,,,,,,,,,,,
24,D,TAP,CC,1,20,127,0,,,N,,,,,,,,,,N,,,,,,,,,,N,,,,,,,,,,N,,,,,,,,,,N,,,,,,,,,,N,,,,,,,,,,N,,,,,,,,,,N,,,,,,,,,,N,,,,,,,,,,N,,,Normal,,,,,,,,,,,,,,,
25,1,STA-,Key,,2,t,,,,N,,,,,,,,,,N,,,,,,,,,,N,,,,,,,,,,N,,,,,,,,,,N,,,,,,,,,,N,,,,,,,,,,N,,,,,,,,,,N,,,,,,,,,,N,,,,,,,,,,N,,,Normal,,,,,,Normal,,,,,,,,,
25,2,STA+,Key,,,t,,,,N,,,,,,,,,,N,,,,,,,,,,N,,,,,,,,,,N,,,,,,,,,,N,,,,,,,,,,N,,,,,,,,,,N,,,,,,,,,,N,,,,,,,,,,N,,,,,,,,,,N,,,Normal,,,,,,Normal,,,,,,,,,
25,3,PLAY,CC,1,21,127,0,,,N,,,,,,,,,,N,,,,,,,,,,N,,,,,,,,,,N,,,,,,,,,,N,,,,,,,,,,N,,,,,,,,,,N,,,,,,,,,,N,,,,,,,,,,N,,,,,,,,,,N,,,Normal,,,,,,,,,,,,,,,
25,4,PANC,CC,1,22,127,0,,,N,,,,,,,,,,N,,,,,,,,,,N,,,,,,,,,,N,,,,,,,,,,N,,,,,,,,,,N,,,,,,,,,,N,,,,,,,,,,N,,,,,,,,,,N,,,,,,,,,,N,,,Normal,,,,,,,,,,,,,,,
25,A,FX1,CC,1,24,127,0,,,Y,,,,,,,,,,N,,,,,,,,,,N,,,,,,,,,,N,,,,,,,,,,N,,,,,,,,,,N,,,,,,,,,,N,,,,,,,,,,N,,,,,,,,,,N,,,,,,,,,,N,,,Normal,,,,,,,,,,,,,,,
25,B,FX2,CC,1,25,127,0,,,Y,,,,,,,,,,N,,,,,,,,,,N,,,,,,,,,,N,,,,,,,,,,N,,,,,,,,,,N,,,,,,,,,,N,,,,,,,,,,N,,,,,,,,,,N,,,,,,,,,,N,,,Normal,,,,,,,,,,,,,,,
25,C,FX3,CC,1,26,127,0,,,Y,,,,,,,,,,N,,,,,,,,,,N,,,,,,,,,,N,,,,,,,,,,N,,,,,,,,,,N,,,,,,,,,,N,,,,,,,,,,N,,,,,,,,,,N,,,,,,,,,,N,,,Normal,,,,,,,,,,,,,,,
25,D,TAP,CC,1,20,127,0,,,N,,,,,,,,,,N,,,,,,,,,,N,,,,,,,,,,N,,,,,,,,,,N,,,,,,,,,,N,,,,,,,,,,N,,,,,,,,,,N,,,,,,,,,,N,,,,,,,,,,N,,,Normal,,,,,,,,,,,,,,,
26,1,STA-,Key,,2,t,,,,N,,,,,,,,,,N,,,,,,,,,,N,,,,,,,,,,N,,,,,,,,,,N,,,,,,,,,,N,,,,,,,,,,N,,,,,,,,,,N,,,,,,,,,,N,,,,,,,,,,N,,,Normal,,,,,,Normal,,,,,,,,,
26,2,STA+,Key,,,t,,,,N,,,,,,,,,,N,,,,,,,,,,N,,,,,,,,,,N,,,,,,,,,,N,,,,,,,,,,N,,,,,,,,,,N,,,,,,,,,,N,,,,,,,,,,N,,,,,,,,,,N,,,Normal,,,,,,Normal,,,,,,,,,
26,3,PLAY,CC,1,21,127,0,,,N,,,,,,,,,,N,,,,,,,,,,N,,,,,,,,,,N,,,,,,,,,,N,,,,,,,,,,N,,,,,,,,,,N,,,,,,,,,,N,,,,,,,,,,N,,,,,,,,,,N,,,Normal,,,,,,,,,,,,,,,
26,4,PANC,CC,1,22,127,0,,,N,,,,,,,,,,N,,,,,,,,,,N,,,,,,,,,,N,,,,,,,,,,N,,,,,,,,,,N,,,,,,,,,,N,,,,,,,,,,N,,,,,,,,,,N,,,,,,,,,,N,,,Normal,,,,,,,,,,,,,,,
26,A,FX1,CC,1,24,127,0,,,Y,,,,,,,,,,N,,,,,,,,,,N,,,,,,,,,,N,,,,,,,,,,N,,,,,,,,,,N,,,,,,,,,,N,,,,,,,,,,N,,,,,,,,,,N,,,,,,,,,,N,,,Normal,,,,,,,,,,,,,,,
26,B,FX2,CC,1,25,127,0,,,Y,,,,,,,,,,N,,,,,,,,,,N,,,,,,,,,,N,,,,,,,,,,N,,,,,,,,,,N,,,,,,,,,,N,,,,,,,,,,N,,,,,,,,,,N,,,,,,,,,,N,,,Normal,,,,,,,,,,,,,,,
26,C,FX3,CC,1,26,127,0,,,Y,,,,,,,,,,N,,,,,,,,,,N,,,,,,,,,,N,,,,,,,,,,N,,,,,,,,,,N,,,,,,,,,,N,,,,,,,,,,N,,,,,,,,,,N,,,,,,,,,,N,,,Normal,,,,,,,,,,,,,,,
26,D,TAP,CC,1,20,127,0,,,N,,,,,,,,,,N,,,,,,,,,,N,,,,,,,,,,N,,,,,,,,,,N,,,,,,,,,,N,,,,,,,,,,N,,,,,,,,,,N,,,,,,,,,,N,,,,,,,,,,N,,,Normal,,,,,,,,,,,,,,,
27,1,STA-,Key,,2,t,,,,N,,,,,,,,,,N,,,,,,,,,,N,,,,,,,,,,N,,,,,,,,,,N,,,,,,,,,,N,,,,,,,,,,N,,,,,,,,,,N,,,,,,,,,,N,,,,,,,,,,N,,,Normal,,,,,,Normal,,,,,,,,,
27,2,STA+,Key,,,t,,,,N,,,,,,,,,,N,,,,,,,,,,N,,,,,,,,,,N,,,,,,,,,,N,,,,,,,,,,N,,,,,,,,,,N,,,,,,,,,,N,,,,,,,,,,N,,,,,,,,,,N,,,Normal,,,,,,Normal,,,,,,,,,
27,3,PLAY,CC,1,21,127,0,,,N,,,,,,,,,,N,,,,,,,,,,N,,,,,,,,,,N,,,,,,,,,,N,,,,,,,,,,N,,,,,,,,,,N,,,,,,,,,,N,,,,,,,,,,N,,,,,,,,,,N,,,Normal,,,,,,,,,,,,,,,
27,4,PANC,CC,1,22,127,0,,,N,,,,,,,,,,N,,,,,,,,,,N,,,,,,,,,,N,,,,,,,,,,N,,,,,,,,,,N,,,,,,,,,,N,,,,,,,,,,N,,,,,,,,,,N,,,,,,,,,,N,,,Normal,,,,,,,,,,,,,,,
27,A,FX1,CC,1,24,127,0,,,Y,,,,,,,,,,N,,,,,,,,,,N,,,,,,,,,,N,,,,,,,,,,N,,,,,,,,,,N,,,,,,,,,,N,,,,,,,,,,N,,,,,,,,,,N,,,,,,,,,,N,,,Normal,,,,,,,,,,,,,,,
27,B,FX2,CC,1,25,127,0,,,Y,,,,,,,,,,N,,,,,,,,,,N,,,,,,,,,,N,,,,,,,,,,N,,,,,,,,,,N,,,,,,,,,,N,,,,,,,,,,N,,,,,,,,,,N,,,,,,,,,,N,,,Normal,,,,,,,,,,,,,,,
27,C,FX3,CC,1,26,127,0,,,Y,,,,,,,,,,N,,,,,,,,,,N,,,,,,,,,,N,,,,,,,,,,N,,,,,,,,,,N,,,,,,,,,,N,,,,,,,,,,N,,,,,,,,,,N,,,,,,,,,,N,,,Normal,,,,,,,,,,,,,,,
27,D,TAP,CC,1,20,127,0,,,N,,,,,,,,,,N,,,,,,,,,,N,,,,,,,,,,N,,,,,,,,,,N,,,,,,,,,,N,,,,,,,,,,N,,,,,,,,,,N,,,,,,,,,,N,,,,,,,,,,N,,,Normal,,,,,,,,,,,,,,,
28,1,STA-,Key,,2,t,,,,N,,,,,,,,,,N,,,,,,,,,,N,,,,,,,,,,N,,,,,,,,,,N,,,,,,,,,,N,,,,,,,,,,N,,,,,,,,,,N,,,,,,,,,,N,,,,,,,,,,N,,,Normal,,,,,,Normal,,,,,,,,,
28,2,STA+,Key,,,t,,,,N,,,,,,,,,,N,,,,,,,,,,N,,,,,,,,,,N,,,,,,,,,,N,,,,,,,,,,N,,,,,,,,,,N,,,,,,,,,,N,,,,,,,,,,N,,,,,,,,,,N,,,Normal,,,,,,Normal,,,,,,,,,
28,3,PLAY,CC,1,21,127,0,,,N,,,,,,,,,,N,,,,,,,,,,N,,,,,,,,,,N,,,,,,,,,,N,,,,,,,,,,N,,,,,,,,,,N,,,,,,,,,,N,,,,,,,,,,N,,,,,,,,,,N,,,Normal,,,,,,,,,,,,,,,
28,4,PANC,CC,1,22,127,0,,,N,,,,,,,,,,N,,,,,,,,,,N,,,,,,,,,,N,,,,,,,,,,N,,,,,,,,,,N,,,,,,,,,,N,,,,,,,,,,N,,,,,,,,,,N,,,,,,,,,,N,,,Normal,,,,,,,,,,,,,,,
28,A,FX1,CC,1,24,127,0,,,Y,,,,,,,,,,N,,,,,,,,,,N,,,,,,,,,,N,,,,,,,,,,N,,,,,,,,,,N,,,,,,,,,,N,,,,,,,,,,N,,,,,,,,,,N,,,,,,,,,,N,,,Normal,,,,,,,,,,,,,,,
28,B,FX2,CC,1,25,127,0,,,Y,,,,,,,,,,N,,,,,,,,,,N,,,,,,,,,,N,,,,,,,,,,N,,,,,,,,,,N,,,,,,,,,,N,,,,,,,,,,N,,,,,,,,,,N,,,,,,,,,,N,,,Normal,,,,,,,,,,,,,,,
28,C,FX3,CC,1,26,127,0,,,Y,,,,,,,,,,N,,,,,,,,,,N,,,,,,,,,,N,,,,,,,,,,N,,,,,,,,,,N,,,,,,,,,,N,,,,,,,,,,N,,,,,,,,,,N,,,,,,,,,,N,,,Normal,,,,,,,,,,,,,,,
28,D,TAP,CC,1,20,127,0,,,N,,,,,,,,,,N,,,,,,,,,,N,,,,,,,,,,N,,,,,,,,,,N,,,,,,,,,,N,,,,,,,,,,N,,,,,,,,,,N,,,,,,,,,,N,,,,,,,,,,N,,,Normal,,,,,,,,,,,,,,,
29,1,STA-,Key,,2,t,,,,N,,,,,,,,,,N,,,,,,,,,,N,,,,,,,,,,N,,,,,,,,,,N,,,,,,,,,,N,,,,,,,,,,N,,,,,,,,,,N,,,,,,,,,,N,,,,,,,,,,N,,,Normal,,,,,,Normal,,,,,,,,,
29,2,STA+,Key,,,t,,,,N,,,,,,,,,,N,,,,,,,,,,N,,,,,,,,,,N,,,,,,,,,,N,,,,,,,,,,N,,,,,,,,,,N,,,,,,,,,,N,,,,,,,,,,N,,,,,,,,,,N,,,Normal,,,,,,Normal,,,,,,,,,
29,3,PLAY,CC,1,21,127,0,,,N,,,,,,,,,,N,,,,,,,,,,N,,,,,,,,,,N,,,,,,,,,,N,,,,,,,,,,N,,,,,,,,,,N,,,,,,,,,,N,,,,,,,,,,N,,,,,,,,,,N,,,Normal,,,,,,,,,,,,,,,
29,4,PANC,CC,1,22,127,0,,,N,,,,,,,,,,N,,,,,,,,,,N,,,,,,,,,,N,,,,,,,,,,N,,,,,,,,,,N,,,,,,,,,,N,,,,,,,,,,N,,,,,,,,,,N,,,,,,,,,,N,,,Normal,,,,,,,,,,,,,,,
29,A,FX1,CC,1,24,127,0,,,Y,,,,,,,,,,N,,,,,,,,,,N,,,,,,,,,,N,,,,,,,,,,N,,,,,,,,,,N,,,,,,,,,,N,,,,,,,,,,N,,,,,,,,,,N,,,,,,,,,,N,,,Normal,,,,,,,,,,,,,,,
29,B,FX2,CC,1,25,127,0,,,Y,,,,,,,,,,N,,,,,,,,,,N,,,,,,,,,,N,,,,,,,,,,N,,,,,,,,,,N,,,,,,,,,,N,,,,,,,,,,N,,,,,,,,,,N,,,,,,,,,,N,,,Normal,,,,,,,,,,,,,,,
29,C,FX3,CC,1,26,127,0,,,Y,,,,,,,,,,N,,,,,,,,,,N,,,,,,,,,,N,,,,,,,,,,N,,,,,,,,,,N,,,,,,,,,,N,,,,,,,,,,N,,,,,,,,,,N,,,,,,,,,,N,,,Normal,,,,,,,,,,,,,,,
29,D,TAP,CC,1,20,127,0,,,N,,,,,,,,,,N,,,,,,,,,,N,,,,,,,,,,N,,,,,,,,,,N,,,,,,,,,,N,,,,,,,,,,N,,,,,,,,,,N,,,,,,,,,,N,,,,,,,,,,N,,,Normal,,,,,,,,,,,,,,,
30,1,STA-,Key,,2,t,,,,N,,,,,,,,,,N,,,,,,,,,,N,,,,,,,,,,N,,,,,,,,,,N,,,,,,,,,,N,,,,,,,,,,N,,,,,,,,,,N,,,,,,,,,,N,,,,,,,,,,N,,,Normal,,,,,,Normal,,,,,,,,,
30,2,STA+,Key,,,t,,,,N,,,,,,,,,,N,,,,,,,,,,N,,,,,,,,,,N,,,,,,,,,,N,,,,,,,,,,N,,,,,,,,,,N,,,,,,,,,,N,,,,,,,,,,N,,,,,,,,,,N,,,Normal,,,,,,Normal,,,,,,,,,
30,3,PLAY,CC,1,21,127,0,,,N,,,,,,,,,,N,,,,,,,,,,N,,,,,,,,,,N,,,,,,,,,,N,,,,,,,,,,N,,,,,,,,,,N,,,,,,,,,,N,,,,,,,,,,N,,,,,,,,,,N,,,Normal,,,,,,,,,,,,,,,
30,4,PANC,CC,1,22,127,0,,,N,,,,,,,,,,N,,,,,,,,,,N,,,,,,,,,,N,,,,,,,,,,N,,,,,,,,,,N,,,,,,,,,,N,,,,,,,,,,N,,,,,,,,,,N,,,,,,,,,,N,,,Normal,,,,,,,,,,,,,,,
30,A,FX1,CC,1,24,127,0,,,Y,,,,,,,,,,N,,,,,,,,,,N,,,,,,,,,,N,,,,,,,,,,N,,,,,,,,,,N,,,,,,,,,,N,,,,,,,,,,N,,,,,,,,,,N,,,,,,,,,,N,,,Normal,,,,,,,,,,,,,,,
30,B,FX2,CC,1,25,127,0,,,Y,,,,,,,,,,N,,,,,,,,,,N,,,,,,,,,,N,,,,,,,,,,N,,,,,,,,,,N,,,,,,,,,,N,,,,,,,,,,N,,,,,,,,,,N,,,,,,,,,,N,,,Normal,,,,,,,,,,,,,,,
30,C,FX3,CC,1,26,127,0,,,Y,,,,,,,,,,N,,,,,,,,,,N,,,,,,,,,,N,,,,,,,,,,N,,,,,,,,,,N,,,,,,,,,,N,,,,,,,,,,N,,,,,,,,,,N,,,,,,,,,,N,,,Normal,,,,,,,,,,,,,,,
30,D,TAP,CC,1,20,127,0,,,N,,,,,,,,,,N,,,,,,,,,,N,,,,,,,,,,N,,,,,,,,,,N,,,,,,,,,,N,,,,,,,,,,N,,,,,,,,,,N,,,,,,,,,,N,,,,,,,,,,N,,,Normal,,,,,,,,,,,,,,,
31,1,STA-,Key,,2,t,,,,N,,,,,,,,,,N,,,,,,,,,,N,,,,,,,,,,N,,,,,,,,,,N,,,,,,,,,,N,,,,,,,,,,N,,,,,,,,,,N,,,,,,,,,,N,,,,,,,,,,N,,,Normal,,,,,,Normal,,,,,,,,,
31,2,STA+,Key,,,t,,,,N,,,,,,,,,,N,,,,,,,,,,N,,,,,,,,,,N,,,,,,,,,,N,,,,,,,,,,N,,,,,,,,,,N,,,,,,,,,,N,,,,,,,,,,N,,,,,,,,,,N,,,Normal,,,,,,Normal,,,,,,,,,
31,3,PLAY,CC,1,21,127,0,,,N,,,,,,,,,,N,,,,,,,,,,N,,,,,,,,,,N,,,,,,,,,,N,,,,,,,,,,N,,,,,,,,,,N,,,,,,,,,,N,,,,,,,,,,N,,,,,,,,,,N,,,Normal,,,,,,,,,,,,,,,
31,4,PANC,CC,1,22,127,0,,,N,,,,,,,,,,N,,,,,,,,,,N,,,,,,,,,,N,,,,,,,,,,N,,,,,,,,,,N,,,,,,,,,,N,,,,,,,,,,N,,,,,,,,,,N,,,,,,,,,,N,,,Normal,,,,,,,,,,,,,,,
31,A,FX1,CC,1,24,127,0,,,Y,,,,,,,,,,N,,,,,,,,,,N,,,,,,,,,,N,,,,,,,,,,N,,,,,,,,,,N,,,,,,,,,,N,,,,,,,,,,N,,,,,,,,,,N,,,,,,,,,,N,,,Normal,,,,,,,,,,,,,,,
31,B,FX2,CC,1,25,127,0,,,Y,,,,,,,,,,N,,,,,,,,,,N,,,,,,,,,,N,,,,,,,,,,N,,,,,,,,,,N,,,,,,,,,,N,,,,,,,,,,N,,,,,,,,,,N,,,,,,,,,,N,,,Normal,,,,,,,,,,,,,,,
31,C,FX3,CC,1,26,127,0,,,Y,,,,,,,,,,N,,,,,,,,,,N,,,,,,,,,,N,,,,,,,,,,N,,,,,,,,,,N,,,,,,,,,,N,,,,,,,,,,N,,,,,,,,,,N,,,,,,,,,,N,,,Normal,,,,,,,,,,,,,,,
31,D,TAP,CC,1,20,127,0,,,N,,,,,,,,,,N,,,,,,,,,,N,,,,,,,,,,N,,,,,,,,,,N,,,,,,,,,,N,,,,,,,,,,N,,,,,,,,,,N,,,,,,,,,,N,,,,,,,,,,N,,,Normal,,,,,,,,,,,,,,,
,,,,,,,,,,,,,,,,,,,,,,,,,,,,,,,,,,,,,,,,,,,,,,,,,,
* LongPress_Settings,,,,,,,,,,,,,,,,,,,,,,,,,,,,,,,,,,,,,,,,,,,,,,,,,,
Bank_Number,Button_Identifier,Long_Label,A_CommandType,A_Channel_(PC/CC/Note/PB),A_Number_(PC/CC/Note),A_OnValue_(CC/PB),A_OffValue_(CC),A_BankSelect_(PC),A_BankSelectHighByte_(PC),A_Toggle_(CC/PB/Note),A_Velocity_(Note),A_Duration_(Note/PB),A_KeyMode_(Key),B_CommandType,B_Channel_(PC/CC/Note/PB),B_Number_(PC/CC/Note),B_OnValue_(CC/PB),B_OffValue_(CC),B_BankSelect_(PC),B_BankSelectHighByte_(PC),B_Toggle_(CC/PB/Note),B_Velocity_(Note),B_Duration_(Note/PB),B_KeyMode_(Key),C_CommandType,C_Channel_(PC/CC/Note/PB),C_Number_(PC/CC/Note),C_OnValue_(CC/PB),C_OffValue_(CC),C_BankSelect_(PC),C_BankSelectHighByte_(PC),C_Toggle_(CC/PB/Note),C_Velocity_(Note),C_Duration_(Note/PB),C_KeyMode_(Key),D_CommandType,D_Channel_(PC/CC/Note/PB),D_Number_(PC/CC/Note),D_OnValue_(CC/PB),D_OffValue_(CC),D_BankSelect_(PC),D_BankSelectHighByte_(PC),D_Toggle_(CC/PB/Note),D_Velocity_(Note),D_Duration_(Note/PB),D_KeyMode_(Key),E_CommandType,E_Channel_(PC/CC/Note/PB),E_Number_(PC/CC/Note),E_OnValue_(CC/PB),E_OffValue_(CC),E_BankSelect_(PC),E_BankSelectHighByte_(PC),E_Toggle_(CC/PB/Note),E_Velocity_(Note),E_Duration_(Note/PB),E_KeyMode_(Key),F_CommandType,F_Channel_(PC/CC/Note/PB),F_Number_(PC/CC/Note),F_OnValue_(CC/PB),F_OffValue_(CC),F_BankSelect_(PC),F_BankSelectHighByte_(PC),F_Toggle_(CC/PB/Note),F_Velocity_(Note),F_Duration_(Note/PB),F_KeyMode_(Key),G_CommandType,G_Channel_(PC/CC/Note/PB),G_Number_(PC/CC/Note),G_OnValue_(CC/PB),G_OffValue_(CC),G_BankSelect_(PC),G_BankSelectHighByte_(PC),G_Toggle_(CC/PB/Note),G_Velocity_(Note),G_Duration_(Note/PB),G_KeyMode_(Key),H_CommandType,H_Channel_(PC/CC/Note/PB),H_Number_(PC/CC/Note),H_OnValue_(CC/PB),H_OffValue_(CC),H_BankSelect_(PC),H_BankSelectHighByte_(PC),H_Toggle_(CC/PB/Note),H_Velocity_(Note),H_Duration_(Note/PB),H_KeyMode_(Key),I_CommandType,I_Channel_(PC/CC/Note/PB),I_Number_(PC/CC/Note),I_OnValue_(CC/PB),I_OffValue_(CC),I_BankSelect_(PC),I_BankSelectHighByte_(PC),I_Toggle_(CC/PB/Note),I_Velocity_(Note),I_Duration_(Note/PB),I_KeyMode_(Key),J_CommandType,J_Channel_(PC/CC/Note/PB),J_Number_(PC/CC/Note),J_OnValue_(CC/PB),J_OffValue_(CC),J_BankSelect_(PC),J_BankSelectHighByte_(PC),J_Toggle_(CC/PB/Note),J_Velocity_(Note),J_Duration_(Note/PB),J_KeyMode_(Key)
0,1,,,,,,,,,N,,,,,,,,,,,N,,,,,,,,,,,N,,,,,,,,,,,N,,,,,,,,,,,N,,,,,,,,,,,N,,,,,,,,,,,N,,,,,,,,,,,N,,,,,,,,,,,N,,,,,,,,,,,N,,,
0,2,,,,,,,,,N,,,,,,,,,,,N,,,,,,,,,,,N,,,,,,,,,,,N,,,,,,,,,,,N,,,,,,,,,,,N,,,,,,,,,,,N,,,,,,,,,,,N,,,,,,,,,,,N,,,,,,,,,,,N,,,
0,3,,,,,,,,,N,,,,,,,,,,,N,,,,,,,,,,,N,,,,,,,,,,,N,,,,,,,,,,,N,,,,,,,,,,,N,,,,,,,,,,,N,,,,,,,,,,,N,,,,,,,,,,,N,,,,,,,,,,,N,,,
0,4,,,,,,,,,N,,,,,,,,,,,N,,,,,,,,,,,N,,,,,,,,,,,N,,,,,,,,,,,N,,,,,,,,,,,N,,,,,,,,,,,N,,,,,,,,,,,N,,,,,,,,,,,N,,,,,,,,,,,N,,,
0,A,,,,,,,,,N,,,,,,,,,,,N,,,,,,,,,,,N,,,,,,,,,,,N,,,,,,,,,,,N,,,,,,,,,,,N,,,,,,,,,,,N,,,,,,,,,,,N,,,,,,,,,,,N,,,,,,,,,,,N,,,
0,B,,,,,,,,,N,,,,,,,,,,,N,,,,,,,,,,,N,,,,,,,,,,,N,,,,,,,,,,,N,,,,,,,,,,,N,,,,,,,,,,,N,,,,,,,,,,,N,,,,,,,,,,,N,,,,,,,,,,,N,,,
0,C,,,,,,,,,N,,,,,,,,,,,N,,,,,,,,,,,N,,,,,,,,,,,N,,,,,,,,,,,N,,,,,,,,,,,N,,,,,,,,,,,N,,,,,,,,,,,N,,,,,,,,,,,N,,,,,,,,,,,N,,,
0,D,,,,,,,,,N,,,,,,,,,,,N,,,,,,,,,,,N,,,,,,,,,,,N,,,,,,,,,,,N,,,,,,,,,,,N,,,,,,,,,,,N,,,,,,,,,,,N,,,,,,,,,,,N,,,,,,,,,,,N,,,
1,1,,,,,,,,,N,,,,,,,,,,,N,,,,,,,,,,,N,,,,,,,,,,,N,,,,,,,,,,,N,,,,,,,,,,,N,,,,,,,,,,,N,,,,,,,,,,,N,,,,,,,,,,,N,,,,,,,,,,,N,,,
1,2,,,,,,,,,N,,,,,,,,,,,N,,,,,,,,,,,N,,,,,,,,,,,N,,,,,,,,,,,N,,,,,,,,,,,N,,,,,,,,,,,N,,,,,,,,,,,N,,,,,,,,,,,N,,,,,,,,,,,N,,,
1,3,,,,,,,,,N,,,,,,,,,,,N,,,,,,,,,,,N,,,,,,,,,,,N,,,,,,,,,,,N,,,,,,,,,,,N,,,,,,,,,,,N,,,,,,,,,,,N,,,,,,,,,,,N,,,,,,,,,,,N,,,
1,4,,,,,,,,,N,,,,,,,,,,,N,,,,,,,,,,,N,,,,,,,,,,,N,,,,,,,,,,,N,,,,,,,,,,,N,,,,,,,,,,,N,,,,,,,,,,,N,,,,,,,,,,,N,,,,,,,,,,,N,,,
1,A,,,,,,,,,N,,,,,,,,,,,N,,,,,,,,,,,N,,,,,,,,,,,N,,,,,,,,,,,N,,,,,,,,,,,N,,,,,,,,,,,N,,,,,,,,,,,N,,,,,,,,,,,N,,,,,,,,,,,N,,,
1,B,,,,,,,,,N,,,,,,,,,,,N,,,,,,,,,,,N,,,,,,,,,,,N,,,,,,,,,,,N,,,,,,,,,,,N,,,,,,,,,,,N,,,,,,,,,,,N,,,,,,,,,,,N,,,,,,,,,,,N,,,
1,C,,,,,,,,,N,,,,,,,,,,,N,,,,,,,,,,,N,,,,,,,,,,,N,,,,,,,,,,,N,,,,,,,,,,,N,,,,,,,,,,,N,,,,,,,,,,,N,,,,,,,,,,,N,,,,,,,,,,,N,,,
1,D,,,,,,,,,N,,,,,,,,,,,N,,,,,,,,,,,N,,,,,,,,,,,N,,,,,,,,,,,N,,,,,,,,,,,N,,,,,,,,,,,N,,,,,,,,,,,N,,,,,,,,,,,N,,,,,,,,,,,N,,,
2,1,,,,,,,,,N,,,,,,,,,,,N,,,,,,,,,,,N,,,,,,,,,,,N,,,,,,,,,,,N,,,,,,,,,,,N,,,,,,,,,,,N,,,,,,,,,,,N,,,,,,,,,,,N,,,,,,,,,,,N,,,
2,2,,,,,,,,,N,,,,,,,,,,,N,,,,,,,,,,,N,,,,,,,,,,,N,,,,,,,,,,,N,,,,,,,,,,,N,,,,,,,,,,,N,,,,,,,,,,,N,,,,,,,,,,,N,,,,,,,,,,,N,,,
2,3,,,,,,,,,N,,,,,,,,,,,N,,,,,,,,,,,N,,,,,,,,,,,N,,,,,,,,,,,N,,,,,,,,,,,N,,,,,,,,,,,N,,,,,,,,,,,N,,,,,,,,,,,N,,,,,,,,,,,N,,,
2,4,,,,,,,,,N,,,,,,,,,,,N,,,,,,,,,,,N,,,,,,,,,,,N,,,,,,,,,,,N,,,,,,,,,,,N,,,,,,,,,,,N,,,,,,,,,,,N,,,,,,,,,,,N,,,,,,,,,,,N,,,
2,A,,,,,,,,,N,,,,,,,,,,,N,,,,,,,,,,,N,,,,,,,,,,,N,,,,,,,,,,,N,,,,,,,,,,,N,,,,,,,,,,,N,,,,,,,,,,,N,,,,,,,,,,,N,,,,,,,,,,,N,,,
2,B,,,,,,,,,N,,,,,,,,,,,N,,,,,,,,,,,N,,,,,,,,,,,N,,,,,,,,,,,N,,,,,,,,,,,N,,,,,,,,,,,N,,,,,,,,,,,N,,,,,,,,,,,N,,,,,,,,,,,N,,,
2,C,,,,,,,,,N,,,,,,,,,,,N,,,,,,,,,,,N,,,,,,,,,,,N,,,,,,,,,,,N,,,,,,,,,,,N,,,,,,,,,,,N,,,,,,,,,,,N,,,,,,,,,,,N,,,,,,,,,,,N,,,
2,D,,,,,,,,,N,,,,,,,,,,,N,,,,,,,,,,,N,,,,,,,,,,,N,,,,,,,,,,,N,,,,,,,,,,,N,,,,,,,,,,,N,,,,,,,,,,,N,,,,,,,,,,,N,,,,,,,,,,,N,,,
3,1,,,,,,,,,N,,,,,,,,,,,N,,,,,,,,,,,N,,,,,,,,,,,N,,,,,,,,,,,N,,,,,,,,,,,N,,,,,,,,,,,N,,,,,,,,,,,N,,,,,,,,,,,N,,,,,,,,,,,N,,,
3,2,,,,,,,,,N,,,,,,,,,,,N,,,,,,,,,,,N,,,,,,,,,,,N,,,,,,,,,,,N,,,,,,,,,,,N,,,,,,,,,,,N,,,,,,,,,,,N,,,,,,,,,,,N,,,,,,,,,,,N,,,
3,3,,,,,,,,,N,,,,,,,,,,,N,,,,,,,,,,,N,,,,,,,,,,,N,,,,,,,,,,,N,,,,,,,,,,,N,,,,,,,,,,,N,,,,,,,,,,,N,,,,,,,,,,,N,,,,,,,,,,,N,,,
3,4,,,,,,,,,N,,,,,,,,,,,N,,,,,,,,,,,N,,,,,,,,,,,N,,,,,,,,,,,N,,,,,,,,,,,N,,,,,,,,,,,N,,,,,,,,,,,N,,,,,,,,,,,N,,,,,,,,,,,N,,,
3,A,,,,,,,,,N,,,,,,,,,,,N,,,,,,,,,,,N,,,,,,,,,,,N,,,,,,,,,,,N,,,,,,,,,,,N,,,,,,,,,,,N,,,,,,,,,,,N,,,,,,,,,,,N,,,,,,,,,,,N,,,
3,B,,,,,,,,,N,,,,,,,,,,,N,,,,,,,,,,,N,,,,,,,,,,,N,,,,,,,,,,,N,,,,,,,,,,,N,,,,,,,,,,,N,,,,,,,,,,,N,,,,,,,,,,,N,,,,,,,,,,,N,,,
3,C,,,,,,,,,N,,,,,,,,,,,N,,,,,,,,,,,N,,,,,,,,,,,N,,,,,,,,,,,N,,,,,,,,,,,N,,,,,,,,,,,N,,,,,,,,,,,N,,,,,,,,,,,N,,,,,,,,,,,N,,,
3,D,,,,,,,,,N,,,,,,,,,,,N,,,,,,,,,,,N,,,,,,,,,,,N,,,,,,,,,,,N,,,,,,,,,,,N,,,,,,,,,,,N,,,,,,,,,,,N,,,,,,,,,,,N,,,,,,,,,,,N,,,
4,1,,,,,,,,,N,,,,,,,,,,,N,,,,,,,,,,,N,,,,,,,,,,,N,,,,,,,,,,,N,,,,,,,,,,,N,,,,,,,,,,,N,,,,,,,,,,,N,,,,,,,,,,,N,,,,,,,,,,,N,,,
4,2,,,,,,,,,N,,,,,,,,,,,N,,,,,,,,,,,N,,,,,,,,,,,N,,,,,,,,,,,N,,,,,,,,,,,N,,,,,,,,,,,N,,,,,,,,,,,N,,,,,,,,,,,N,,,,,,,,,,,N,,,
4,3,,,,,,,,,N,,,,,,,,,,,N,,,,,,,,,,,N,,,,,,,,,,,N,,,,,,,,,,,N,,,,,,,,,,,N,,,,,,,,,,,N,,,,,,,,,,,N,,,,,,,,,,,N,,,,,,,,,,,N,,,
4,4,,,,,,,,,N,,,,,,,,,,,N,,,,,,,,,,,N,,,,,,,,,,,N,,,,,,,,,,,N,,,,,,,,,,,N,,,,,,,,,,,N,,,,,,,,,,,N,,,,,,,,,,,N,,,,,,,,,,,N,,,
4,A,,,,,,,,,N,,,,,,,,,,,N,,,,,,,,,,,N,,,,,,,,,,,N,,,,,,,,,,,N,,,,,,,,,,,N,,,,,,,,,,,N,,,,,,,,,,,N,,,,,,,,,,,N,,,,,,,,,,,N,,,
4,B,,,,,,,,,N,,,,,,,,,,,N,,,,,,,,,,,N,,,,,,,,,,,N,,,,,,,,,,,N,,,,,,,,,,,N,,,,,,,,,,,N,,,,,,,,,,,N,,,,,,,,,,,N,,,,,,,,,,,N,,,
4,C,,,,,,,,,N,,,,,,,,,,,N,,,,,,,,,,,N,,,,,,,,,,,N,,,,,,,,,,,N,,,,,,,,,,,N,,,,,,,,,,,N,,,,,,,,,,,N,,,,,,,,,,,N,,,,,,,,,,,N,,,
4,D,,,,,,,,,N,,,,,,,,,,,N,,,,,,,,,,,N,,,,,,,,,,,N,,,,,,,,,,,N,,,,,,,,,,,N,,,,,,,,,,,N,,,,,,,,,,,N,,,,,,,,,,,N,,,,,,,,,,,N,,,
5,1,,,,,,,,,N,,,,,,,,,,,N,,,,,,,,,,,N,,,,,,,,,,,N,,,,,,,,,,,N,,,,,,,,,,,N,,,,,,,,,,,N,,,,,,,,,,,N,,,,,,,,,,,N,,,,,,,,,,,N,,,
5,2,,,,,,,,,N,,,,,,,,,,,N,,,,,,,,,,,N,,,,,,,,,,,N,,,,,,,,,,,N,,,,,,,,,,,N,,,,,,,,,,,N,,,,,,,,,,,N,,,,,,,,,,,N,,,,,,,,,,,N,,,
5,3,,,,,,,,,N,,,,,,,,,,,N,,,,,,,,,,,N,,,,,,,,,,,N,,,,,,,,,,,N,,,,,,,,,,,N,,,,,,,,,,,N,,,,,,,,,,,N,,,,,,,,,,,N,,,,,,,,,,,N,,,
5,4,,,,,,,,,N,,,,,,,,,,,N,,,,,,,,,,,N,,,,,,,,,,,N,,,,,,,,,,,N,,,,,,,,,,,N,,,,,,,,,,,N,,,,,,,,,,,N,,,,,,,,,,,N,,,,,,,,,,,N,,,
5,A,,,,,,,,,N,,,,,,,,,,,N,,,,,,,,,,,N,,,,,,,,,,,N,,,,,,,,,,,N,,,,,,,,,,,N,,,,,,,,,,,N,,,,,,,,,,,N,,,,,,,,,,,N,,,,,,,,,,,N,,,
5,B,,,,,,,,,N,,,,,,,,,,,N,,,,,,,,,,,N,,,,,,,,,,,N,,,,,,,,,,,N,,,,,,,,,,,N,,,,,,,,,,,N,,,,,,,,,,,N,,,,,,,,,,,N,,,,,,,,,,,N,,,
5,C,,,,,,,,,N,,,,,,,,,,,N,,,,,,,,,,,N,,,,,,,,,,,N,,,,,,,,,,,N,,,,,,,,,,,N,,,,,,,,,,,N,,,,,,,,,,,N,,,,,,,,,,,N,,,,,,,,,,,N,,,
5,D,,,,,,,,,N,,,,,,,,,,,N,,,,,,,,,,,N,,,,,,,,,,,N,,,,,,,,,,,N,,,,,,,,,,,N,,,,,,,,,,,N,,,,,,,,,,,N,,,,,,,,,,,N,,,,,,,,,,,N,,,
6,1,,,,,,,,,N,,,,,,,,,,,N,,,,,,,,,,,N,,,,,,,,,,,N,,,,,,,,,,,N,,,,,,,,,,,N,,,,,,,,,,,N,,,,,,,,,,,N,,,,,,,,,,,N,,,,,,,,,,,N,,,
6,2,,,,,,,,,N,,,,,,,,,,,N,,,,,,,,,,,N,,,,,,,,,,,N,,,,,,,,,,,N,,,,,,,,,,,N,,,,,,,,,,,N,,,,,,,,,,,N,,,,,,,,,,,N,,,,,,,,,,,N,,,
6,3,,,,,,,,,N,,,,,,,,,,,N,,,,,,,,,,,N,,,,,,,,,,,N,,,,,,,,,,,N,,,,,,,,,,,N,,,,,,,,,,,N,,,,,,,,,,,N,,,,,,,,,,,N,,,,,,,,,,,N,,,
6,4,,,,,,,,,N,,,,,,,,,,,N,,,,,,,,,,,N,,,,,,,,,,,N,,,,,,,,,,,N,,,,,,,,,,,N,,,,,,,,,,,N,,,,,,,,,,,N,,,,,,,,,,,N,,,,,,,,,,,N,,,
6,A,,,,,,,,,N,,,,,,,,,,,N,,,,,,,,,,,N,,,,,,,,,,,N,,,,,,,,,,,N,,,,,,,,,,,N,,,,,,,,,,,N,,,,,,,,,,,N,,,,,,,,,,,N,,,,,,,,,,,N,,,
6,B,,,,,,,,,N,,,,,,,,,,,N,,,,,,,,,,,N,,,,,,,,,,,N,,,,,,,,,,,N,,,,,,,,,,,N,,,,,,,,,,,N,,,,,,,,,,,N,,,,,,,,,,,N,,,,,,,,,,,N,,,
6,C,,,,,,,,,N,,,,,,,,,,,N,,,,,,,,,,,N,,,,,,,,,,,N,,,,,,,,,,,N,,,,,,,,,,,N,,,,,,,,,,,N,,,,,,,,,,,N,,,,,,,,,,,N,,,,,,,,,,,N,,,
6,D,,,,,,,,,N,,,,,,,,,,,N,,,,,,,,,,,N,,,,,,,,,,,N,,,,,,,,,,,N,,,,,,,,,,,N,,,,,,,,,,,N,,,,,,,,,,,N,,,,,,,,,,,N,,,,,,,,,,,N,,,
7,1,,,,,,,,,N,,,,,,,,,,,N,,,,,,,,,,,N,,,,,,,,,,,N,,,,,,,,,,,N,,,,,,,,,,,N,,,,,,,,,,,N,,,,,,,,,,,N,,,,,,,,,,,N,,,,,,,,,,,N,,,
7,2,,,,,,,,,N,,,,,,,,,,,N,,,,,,,,,,,N,,,,,,,,,,,N,,,,,,,,,,,N,,,,,,,,,,,N,,,,,,,,,,,N,,,,,,,,,,,N,,,,,,,,,,,N,,,,,,,,,,,N,,,
7,3,,,,,,,,,N,,,,,,,,,,,N,,,,,,,,,,,N,,,,,,,,,,,N,,,,,,,,,,,N,,,,,,,,,,,N,,,,,,,,,,,N,,,,,,,,,,,N,,,,,,,,,,,N,,,,,,,,,,,N,,,
7,4,,,,,,,,,N,,,,,,,,,,,N,,,,,,,,,,,N,,,,,,,,,,,N,,,,,,,,,,,N,,,,,,,,,,,N,,,,,,,,,,,N,,,,,,,,,,,N,,,,,,,,,,,N,,,,,,,,,,,N,,,
7,A,,,,,,,,,N,,,,,,,,,,,N,,,,,,,,,,,N,,,,,,,,,,,N,,,,,,,,,,,N,,,,,,,,,,,N,,,,,,,,,,,N,,,,,,,,,,,N,,,,,,,,,,,N,,,,,,,,,,,N,,,
7,B,,,,,,,,,N,,,,,,,,,,,N,,,,,,,,,,,N,,,,,,,,,,,N,,,,,,,,,,,N,,,,,,,,,,,N,,,,,,,,,,,N,,,,,,,,,,,N,,,,,,,,,,,N,,,,,,,,,,,N,,,
7,C,,,,,,,,,N,,,,,,,,,,,N,,,,,,,,,,,N,,,,,,,,,,,N,,,,,,,,,,,N,,,,,,,,,,,N,,,,,,,,,,,N,,,,,,,,,,,N,,,,,,,,,,,N,,,,,,,,,,,N,,,
7,D,,,,,,,,,N,,,,,,,,,,,N,,,,,,,,,,,N,,,,,,,,,,,N,,,,,,,,,,,N,,,,,,,,,,,N,,,,,,,,,,,N,,,,,,,,,,,N,,,,,,,,,,,N,,,,,,,,,,,N,,,
8,1,,,,,,,,,N,,,,,,,,,,,N,,,,,,,,,,,N,,,,,,,,,,,N,,,,,,,,,,,N,,,,,,,,,,,N,,,,,,,,,,,N,,,,,,,,,,,N,,,,,,,,,,,N,,,,,,,,,,,N,,,
8,2,,,,,,,,,N,,,,,,,,,,,N,,,,,,,,,,,N,,,,,,,,,,,N,,,,,,,,,,,N,,,,,,,,,,,N,,,,,,,,,,,N,,,,,,,,,,,N,,,,,,,,,,,N,,,,,,,,,,,N,,,
8,3,,,,,,,,,N,,,,,,,,,,,N,,,,,,,,,,,N,,,,,,,,,,,N,,,,,,,,,,,N,,,,,,,,,,,N,,,,,,,,,,,N,,,,,,,,,,,N,,,,,,,,,,,N,,,,,,,,,,,N,,,
8,4,,,,,,,,,N,,,,,,,,,,,N,,,,,,,,,,,N,,,,,,,,,,,N,,,,,,,,,,,N,,,,,,,,,,,N,,,,,,,,,,,N,,,,,,,,,,,N,,,,,,,,,,,N,,,,,,,,,,,N,,,
8,A,,,,,,,,,N,,,,,,,,,,,N,,,,,,,,,,,N,,,,,,,,,,,N,,,,,,,,,,,N,,,,,,,,,,,N,,,,,,,,,,,N,,,,,,,,,,,N,,,,,,,,,,,N,,,,,,,,,,,N,,,
8,B,,,,,,,,,N,,,,,,,,,,,N,,,,,,,,,,,N,,,,,,,,,,,N,,,,,,,,,,,N,,,,,,,,,,,N,,,,,,,,,,,N,,,,,,,,,,,N,,,,,,,,,,,N,,,,,,,,,,,N,,,
8,C,,,,,,,,,N,,,,,,,,,,,N,,,,,,,,,,,N,,,,,,,,,,,N,,,,,,,,,,,N,,,,,,,,,,,N,,,,,,,,,,,N,,,,,,,,,,,N,,,,,,,,,,,N,,,,,,,,,,,N,,,
8,D,,,,,,,,,N,,,,,,,,,,,N,,,,,,,,,,,N,,,,,,,,,,,N,,,,,,,,,,,N,,,,,,,,,,,N,,,,,,,,,,,N,,,,,,,,,,,N,,,,,,,,,,,N,,,,,,,,,,,N,,,
9,1,,,,,,,,,N,,,,,,,,,,,N,,,,,,,,,,,N,,,,,,,,,,,N,,,,,,,,,,,N,,,,,,,,,,,N,,,,,,,,,,,N,,,,,,,,,,,N,,,,,,,,,,,N,,,,,,,,,,,N,,,
9,2,,,,,,,,,N,,,,,,,,,,,N,,,,,,,,,,,N,,,,,,,,,,,N,,,,,,,,,,,N,,,,,,,,,,,N,,,,,,,,,,,N,,,,,,,,,,,N,,,,,,,,,,,N,,,,,,,,,,,N,,,
9,3,,,,,,,,,N,,,,,,,,,,,N,,,,,,,,,,,N,,,,,,,,,,,N,,,,,,,,,,,N,,,,,,,,,,,N,,,,,,,,,,,N,,,,,,,,,,,N,,,,,,,,,,,N,,,,,,,,,,,N,,,
9,4,,,,,,,,,N,,,,,,,,,,,N,,,,,,,,,,,N,,,,,,,,,,,N,,,,,,,,,,,N,,,,,,,,,,,N,,,,,,,,,,,N,,,,,,,,,,,N,,,,,,,,,,,N,,,,,,,,,,,N,,,
9,A,,,,,,,,,N,,,,,,,,,,,N,,,,,,,,,,,N,,,,,,,,,,,N,,,,,,,,,,,N,,,,,,,,,,,N,,,,,,,,,,,N,,,,,,,,,,,N,,,,,,,,,,,N,,,,,,,,,,,N,,,
9,B,,,,,,,,,N,,,,,,,,,,,N,,,,,,,,,,,N,,,,,,,,,,,N,,,,,,,,,,,N,,,,,,,,,,,N,,,,,,,,,,,N,,,,,,,,,,,N,,,,,,,,,,,N,,,,,,,,,,,N,,,
9,C,,,,,,,,,N,,,,,,,,,,,N,,,,,,,,,,,N,,,,,,,,,,,N,,,,,,,,,,,N,,,,,,,,,,,N,,,,,,,,,,,N,,,,,,,,,,,N,,,,,,,,,,,N,,,,,,,,,,,N,,,
9,D,,,,,,,,,N,,,,,,,,,,,N,,,,,,,,,,,N,,,,,,,,,,,N,,,,,,,,,,,N,,,,,,,,,,,N,,,,,,,,,,,N,,,,,,,,,,,N,,,,,,,,,,,N,,,,,,,,,,,N,,,
10,1,,,,,,,,,N,,,,,,,,,,,N,,,,,,,,,,,N,,,,,,,,,,,N,,,,,,,,,,,N,,,,,,,,,,,N,,,,,,,,,,,N,,,,,,,,,,,N,,,,,,,,,,,N,,,,,,,,,,,N,,,
10,2,,,,,,,,,N,,,,,,,,,,,N,,,,,,,,,,,N,,,,,,,,,,,N,,,,,,,,,,,N,,,,,,,,,,,N,,,,,,,,,,,N,,,,,,,,,,,N,,,,,,,,,,,N,,,,,,,,,,,N,,,
10,3,,,,,,,,,N,,,,,,,,,,,N,,,,,,,,,,,N,,,,,,,,,,,N,,,,,,,,,,,N,,,,,,,,,,,N,,,,,,,,,,,N,,,,,,,,,,,N,,,,,,,,,,,N,,,,,,,,,,,N,,,
10,4,,,,,,,,,N,,,,,,,,,,,N,,,,,,,,,,,N,,,,,,,,,,,N,,,,,,,,,,,N,,,,,,,,,,,N,,,,,,,,,,,N,,,,,,,,,,,N,,,,,,,,,,,N,,,,,,,,,,,N,,,
10,A,,,,,,,,,N,,,,,,,,,,,N,,,,,,,,,,,N,,,,,,,,,,,N,,,,,,,,,,,N,,,,,,,,,,,N,,,,,,,,,,,N,,,,,,,,,,,N,,,,,,,,,,,N,,,,,,,,,,,N,,,
10,B,,,,,,,,,N,,,,,,,,,,,N,,,,,,,,,,,N,,,,,,,,,,,N,,,,,,,,,,,N,,,,,,,,,,,N,,,,,,,,,,,N,,,,,,,,,,,N,,,,,,,,,,,N,,,,,,,,,,,N,,,
10,C,,,,,,,,,N,,,,,,,,,,,N,,,,,,,,,,,N,,,,,,,,,,,N,,,,,,,,,,,N,,,,,,,,,,,N,,,,,,,,,,,N,,,,,,,,,,,N,,,,,,,,,,,N,,,,,,,,,,,N,,,
10,D,,,,,,,,,N,,,,,,,,,,,N,,,,,,,,,,,N,,,,,,,,,,,N,,,,,,,,,,,N,,,,,,,,,,,N,,,,,,,,,,,N,,,,,,,,,,,N,,,,,,,,,,,N,,,,,,,,,,,N,,,
11,1,,,,,,,,,N,,,,,,,,,,,N,,,,,,,,,,,N,,,,,,,,,,,N,,,,,,,,,,,N,,,,,,,,,,,N,,,,,,,,,,,N,,,,,,,,,,,N,,,,,,,,,,,N,,,,,,,,,,,N,,,
11,2,,,,,,,,,N,,,,,,,,,,,N,,,,,,,,,,,N,,,,,,,,,,,N,,,,,,,,,,,N,,,,,,,,,,,N,,,,,,,,,,,N,,,,,,,,,,,N,,,,,,,,,,,N,,,,,,,,,,,N,,,
11,3,,,,,,,,,N,,,,,,,,,,,N,,,,,,,,,,,N,,,,,,,,,,,N,,,,,,,,,,,N,,,,,,,,,,,N,,,,,,,,,,,N,,,,,,,,,,,N,,,,,,,,,,,N,,,,,,,,,,,N,,,
11,4,,,,,,,,,N,,,,,,,,,,,N,,,,,,,,,,,N,,,,,,,,,,,N,,,,,,,,,,,N,,,,,,,,,,,N,,,,,,,,,,,N,,,,,,,,,,,N,,,,,,,,,,,N,,,,,,,,,,,N,,,
11,A,,,,,,,,,N,,,,,,,,,,,N,,,,,,,,,,,N,,,,,,,,,,,N,,,,,,,,,,,N,,,,,,,,,,,N,,,,,,,,,,,N,,,,,,,,,,,N,,,,,,,,,,,N,,,,,,,,,,,N,,,
11,B,,,,,,,,,N,,,,,,,,,,,N,,,,,,,,,,,N,,,,,,,,,,,N,,,,,,,,,,,N,,,,,,,,,,,N,,,,,,,,,,,N,,,,,,,,,,,N,,,,,,,,,,,N,,,,,,,,,,,N,,,
11,C,,,,,,,,,N,,,,,,,,,,,N,,,,,,,,,,,N,,,,,,,,,,,N,,,,,,,,,,,N,,,,,,,,,,,N,,,,,,,,,,,N,,,,,,,,,,,N,,,,,,,,,,,N,,,,,,,,,,,N,,,
11,D,,,,,,,,,N,,,,,,,,,,,N,,,,,,,,,,,N,,,,,,,,,,,N,,,,,,,,,,,N,,,,,,,,,,,N,,,,,,,,,,,N,,,,,,,,,,,N,,,,,,,,,,,N,,,,,,,,,,,N,,,
12,1,,,,,,,,,N,,,,,,,,,,,N,,,,,,,,,,,N,,,,,,,,,,,N,,,,,,,,,,,N,,,,,,,,,,,N,,,,,,,,,,,N,,,,,,,,,,,N,,,,,,,,,,,N,,,,,,,,,,,N,,,
12,2,,,,,,,,,N,,,,,,,,,,,N,,,,,,,,,,,N,,,,,,,,,,,N,,,,,,,,,,,N,,,,,,,,,,,N,,,,,,,,,,,N,,,,,,,,,,,N,,,,,,,,,,,N,,,,,,,,,,,N,,,
12,3,,,,,,,,,N,,,,,,,,,,,N,,,,,,,,,,,N,,,,,,,,,,,N,,,,,,,,,,,N,,,,,,,,,,,N,,,,,,,,,,,N,,,,,,,,,,,N,,,,,,,,,,,N,,,,,,,,,,,N,,,
12,4,,,,,,,,,N,,,,,,,,,,,N,,,,,,,,,,,N,,,,,,,,,,,N,,,,,,,,,,,N,,,,,,,,,,,N,,,,,,,,,,,N,,,,,,,,,,,N,,,,,,,,,,,N,,,,,,,,,,,N,,,
12,A,,,,,,,,,N,,,,,,,,,,,N,,,,,,,,,,,N,,,,,,,,,,,N,,,,,,,,,,,N,,,,,,,,,,,N,,,,,,,,,,,N,,,,,,,,,,,N,,,,,,,,,,,N,,,,,,,,,,,N,,,
12,B,,,,,,,,,N,,,,,,,,,,,N,,,,,,,,,,,N,,,,,,,,,,,N,,,,,,,,,,,N,,,,,,,,,,,N,,,,,,,,,,,N,,,,,,,,,,,N,,,,,,,,,,,N,,,,,,,,,,,N,,,
12,C,,,,,,,,,N,,,,,,,,,,,N,,,,,,,,,,,N,,,,,,,,,,,N,,,,,,,,,,,N,,,,,,,,,,,N,,,,,,,,,,,N,,,,,,,,,,,N,,,,,,,,,,,N,,,,,,,,,,,N,,,
12,D,,,,,,,,,N,,,,,,,,,,,N,,,,,,,,,,,N,,,,,,,,,,,N,,,,,,,,,,,N,,,,,,,,,,,N,,,,,,,,,,,N,,,,,,,,,,,N,,,,,,,,,,,N,,,,,,,,,,,N,,,
13,1,,,,,,,,,N,,,,,,,,,,,N,,,,,,,,,,,N,,,,,,,,,,,N,,,,,,,,,,,N,,,,,,,,,,,N,,,,,,,,,,,N,,,,,,,,,,,N,,,,,,,,,,,N,,,,,,,,,,,N,,,
13,2,,,,,,,,,N,,,,,,,,,,,N,,,,,,,,,,,N,,,,,,,,,,,N,,,,,,,,,,,N,,,,,,,,,,,N,,,,,,,,,,,N,,,,,,,,,,,N,,,,,,,,,,,N,,,,,,,,,,,N,,,
13,3,,,,,,,,,N,,,,,,,,,,,N,,,,,,,,,,,N,,,,,,,,,,,N,,,,,,,,,,,N,,,,,,,,,,,N,,,,,,,,,,,N,,,,,,,,,,,N,,,,,,,,,,,N,,,,,,,,,,,N,,,
13,4,,,,,,,,,N,,,,,,,,,,,N,,,,,,,,,,,N,,,,,,,,,,,N,,,,,,,,,,,N,,,,,,,,,,,N,,,,,,,,,,,N,,,,,,,,,,,N,,,,,,,,,,,N,,,,,,,,,,,N,,,
13,A,,,,,,,,,N,,,,,,,,,,,N,,,,,,,,,,,N,,,,,,,,,,,N,,,,,,,,,,,N,,,,,,,,,,,N,,,,,,,,,,,N,,,,,,,,,,,N,,,,,,,,,,,N,,,,,,,,,,,N,,,
13,B,,,,,,,,,N,,,,,,,,,,,N,,,,,,,,,,,N,,,,,,,,,,,N,,,,,,,,,,,N,,,,,,,,,,,N,,,,,,,,,,,N,,,,,,,,,,,N,,,,,,,,,,,N,,,,,,,,,,,N,,,
13,C,,,,,,,,,N,,,,,,,,,,,N,,,,,,,,,,,N,,,,,,,,,,,N,,,,,,,,,,,N,,,,,,,,,,,N,,,,,,,,,,,N,,,,,,,,,,,N,,,,,,,,,,,N,,,,,,,,,,,N,,,
13,D,,,,,,,,,N,,,,,,,,,,,N,,,,,,,,,,,N,,,,,,,,,,,N,,,,,,,,,,,N,,,,,,,,,,,N,,,,,,,,,,,N,,,,,,,,,,,N,,,,,,,,,,,N,,,,,,,,,,,N,,,
14,1,,,,,,,,,N,,,,,,,,,,,N,,,,,,,,,,,N,,,,,,,,,,,N,,,,,,,,,,,N,,,,,,,,,,,N,,,,,,,,,,,N,,,,,,,,,,,N,,,,,,,,,,,N,,,,,,,,,,,N,,,
14,2,,,,,,,,,N,,,,,,,,,,,N,,,,,,,,,,,N,,,,,,,,,,,N,,,,,,,,,,,N,,,,,,,,,,,N,,,,,,,,,,,N,,,,,,,,,,,N,,,,,,,,,,,N,,,,,,,,,,,N,,,
14,3,,,,,,,,,N,,,,,,,,,,,N,,,,,,,,,,,N,,,,,,,,,,,N,,,,,,,,,,,N,,,,,,,,,,,N,,,,,,,,,,,N,,,,,,,,,,,N,,,,,,,,,,,N,,,,,,,,,,,N,,,
14,4,,,,,,,,,N,,,,,,,,,,,N,,,,,,,,,,,N,,,,,,,,,,,N,,,,,,,,,,,N,,,,,,,,,,,N,,,,,,,,,,,N,,,,,,,,,,,N,,,,,,,,,,,N,,,,,,,,,,,N,,,
14,A,,,,,,,,,N,,,,,,,,,,,N,,,,,,,,,,,N,,,,,,,,,,,N,,,,,,,,,,,N,,,,,,,,,,,N,,,,,,,,,,,N,,,,,,,,,,,N,,,,,,,,,,,N,,,,,,,,,,,N,,,
14,B,,,,,,,,,N,,,,,,,,,,,N,,,,,,,,,,,N,,,,,,,,,,,N,,,,,,,,,,,N,,,,,,,,,,,N,,,,,,,,,,,N,,,,,,,,,,,N,,,,,,,,,,,N,,,,,,,,,,,N,,,
14,C,,,,,,,,,N,,,,,,,,,,,N,,,,,,,,,,,N,,,,,,,,,,,N,,,,,,,,,,,N,,,,,,,,,,,N,,,,,,,,,,,N,,,,,,,,,,,N,,,,,,,,,,,N,,,,,,,,,,,N,,,
14,D,,,,,,,,,N,,,,,,,,,,,N,,,,,,,,,,,N,,,,,,,,,,,N,,,,,,,,,,,N,,,,,,,,,,,N,,,,,,,,,,,N,,,,,,,,,,,N,,,,,,,,,,,N,,,,,,,,,,,N,,,
15,1,,,,,,,,,N,,,,,,,,,,,N,,,,,,,,,,,N,,,,,,,,,,,N,,,,,,,,,,,N,,,,,,,,,,,N,,,,,,,,,,,N,,,,,,,,,,,N,,,,,,,,,,,N,,,,,,,,,,,N,,,
15,2,,,,,,,,,N,,,,,,,,,,,N,,,,,,,,,,,N,,,,,,,,,,,N,,,,,,,,,,,N,,,,,,,,,,,N,,,,,,,,,,,N,,,,,,,,,,,N,,,,,,,,,,,N,,,,,,,,,,,N,,,
15,3,,,,,,,,,N,,,,,,,,,,,N,,,,,,,,,,,N,,,,,,,,,,,N,,,,,,,,,,,N,,,,,,,,,,,N,,,,,,,,,,,N,,,,,,,,,,,N,,,,,,,,,,,N,,,,,,,,,,,N,,,
15,4,,,,,,,,,N,,,,,,,,,,,N,,,,,,,,,,,N,,,,,,,,,,,N,,,,,,,,,,,N,,,,,,,,,,,N,,,,,,,,,,,N,,,,,,,,,,,N,,,,,,,,,,,N,,,,,,,,,,,N,,,
15,A,,,,,,,,,N,,,,,,,,,,,N,,,,,,,,,,,N,,,,,,,,,,,N,,,,,,,,,,,N,,,,,,,,,,,N,,,,,,,,,,,N,,,,,,,,,,,N,,,,,,,,,,,N,,,,,,,,,,,N,,,
15,B,,,,,,,,,N,,,,,,,,,,,N,,,,,,,,,,,N,,,,,,,,,,,N,,,,,,,,,,,N,,,,,,,,,,,N,,,,,,,,,,,N,,,,,,,,,,,N,,,,,,,,,,,N,,,,,,,,,,,N,,,
15,C,,,,,,,,,N,,,,,,,,,,,N,,,,,,,,,,,N,,,,,,,,,,,N,,,,,,,,,,,N,,,,,,,,,,,N,,,,,,,,,,,N,,,,,,,,,,,N,,,,,,,,,,,N,,,,,,,,,,,N,,,
15,D,,,,,,,,,N,,,,,,,,,,,N,,,,,,,,,,,N,,,,,,,,,,,N,,,,,,,,,,,N,,,,,,,,,,,N,,,,,,,,,,,N,,,,,,,,,,,N,,,,,,,,,,,N,,,,,,,,,,,N,,,
16,1,,,,,,,,,N,,,,,,,,,,,N,,,,,,,,,,,N,,,,,,,,,,,N,,,,,,,,,,,N,,,,,,,,,,,N,,,,,,,,,,,N,,,,,,,,,,,N,,,,,,,,,,,N,,,,,,,,,,,N,,,
16,2,,,,,,,,,N,,,,,,,,,,,N,,,,,,,,,,,N,,,,,,,,,,,N,,,,,,,,,,,N,,,,,,,,,,,N,,,,,,,,,,,N,,,,,,,,,,,N,,,,,,,,,,,N,,,,,,,,,,,N,,,
16,3,,,,,,,,,N,,,,,,,,,,,N,,,,,,,,,,,N,,,,,,,,,,,N,,,,,,,,,,,N,,,,,,,,,,,N,,,,,,,,,,,N,,,,,,,,,,,N,,,,,,,,,,,N,,,,,,,,,,,N,,,
16,4,,,,,,,,,N,,,,,,,,,,,N,,,,,,,,,,,N,,,,,,,,,,,N,,,,,,,,,,,N,,,,,,,,,,,N,,,,,,,,,,,N,,,,,,,,,,,N,,,,,,,,,,,N,,,,,,,,,,,N,,,
16,A,,,,,,,,,N,,,,,,,,,,,N,,,,,,,,,,,N,,,,,,,,,,,N,,,,,,,,,,,N,,,,,,,,,,,N,,,,,,,,,,,N,,,,,,,,,,,N,,,,,,,,,,,N,,,,,,,,,,,N,,,
16,B,,,,,,,,,N,,,,,,,,,,,N,,,,,,,,,,,N,,,,,,,,,,,N,,,,,,,,,,,N,,,,,,,,,,,N,,,,,,,,,,,N,,,,,,,,,,,N,,,,,,,,,,,N,,,,,,,,,,,N,,,
16,C,,,,,,,,,N,,,,,,,,,,,N,,,,,,,,,,,N,,,,,,,,,,,N,,,,,,,,,,,N,,,,,,,,,,,N,,,,,,,,,,,N,,,,,,,,,,,N,,,,,,,,,,,N,,,,,,,,,,,N,,,
16,D,,,,,,,,,N,,,,,,,,,,,N,,,,,,,,,,,N,,,,,,,,,,,N,,,,,,,,,,,N,,,,,,,,,,,N,,,,,,,,,,,N,,,,,,,,,,,N,,,,,,,,,,,N,,,,,,,,,,,N,,,
17,1,,,,,,,,,N,,,,,,,,,,,N,,,,,,,,,,,N,,,,,,,,,,,N,,,,,,,,,,,N,,,,,,,,,,,N,,,,,,,,,,,N,,,,,,,,,,,N,,,,,,,,,,,N,,,,,,,,,,,N,,,
17,2,,,,,,,,,N,,,,,,,,,,,N,,,,,,,,,,,N,,,,,,,,,,,N,,,,,,,,,,,N,,,,,,,,,,,N,,,,,,,,,,,N,,,,,,,,,,,N,,,,,,,,,,,N,,,,,,,,,,,N,,,
17,3,,,,,,,,,N,,,,,,,,,,,N,,,,,,,,,,,N,,,,,,,,,,,N,,,,,,,,,,,N,,,,,,,,,,,N,,,,,,,,,,,N,,,,,,,,,,,N,,,,,,,,,,,N,,,,,,,,,,,N,,,
17,4,,,,,,,,,N,,,,,,,,,,,N,,,,,,,,,,,N,,,,,,,,,,,N,,,,,,,,,,,N,,,,,,,,,,,N,,,,,,,,,,,N,,,,,,,,,,,N,,,,,,,,,,,N,,,,,,,,,,,N,,,
17,A,,,,,,,,,N,,,,,,,,,,,N,,,,,,,,,,,N,,,,,,,,,,,N,,,,,,,,,,,N,,,,,,,,,,,N,,,,,,,,,,,N,,,,,,,,,,,N,,,,,,,,,,,N,,,,,,,,,,,N,,,
17,B,,,,,,,,,N,,,,,,,,,,,N,,,,,,,,,,,N,,,,,,,,,,,N,,,,,,,,,,,N,,,,,,,,,,,N,,,,,,,,,,,N,,,,,,,,,,,N,,,,,,,,,,,N,,,,,,,,,,,N,,,
17,C,,,,,,,,,N,,,,,,,,,,,N,,,,,,,,,,,N,,,,,,,,,,,N,,,,,,,,,,,N,,,,,,,,,,,N,,,,,,,,,,,N,,,,,,,,,,,N,,,,,,,,,,,N,,,,,,,,,,,N,,,
17,D,,,,,,,,,N,,,,,,,,,,,N,,,,,,,,,,,N,,,,,,,,,,,N,,,,,,,,,,,N,,,,,,,,,,,N,,,,,,,,,,,N,,,,,,,,,,,N,,,,,,,,,,,N,,,,,,,,,,,N,,,
18,1,,,,,,,,,N,,,,,,,,,,,N,,,,,,,,,,,N,,,,,,,,,,,N,,,,,,,,,,,N,,,,,,,,,,,N,,,,,,,,,,,N,,,,,,,,,,,N,,,,,,,,,,,N,,,,,,,,,,,N,,,
18,2,,,,,,,,,N,,,,,,,,,,,N,,,,,,,,,,,N,,,,,,,,,,,N,,,,,,,,,,,N,,,,,,,,,,,N,,,,,,,,,,,N,,,,,,,,,,,N,,,,,,,,,,,N,,,,,,,,,,,N,,,
18,3,,,,,,,,,N,,,,,,,,,,,N,,,,,,,,,,,N,,,,,,,,,,,N,,,,,,,,,,,N,,,,,,,,,,,N,,,,,,,,,,,N,,,,,,,,,,,N,,,,,,,,,,,N,,,,,,,,,,,N,,,
18,4,,,,,,,,,N,,,,,,,,,,,N,,,,,,,,,,,N,,,,,,,,,,,N,,,,,,,,,,,N,,,,,,,,,,,N,,,,,,,,,,,N,,,,,,,,,,,N,,,,,,,,,,,N,,,,,,,,,,,N,,,
18,A,,,,,,,,,N,,,,,,,,,,,N,,,,,,,,,,,N,,,,,,,,,,,N,,,,,,,,,,,N,,,,,,,,,,,N,,,,,,,,,,,N,,,,,,,,,,,N,,,,,,,,,,,N,,,,,,,,,,,N,,,
18,B,,,,,,,,,N,,,,,,,,,,,N,,,,,,,,,,,N,,,,,,,,,,,N,,,,,,,,,,,N,,,,,,,,,,,N,,,,,,,,,,,N,,,,,,,,,,,N,,,,,,,,,,,N,,,,,,,,,,,N,,,
18,C,,,,,,,,,N,,,,,,,,,,,N,,,,,,,,,,,N,,,,,,,,,,,N,,,,,,,,,,,N,,,,,,,,,,,N,,,,,,,,,,,N,,,,,,,,,,,N,,,,,,,,,,,N,,,,,,,,,,,N,,,
18,D,,,,,,,,,N,,,,,,,,,,,N,,,,,,,,,,,N,,,,,,,,,,,N,,,,,,,,,,,N,,,,,,,,,,,N,,,,,,,,,,,N,,,,,,,,,,,N,,,,,,,,,,,N,,,,,,,,,,,N,,,
19,1,,,,,,,,,N,,,,,,,,,,,N,,,,,,,,,,,N,,,,,,,,,,,N,,,,,,,,,,,N,,,,,,,,,,,N,,,,,,,,,,,N,,,,,,,,,,,N,,,,,,,,,,,N,,,,,,,,,,,N,,,
19,2,,,,,,,,,N,,,,,,,,,,,N,,,,,,,,,,,N,,,,,,,,,,,N,,,,,,,,,,,N,,,,,,,,,,,N,,,,,,,,,,,N,,,,,,,,,,,N,,,,,,,,,,,N,,,,,,,,,,,N,,,
19,3,,,,,,,,,N,,,,,,,,,,,N,,,,,,,,,,,N,,,,,,,,,,,N,,,,,,,,,,,N,,,,,,,,,,,N,,,,,,,,,,,N,,,,,,,,,,,N,,,,,,,,,,,N,,,,,,,,,,,N,,,
19,4,,,,,,,,,N,,,,,,,,,,,N,,,,,,,,,,,N,,,,,,,,,,,N,,,,,,,,,,,N,,,,,,,,,,,N,,,,,,,,,,,N,,,,,,,,,,,N,,,,,,,,,,,N,,,,,,,,,,,N,,,
19,A,,,,,,,,,N,,,,,,,,,,,N,,,,,,,,,,,N,,,,,,,,,,,N,,,,,,,,,,,N,,,,,,,,,,,N,,,,,,,,,,,N,,,,,,,,,,,N,,,,,,,,,,,N,,,,,,,,,,,N,,,
19,B,,,,,,,,,N,,,,,,,,,,,N,,,,,,,,,,,N,,,,,,,,,,,N,,,,,,,,,,,N,,,,,,,,,,,N,,,,,,,,,,,N,,,,,,,,,,,N,,,,,,,,,,,N,,,,,,,,,,,N,,,
19,C,,,,,,,,,N,,,,,,,,,,,N,,,,,,,,,,,N,,,,,,,,,,,N,,,,,,,,,,,N,,,,,,,,,,,N,,,,,,,,,,,N,,,,,,,,,,,N,,,,,,,,,,,N,,,,,,,,,,,N,,,
19,D,,,,,,,,,N,,,,,,,,,,,N,,,,,,,,,,,N,,,,,,,,,,,N,,,,,,,,,,,N,,,,,,,,,,,N,,,,,,,,,,,N,,,,,,,,,,,N,,,,,,,,,,,N,,,,,,,,,,,N,,,
20,1,,,,,,,,,N,,,,,,,,,,,N,,,,,,,,,,,N,,,,,,,,,,,N,,,,,,,,,,,N,,,,,,,,,,,N,,,,,,,,,,,N,,,,,,,,,,,N,,,,,,,,,,,N,,,,,,,,,,,N,,,
20,2,,,,,,,,,N,,,,,,,,,,,N,,,,,,,,,,,N,,,,,,,,,,,N,,,,,,,,,,,N,,,,,,,,,,,N,,,,,,,,,,,N,,,,,,,,,,,N,,,,,,,,,,,N,,,,,,,,,,,N,,,
20,3,,,,,,,,,N,,,,,,,,,,,N,,,,,,,,,,,N,,,,,,,,,,,N,,,,,,,,,,,N,,,,,,,,,,,N,,,,,,,,,,,N,,,,,,,,,,,N,,,,,,,,,,,N,,,,,,,,,,,N,,,
20,4,,,,,,,,,N,,,,,,,,,,,N,,,,,,,,,,,N,,,,,,,,,,,N,,,,,,,,,,,N,,,,,,,,,,,N,,,,,,,,,,,N,,,,,,,,,,,N,,,,,,,,,,,N,,,,,,,,,,,N,,,
20,A,,,,,,,,,N,,,,,,,,,,,N,,,,,,,,,,,N,,,,,,,,,,,N,,,,,,,,,,,N,,,,,,,,,,,N,,,,,,,,,,,N,,,,,,,,,,,N,,,,,,,,,,,N,,,,,,,,,,,N,,,
20,B,,,,,,,,,N,,,,,,,,,,,N,,,,,,,,,,,N,,,,,,,,,,,N,,,,,,,,,,,N,,,,,,,,,,,N,,,,,,,,,,,N,,,,,,,,,,,N,,,,,,,,,,,N,,,,,,,,,,,N,,,
20,C,,,,,,,,,N,,,,,,,,,,,N,,,,,,,,,,,N,,,,,,,,,,,N,,,,,,,,,,,N,,,,,,,,,,,N,,,,,,,,,,,N,,,,,,,,,,,N,,,,,,,,,,,N,,,,,,,,,,,N,,,
20,D,,,,,,,,,N,,,,,,,,,,,N,,,,,,,,,,,N,,,,,,,,,,,N,,,,,,,,,,,N,,,,,,,,,,,N,,,,,,,,,,,N,,,,,,,,,,,N,,,,,,,,,,,N,,,,,,,,,,,N,,,
21,1,,,,,,,,,N,,,,,,,,,,,N,,,,,,,,,,,N,,,,,,,,,,,N,,,,,,,,,,,N,,,,,,,,,,,N,,,,,,,,,,,N,,,,,,,,,,,N,,,,,,,,,,,N,,,,,,,,,,,N,,,
21,2,,,,,,,,,N,,,,,,,,,,,N,,,,,,,,,,,N,,,,,,,,,,,N,,,,,,,,,,,N,,,,,,,,,,,N,,,,,,,,,,,N,,,,,,,,,,,N,,,,,,,,,,,N,,,,,,,,,,,N,,,
21,3,,,,,,,,,N,,,,,,,,,,,N,,,,,,,,,,,N,,,,,,,,,,,N,,,,,,,,,,,N,,,,,,,,,,,N,,,,,,,,,,,N,,,,,,,,,,,N,,,,,,,,,,,N,,,,,,,,,,,N,,,
21,4,,,,,,,,,N,,,,,,,,,,,N,,,,,,,,,,,N,,,,,,,,,,,N,,,,,,,,,,,N,,,,,,,,,,,N,,,,,,,,,,,N,,,,,,,,,,,N,,,,,,,,,,,N,,,,,,,,,,,N,,,
21,A,,,,,,,,,N,,,,,,,,,,,N,,,,,,,,,,,N,,,,,,,,,,,N,,,,,,,,,,,N,,,,,,,,,,,N,,,,,,,,,,,N,,,,,,,,,,,N,,,,,,,,,,,N,,,,,,,,,,,N,,,
21,B,,,,,,,,,N,,,,,,,,,,,N,,,,,,,,,,,N,,,,,,,,,,,N,,,,,,,,,,,N,,,,,,,,,,,N,,,,,,,,,,,N,,,,,,,,,,,N,,,,,,,,,,,N,,,,,,,,,,,N,,,
21,C,,,,,,,,,N,,,,,,,,,,,N,,,,,,,,,,,N,,,,,,,,,,,N,,,,,,,,,,,N,,,,,,,,,,,N,,,,,,,,,,,N,,,,,,,,,,,N,,,,,,,,,,,N,,,,,,,,,,,N,,,
21,D,,,,,,,,,N,,,,,,,,,,,N,,,,,,,,,,,N,,,,,,,,,,,N,,,,,,,,,,,N,,,,,,,,,,,N,,,,,,,,,,,N,,,,,,,,,,,N,,,,,,,,,,,N,,,,,,,,,,,N,,,
22,1,,,,,,,,,N,,,,,,,,,,,N,,,,,,,,,,,N,,,,,,,,,,,N,,,,,,,,,,,N,,,,,,,,,,,N,,,,,,,,,,,N,,,,,,,,,,,N,,,,,,,,,,,N,,,,,,,,,,,N,,,
22,2,,,,,,,,,N,,,,,,,,,,,N,,,,,,,,,,,N,,,,,,,,,,,N,,,,,,,,,,,N,,,,,,,,,,,N,,,,,,,,,,,N,,,,,,,,,,,N,,,,,,,,,,,N,,,,,,,,,,,N,,,
22,3,,,,,,,,,N,,,,,,,,,,,N,,,,,,,,,,,N,,,,,,,,,,,N,,,,,,,,,,,N,,,,,,,,,,,N,,,,,,,,,,,N,,,,,,,,,,,N,,,,,,,,,,,N,,,,,,,,,,,N,,,
22,4,,,,,,,,,N,,,,,,,,,,,N,,,,,,,,,,,N,,,,,,,,,,,N,,,,,,,,,,,N,,,,,,,,,,,N,,,,,,,,,,,N,,,,,,,,,,,N,,,,,,,,,,,N,,,,,,,,,,,N,,,
22,A,,,,,,,,,N,,,,,,,,,,,N,,,,,,,,,,,N,,,,,,,,,,,N,,,,,,,,,,,N,,,,,,,,,,,N,,,,,,,,,,,N,,,,,,,,,,,N,,,,,,,,,,,N,,,,,,,,,,,N,,,
22,B,,,,,,,,,N,,,,,,,,,,,N,,,,,,,,,,,N,,,,,,,,,,,N,,,,,,,,,,,N,,,,,,,,,,,N,,,,,,,,,,,N,,,,,,,,,,,N,,,,,,,,,,,N,,,,,,,,,,,N,,,
22,C,,,,,,,,,N,,,,,,,,,,,N,,,,,,,,,,,N,,,,,,,,,,,N,,,,,,,,,,,N,,,,,,,,,,,N,,,,,,,,,,,N,,,,,,,,,,,N,,,,,,,,,,,N,,,,,,,,,,,N,,,
22,D,,,,,,,,,N,,,,,,,,,,,N,,,,,,,,,,,N,,,,,,,,,,,N,,,,,,,,,,,N,,,,,,,,,,,N,,,,,,,,,,,N,,,,,,,,,,,N,,,,,,,,,,,N,,,,,,,,,,,N,,,
23,1,,,,,,,,,N,,,,,,,,,,,N,,,,,,,,,,,N,,,,,,,,,,,N,,,,,,,,,,,N,,,,,,,,,,,N,,,,,,,,,,,N,,,,,,,,,,,N,,,,,,,,,,,N,,,,,,,,,,,N,,,
23,2,,,,,,,,,N,,,,,,,,,,,N,,,,,,,,,,,N,,,,,,,,,,,N,,,,,,,,,,,N,,,,,,,,,,,N,,,,,,,,,,,N,,,,,,,,,,,N,,,,,,,,,,,N,,,,,,,,,,,N,,,
23,3,,,,,,,,,N,,,,,,,,,,,N,,,,,,,,,,,N,,,,,,,,,,,N,,,,,,,,,,,N,,,,,,,,,,,N,,,,,,,,,,,N,,,,,,,,,,,N,,,,,,,,,,,N,,,,,,,,,,,N,,,
23,4,,,,,,,,,N,,,,,,,,,,,N,,,,,,,,,,,N,,,,,,,,,,,N,,,,,,,,,,,N,,,,,,,,,,,N,,,,,,,,,,,N,,,,,,,,,,,N,,,,,,,,,,,N,,,,,,,,,,,N,,,
23,A,,,,,,,,,N,,,,,,,,,,,N,,,,,,,,,,,N,,,,,,,,,,,N,,,,,,,,,,,N,,,,,,,,,,,N,,,,,,,,,,,N,,,,,,,,,,,N,,,,,,,,,,,N,,,,,,,,,,,N,,,
23,B,,,,,,,,,N,,,,,,,,,,,N,,,,,,,,,,,N,,,,,,,,,,,N,,,,,,,,,,,N,,,,,,,,,,,N,,,,,,,,,,,N,,,,,,,,,,,N,,,,,,,,,,,N,,,,,,,,,,,N,,,
23,C,,,,,,,,,N,,,,,,,,,,,N,,,,,,,,,,,N,,,,,,,,,,,N,,,,,,,,,,,N,,,,,,,,,,,N,,,,,,,,,,,N,,,,,,,,,,,N,,,,,,,,,,,N,,,,,,,,,,,N,,,
23,D,,,,,,,,,N,,,,,,,,,,,N,,,,,,,,,,,N,,,,,,,,,,,N,,,,,,,,,,,N,,,,,,,,,,,N,,,,,,,,,,,N,,,,,,,,,,,N,,,,,,,,,,,N,,,,,,,,,,,N,,,
24,1,,,,,,,,,N,,,,,,,,,,,N,,,,,,,,,,,N,,,,,,,,,,,N,,,,,,,,,,,N,,,,,,,,,,,N,,,,,,,,,,,N,,,,,,,,,,,N,,,,,,,,,,,N,,,,,,,,,,,N,,,
24,2,,,,,,,,,N,,,,,,,,,,,N,,,,,,,,,,,N,,,,,,,,,,,N,,,,,,,,,,,N,,,,,,,,,,,N,,,,,,,,,,,N,,,,,,,,,,,N,,,,,,,,,,,N,,,,,,,,,,,N,,,
24,3,,,,,,,,,N,,,,,,,,,,,N,,,,,,,,,,,N,,,,,,,,,,,N,,,,,,,,,,,N,,,,,,,,,,,N,,,,,,,,,,,N,,,,,,,,,,,N,,,,,,,,,,,N,,,,,,,,,,,N,,,
24,4,,,,,,,,,N,,,,,,,,,,,N,,,,,,,,,,,N,,,,,,,,,,,N,,,,,,,,,,,N,,,,,,,,,,,N,,,,,,,,,,,N,,,,,,,,,,,N,,,,,,,,,,,N,,,,,,,,,,,N,,,
24,A,,,,,,,,,N,,,,,,,,,,,N,,,,,,,,,,,N,,,,,,,,,,,N,,,,,,,,,,,N,,,,,,,,,,,N,,,,,,,,,,,N,,,,,,,,,,,N,,,,,,,,,,,N,,,,,,,,,,,N,,,
24,B,,,,,,,,,N,,,,,,,,,,,N,,,,,,,,,,,N,,,,,,,,,,,N,,,,,,,,,,,N,,,,,,,,,,,N,,,,,,,,,,,N,,,,,,,,,,,N,,,,,,,,,,,N,,,,,,,,,,,N,,,
24,C,,,,,,,,,N,,,,,,,,,,,N,,,,,,,,,,,N,,,,,,,,,,,N,,,,,,,,,,,N,,,,,,,,,,,N,,,,,,,,,,,N,,,,,,,,,,,N,,,,,,,,,,,N,,,,,,,,,,,N,,,
24,D,,,,,,,,,N,,,,,,,,,,,N,,,,,,,,,,,N,,,,,,,,,,,N,,,,,,,,,,,N,,,,,,,,,,,N,,,,,,,,,,,N,,,,,,,,,,,N,,,,,,,,,,,N,,,,,,,,,,,N,,,
25,1,,,,,,,,,N,,,,,,,,,,,N,,,,,,,,,,,N,,,,,,,,,,,N,,,,,,,,,,,N,,,,,,,,,,,N,,,,,,,,,,,N,,,,,,,,,,,N,,,,,,,,,,,N,,,,,,,,,,,N,,,
25,2,,,,,,,,,N,,,,,,,,,,,N,,,,,,,,,,,N,,,,,,,,,,,N,,,,,,,,,,,N,,,,,,,,,,,N,,,,,,,,,,,N,,,,,,,,,,,N,,,,,,,,,,,N,,,,,,,,,,,N,,,
25,3,,,,,,,,,N,,,,,,,,,,,N,,,,,,,,,,,N,,,,,,,,,,,N,,,,,,,,,,,N,,,,,,,,,,,N,,,,,,,,,,,N,,,,,,,,,,,N,,,,,,,,,,,N,,,,,,,,,,,N,,,
25,4,,,,,,,,,N,,,,,,,,,,,N,,,,,,,,,,,N,,,,,,,,,,,N,,,,,,,,,,,N,,,,,,,,,,,N,,,,,,,,,,,N,,,,,,,,,,,N,,,,,,,,,,,N,,,,,,,,,,,N,,,
25,A,,,,,,,,,N,,,,,,,,,,,N,,,,,,,,,,,N,,,,,,,,,,,N,,,,,,,,,,,N,,,,,,,,,,,N,,,,,,,,,,,N,,,,,,,,,,,N,,,,,,,,,,,N,,,,,,,,,,,N,,,
25,B,,,,,,,,,N,,,,,,,,,,,N,,,,,,,,,,,N,,,,,,,,,,,N,,,,,,,,,,,N,,,,,,,,,,,N,,,,,,,,,,,N,,,,,,,,,,,N,,,,,,,,,,,N,,,,,,,,,,,N,,,
25,C,,,,,,,,,N,,,,,,,,,,,N,,,,,,,,,,,N,,,,,,,,,,,N,,,,,,,,,,,N,,,,,,,,,,,N,,,,,,,,,,,N,,,,,,,,,,,N,,,,,,,,,,,N,,,,,,,,,,,N,,,
25,D,,,,,,,,,N,,,,,,,,,,,N,,,,,,,,,,,N,,,,,,,,,,,N,,,,,,,,,,,N,,,,,,,,,,,N,,,,,,,,,,,N,,,,,,,,,,,N,,,,,,,,,,,N,,,,,,,,,,,N,,,
26,1,,,,,,,,,N,,,,,,,,,,,N,,,,,,,,,,,N,,,,,,,,,,,N,,,,,,,,,,,N,,,,,,,,,,,N,,,,,,,,,,,N,,,,,,,,,,,N,,,,,,,,,,,N,,,,,,,,,,,N,,,
26,2,,,,,,,,,N,,,,,,,,,,,N,,,,,,,,,,,N,,,,,,,,,,,N,,,,,,,,,,,N,,,,,,,,,,,N,,,,,,,,,,,N,,,,,,,,,,,N,,,,,,,,,,,N,,,,,,,,,,,N,,,
26,3,,,,,,,,,N,,,,,,,,,,,N,,,,,,,,,,,N,,,,,,,,,,,N,,,,,,,,,,,N,,,,,,,,,,,N,,,,,,,,,,,N,,,,,,,,,,,N,,,,,,,,,,,N,,,,,,,,,,,N,,,
26,4,,,,,,,,,N,,,,,,,,,,,N,,,,,,,,,,,N,,,,,,,,,,,N,,,,,,,,,,,N,,,,,,,,,,,N,,,,,,,,,,,N,,,,,,,,,,,N,,,,,,,,,,,N,,,,,,,,,,,N,,,
26,A,,,,,,,,,N,,,,,,,,,,,N,,,,,,,,,,,N,,,,,,,,,,,N,,,,,,,,,,,N,,,,,,,,,,,N,,,,,,,,,,,N,,,,,,,,,,,N,,,,,,,,,,,N,,,,,,,,,,,N,,,
26,B,,,,,,,,,N,,,,,,,,,,,N,,,,,,,,,,,N,,,,,,,,,,,N,,,,,,,,,,,N,,,,,,,,,,,N,,,,,,,,,,,N,,,,,,,,,,,N,,,,,,,,,,,N,,,,,,,,,,,N,,,
26,C,,,,,,,,,N,,,,,,,,,,,N,,,,,,,,,,,N,,,,,,,,,,,N,,,,,,,,,,,N,,,,,,,,,,,N,,,,,,,,,,,N,,,,,,,,,,,N,,,,,,,,,,,N,,,,,,,,,,,N,,,
26,D,,,,,,,,,N,,,,,,,,,,,N,,,,,,,,,,,N,,,,,,,,,,,N,,,,,,,,,,,N,,,,,,,,,,,N,,,,,,,,,,,N,,,,,,,,,,,N,,,,,,,,,,,N,,,,,,,,,,,N,,,
27,1,,,,,,,,,N,,,,,,,,,,,N,,,,,,,,,,,N,,,,,,,,,,,N,,,,,,,,,,,N,,,,,,,,,,,N,,,,,,,,,,,N,,,,,,,,,,,N,,,,,,,,,,,N,,,,,,,,,,,N,,,
27,2,,,,,,,,,N,,,,,,,,,,,N,,,,,,,,,,,N,,,,,,,,,,,N,,,,,,,,,,,N,,,,,,,,,,,N,,,,,,,,,,,N,,,,,,,,,,,N,,,,,,,,,,,N,,,,,,,,,,,N,,,
27,3,,,,,,,,,N,,,,,,,,,,,N,,,,,,,,,,,N,,,,,,,,,,,N,,,,,,,,,,,N,,,,,,,,,,,N,,,,,,,,,,,N,,,,,,,,,,,N,,,,,,,,,,,N,,,,,,,,,,,N,,,
27,4,,,,,,,,,N,,,,,,,,,,,N,,,,,,,,,,,N,,,,,,,,,,,N,,,,,,,,,,,N,,,,,,,,,,,N,,,,,,,,,,,N,,,,,,,,,,,N,,,,,,,,,,,N,,,,,,,,,,,N,,,
27,A,,,,,,,,,N,,,,,,,,,,,N,,,,,,,,,,,N,,,,,,,,,,,N,,,,,,,,,,,N,,,,,,,,,,,N,,,,,,,,,,,N,,,,,,,,,,,N,,,,,,,,,,,N,,,,,,,,,,,N,,,
27,B,,,,,,,,,N,,,,,,,,,,,N,,,,,,,,,,,N,,,,,,,,,,,N,,,,,,,,,,,N,,,,,,,,,,,N,,,,,,,,,,,N,,,,,,,,,,,N,,,,,,,,,,,N,,,,,,,,,,,N,,,
27,C,,,,,,,,,N,,,,,,,,,,,N,,,,,,,,,,,N,,,,,,,,,,,N,,,,,,,,,,,N,,,,,,,,,,,N,,,,,,,,,,,N,,,,,,,,,,,N,,,,,,,,,,,N,,,,,,,,,,,N,,,
27,D,,,,,,,,,N,,,,,,,,,,,N,,,,,,,,,,,N,,,,,,,,,,,N,,,,,,,,,,,N,,,,,,,,,,,N,,,,,,,,,,,N,,,,,,,,,,,N,,,,,,,,,,,N,,,,,,,,,,,N,,,
28,1,,,,,,,,,N,,,,,,,,,,,N,,,,,,,,,,,N,,,,,,,,,,,N,,,,,,,,,,,N,,,,,,,,,,,N,,,,,,,,,,,N,,,,,,,,,,,N,,,,,,,,,,,N,,,,,,,,,,,N,,,
28,2,,,,,,,,,N,,,,,,,,,,,N,,,,,,,,,,,N,,,,,,,,,,,N,,,,,,,,,,,N,,,,,,,,,,,N,,,,,,,,,,,N,,,,,,,,,,,N,,,,,,,,,,,N,,,,,,,,,,,N,,,
28,3,,,,,,,,,N,,,,,,,,,,,N,,,,,,,,,,,N,,,,,,,,,,,N,,,,,,,,,,,N,,,,,,,,,,,N,,,,,,,,,,,N,,,,,,,,,,,N,,,,,,,,,,,N,,,,,,,,,,,N,,,
28,4,,,,,,,,,N,,,,,,,,,,,N,,,,,,,,,,,N,,,,,,,,,,,N,,,,,,,,,,,N,,,,,,,,,,,N,,,,,,,,,,,N,,,,,,,,,,,N,,,,,,,,,,,N,,,,,,,,,,,N,,,
28,A,,,,,,,,,N,,,,,,,,,,,N,,,,,,,,,,,N,,,,,,,,,,,N,,,,,,,,,,,N,,,,,,,,,,,N,,,,,,,,,,,N,,,,,,,,,,,N,,,,,,,,,,,N,,,,,,,,,,,N,,,
28,B,,,,,,,,,N,,,,,,,,,,,N,,,,,,,,,,,N,,,,,,,,,,,N,,,,,,,,,,,N,,,,,,,,,,,N,,,,,,,,,,,N,,,,,,,,,,,N,,,,,,,,,,,N,,,,,,,,,,,N,,,
28,C,,,,,,,,,N,,,,,,,,,,,N,,,,,,,,,,,N,,,,,,,,,,,N,,,,,,,,,,,N,,,,,,,,,,,N,,,,,,,,,,,N,,,,,,,,,,,N,,,,,,,,,,,N,,,,,,,,,,,N,,,
28,D,,,,,,,,,N,,,,,,,,,,,N,,,,,,,,,,,N,,,,,,,,,,,N,,,,,,,,,,,N,,,,,,,,,,,N,,,,,,,,,,,N,,,,,,,,,,,N,,,,,,,,,,,N,,,,,,,,,,,N,,,
29,1,,,,,,,,,N,,,,,,,,,,,N,,,,,,,,,,,N,,,,,,,,,,,N,,,,,,,,,,,N,,,,,,,,,,,N,,,,,,,,,,,N,,,,,,,,,,,N,,,,,,,,,,,N,,,,,,,,,,,N,,,
29,2,,,,,,,,,N,,,,,,,,,,,N,,,,,,,,,,,N,,,,,,,,,,,N,,,,,,,,,,,N,,,,,,,,,,,N,,,,,,,,,,,N,,,,,,,,,,,N,,,,,,,,,,,N,,,,,,,,,,,N,,,
29,3,,,,,,,,,N,,,,,,,,,,,N,,,,,,,,,,,N,,,,,,,,,,,N,,,,,,,,,,,N,,,,,,,,,,,N,,,,,,,,,,,N,,,,,,,,,,,N,,,,,,,,,,,N,,,,,,,,,,,N,,,
29,4,,,,,,,,,N,,,,,,,,,,,N,,,,,,,,,,,N,,,,,,,,,,,N,,,,,,,,,,,N,,,,,,,,,,,N,,,,,,,,,,,N,,,,,,,,,,,N,,,,,,,,,,,N,,,,,,,,,,,N,,,
29,A,,,,,,,,,N,,,,,,,,,,,N,,,,,,,,,,,N,,,,,,,,,,,N,,,,,,,,,,,N,,,,,,,,,,,N,,,,,,,,,,,N,,,,,,,,,,,N,,,,,,,,,,,N,,,,,,,,,,,N,,,
29,B,,,,,,,,,N,,,,,,,,,,,N,,,,,,,,,,,N,,,,,,,,,,,N,,,,,,,,,,,N,,,,,,,,,,,N,,,,,,,,,,,N,,,,,,,,,,,N,,,,,,,,,,,N,,,,,,,,,,,N,,,
29,C,,,,,,,,,N,,,,,,,,,,,N,,,,,,,,,,,N,,,,,,,,,,,N,,,,,,,,,,,N,,,,,,,,,,,N,,,,,,,,,,,N,,,,,,,,,,,N,,,,,,,,,,,N,,,,,,,,,,,N,,,
29,D,,,,,,,,,N,,,,,,,,,,,N,,,,,,,,,,,N,,,,,,,,,,,N,,,,,,,,,,,N,,,,,,,,,,,N,,,,,,,,,,,N,,,,,,,,,,,N,,,,,,,,,,,N,,,,,,,,,,,N,,,
30,1,,,,,,,,,N,,,,,,,,,,,N,,,,,,,,,,,N,,,,,,,,,,,N,,,,,,,,,,,N,,,,,,,,,,,N,,,,,,,,,,,N,,,,,,,,,,,N,,,,,,,,,,,N,,,,,,,,,,,N,,,
30,2,,,,,,,,,N,,,,,,,,,,,N,,,,,,,,,,,N,,,,,,,,,,,N,,,,,,,,,,,N,,,,,,,,,,,N,,,,,,,,,,,N,,,,,,,,,,,N,,,,,,,,,,,N,,,,,,,,,,,N,,,
30,3,,,,,,,,,N,,,,,,,,,,,N,,,,,,,,,,,N,,,,,,,,,,,N,,,,,,,,,,,N,,,,,,,,,,,N,,,,,,,,,,,N,,,,,,,,,,,N,,,,,,,,,,,N,,,,,,,,,,,N,,,
30,4,,,,,,,,,N,,,,,,,,,,,N,,,,,,,,,,,N,,,,,,,,,,,N,,,,,,,,,,,N,,,,,,,,,,,N,,,,,,,,,,,N,,,,,,,,,,,N,,,,,,,,,,,N,,,,,,,,,,,N,,,
30,A,,,,,,,,,N,,,,,,,,,,,N,,,,,,,,,,,N,,,,,,,,,,,N,,,,,,,,,,,N,,,,,,,,,,,N,,,,,,,,,,,N,,,,,,,,,,,N,,,,,,,,,,,N,,,,,,,,,,,N,,,
30,B,,,,,,,,,N,,,,,,,,,,,N,,,,,,,,,,,N,,,,,,,,,,,N,,,,,,,,,,,N,,,,,,,,,,,N,,,,,,,,,,,N,,,,,,,,,,,N,,,,,,,,,,,N,,,,,,,,,,,N,,,
30,C,,,,,,,,,N,,,,,,,,,,,N,,,,,,,,,,,N,,,,,,,,,,,N,,,,,,,,,,,N,,,,,,,,,,,N,,,,,,,,,,,N,,,,,,,,,,,N,,,,,,,,,,,N,,,,,,,,,,,N,,,
30,D,,,,,,,,,N,,,,,,,,,,,N,,,,,,,,,,,N,,,,,,,,,,,N,,,,,,,,,,,N,,,,,,,,,,,N,,,,,,,,,,,N,,,,,,,,,,,N,,,,,,,,,,,N,,,,,,,,,,,N,,,
31,1,,,,,,,,,N,,,,,,,,,,,N,,,,,,,,,,,N,,,,,,,,,,,N,,,,,,,,,,,N,,,,,,,,,,,N,,,,,,,,,,,N,,,,,,,,,,,N,,,,,,,,,,,N,,,,,,,,,,,N,,,
31,2,,,,,,,,,N,,,,,,,,,,,N,,,,,,,,,,,N,,,,,,,,,,,N,,,,,,,,,,,N,,,,,,,,,,,N,,,,,,,,,,,N,,,,,,,,,,,N,,,,,,,,,,,N,,,,,,,,,,,N,,,
31,3,,,,,,,,,N,,,,,,,,,,,N,,,,,,,,,,,N,,,,,,,,,,,N,,,,,,,,,,,N,,,,,,,,,,,N,,,,,,,,,,,N,,,,,,,,,,,N,,,,,,,,,,,N,,,,,,,,,,,N,,,
31,4,,,,,,,,,N,,,,,,,,,,,N,,,,,,,,,,,N,,,,,,,,,,,N,,,,,,,,,,,N,,,,,,,,,,,N,,,,,,,,,,,N,,,,,,,,,,,N,,,,,,,,,,,N,,,,,,,,,,,N,,,
31,A,,,,,,,,,N,,,,,,,,,,,N,,,,,,,,,,,N,,,,,,,,,,,N,,,,,,,,,,,N,,,,,,,,,,,N,,,,,,,,,,,N,,,,,,,,,,,N,,,,,,,,,,,N,,,,,,,,,,,N,,,
31,B,,,,,,,,,N,,,,,,,,,,,N,,,,,,,,,,,N,,,,,,,,,,,N,,,,,,,,,,,N,,,,,,,,,,,N,,,,,,,,,,,N,,,,,,,,,,,N,,,,,,,,,,,N,,,,,,,,,,,N,,,
31,C,,,,,,,,,N,,,,,,,,,,,N,,,,,,,,,,,N,,,,,,,,,,,N,,,,,,,,,,,N,,,,,,,,,,,N,,,,,,,,,,,N,,,,,,,,,,,N,,,,,,,,,,,N,,,,,,,,,,,N,,,
31,D,,,,,,,,,N,,,,,,,,,,,N,,,,,,,,,,,N,,,,,,,,,,,N,,,,,,,,,,,N,,,,,,,,,,,N,,,,,,,,,,,N,,,,,,,,,,,N,,,,,,,,,,,N,,,,,,,,,,,N,,,
,,,,,,,,,,,,,,,,,,,,,,,,,,,,,,,,,,,,,,,,,,,,,,,,,,
* DoublePress_Settings,,,,,,,,,,,,,,,,,,,,,,,,,,,,,,,,,,,,,,,,,,,,,,,,,,
Bank_Number,Button_Identifier,Long_Label,A_CommandType,A_Channel_(PC/CC/Note/PB),A_Number_(PC/CC/Note),A_OnValue_(CC/PB),A_OffValue_(CC),A_BankSelect_(PC),A_BankSelectHighByte_(PC),A_Toggle_(CC/PB/Note),A_Velocity_(Note),A_Duration_(Note/PB),A_KeyMode_(Key),B_CommandType,B_Channel_(PC/CC/Note/PB),B_Number_(PC/CC/Note),B_OnValue_(CC/PB),B_OffValue_(CC),B_BankSelect_(PC),B_BankSelectHighByte_(PC),B_Toggle_(CC/PB/Note),B_Velocity_(Note),B_Duration_(Note/PB),B_KeyMode_(Key),C_CommandType,C_Channel_(PC/CC/Note/PB),C_Number_(PC/CC/Note),C_OnValue_(CC/PB),C_OffValue_(CC),C_BankSelect_(PC),C_BankSelectHighByte_(PC),C_Toggle_(CC/PB/Note),C_Velocity_(Note),C_Duration_(Note/PB),C_KeyMode_(Key),D_CommandType,D_Channel_(PC/CC/Note/PB),D_Number_(PC/CC/Note),D_OnValue_(CC/PB),D_OffValue_(CC),D_BankSelect_(PC),D_BankSelectHighByte_(PC),D_Toggle_(CC/PB/Note),D_Velocity_(Note),D_Duration_(Note/PB),D_KeyMode_(Key),E_CommandType,E_Channel_(PC/CC/Note/PB),E_Number_(PC/CC/Note),E_OnValue_(CC/PB),E_OffValue_(CC),E_BankSelect_(PC),E_BankSelectHighByte_(PC),E_Toggle_(CC/PB/Note),E_Velocity_(Note),E_Duration_(Note/PB),E_KeyMode_(Key),F_CommandType,F_Channel_(PC/CC/Note/PB),F_Number_(PC/CC/Note),F_OnValue_(CC/PB),F_OffValue_(CC),F_BankSelect_(PC),F_BankSelectHighByte_(PC),F_Toggle_(CC/PB/Note),F_Velocity_(Note),F_Duration_(Note/PB),F_KeyMode_(Key),G_CommandType,G_Channel_(PC/CC/Note/PB),G_Number_(PC/CC/Note),G_OnValue_(CC/PB),G_OffValue_(CC),G_BankSelect_(PC),G_BankSelectHighByte_(PC),G_Toggle_(CC/PB/Note),G_Velocity_(Note),G_Duration_(Note/PB),G_KeyMode_(Key),H_CommandType,H_Channel_(PC/CC/Note/PB),H_Number_(PC/CC/Note),H_OnValue_(CC/PB),H_OffValue_(CC),H_BankSelect_(PC),H_BankSelectHighByte_(PC),H_Toggle_(CC/PB/Note),H_Velocity_(Note),H_Duration_(Note/PB),H_KeyMode_(Key),I_CommandType,I_Channel_(PC/CC/Note/PB),I_Number_(PC/CC/Note),I_OnValue_(CC/PB),I_OffValue_(CC),I_BankSelect_(PC),I_BankSelectHighByte_(PC),I_Toggle_(CC/PB/Note),I_Velocity_(Note),I_Duration_(Note/PB),I_KeyMode_(Key),J_CommandType,J_Channel_(PC/CC/Note/PB),J_Number_(PC/CC/Note),J_OnValue_(CC/PB),J_OffValue_(CC),J_BankSelect_(PC),J_BankSelectHighByte_(PC),J_Toggle_(CC/PB/Note),J_Velocity_(Note),J_Duration_(Note/PB),J_KeyMode_(Key)
0,1,,,,,,,,,N,,,,,,,,,,,N,,,,,,,,,,,N,,,,,,,,,,,N,,,,,,,,,,,N,,,,,,,,,,,N,,,,,,,,,,,N,,,,,,,,,,,N,,,,,,,,,,,N,,,,,,,,,,,N,,,
0,2,,,,,,,,,N,,,,,,,,,,,N,,,,,,,,,,,N,,,,,,,,,,,N,,,,,,,,,,,N,,,,,,,,,,,N,,,,,,,,,,,N,,,,,,,,,,,N,,,,,,,,,,,N,,,,,,,,,,,N,,,
0,3,,,,,,,,,N,,,,,,,,,,,N,,,,,,,,,,,N,,,,,,,,,,,N,,,,,,,,,,,N,,,,,,,,,,,N,,,,,,,,,,,N,,,,,,,,,,,N,,,,,,,,,,,N,,,,,,,,,,,N,,,
0,4,,,,,,,,,N,,,,,,,,,,,N,,,,,,,,,,,N,,,,,,,,,,,N,,,,,,,,,,,N,,,,,,,,,,,N,,,,,,,,,,,N,,,,,,,,,,,N,,,,,,,,,,,N,,,,,,,,,,,N,,,
0,A,,,,,,,,,N,,,,,,,,,,,N,,,,,,,,,,,N,,,,,,,,,,,N,,,,,,,,,,,N,,,,,,,,,,,N,,,,,,,,,,,N,,,,,,,,,,,N,,,,,,,,,,,N,,,,,,,,,,,N,,,
0,B,,,,,,,,,N,,,,,,,,,,,N,,,,,,,,,,,N,,,,,,,,,,,N,,,,,,,,,,,N,,,,,,,,,,,N,,,,,,,,,,,N,,,,,,,,,,,N,,,,,,,,,,,N,,,,,,,,,,,N,,,
0,C,,,,,,,,,N,,,,,,,,,,,N,,,,,,,,,,,N,,,,,,,,,,,N,,,,,,,,,,,N,,,,,,,,,,,N,,,,,,,,,,,N,,,,,,,,,,,N,,,,,,,,,,,N,,,,,,,,,,,N,,,
0,D,,,,,,,,,N,,,,,,,,,,,N,,,,,,,,,,,N,,,,,,,,,,,N,,,,,,,,,,,N,,,,,,,,,,,N,,,,,,,,,,,N,,,,,,,,,,,N,,,,,,,,,,,N,,,,,,,,,,,N,,,
1,1,,,,,,,,,N,,,,,,,,,,,N,,,,,,,,,,,N,,,,,,,,,,,N,,,,,,,,,,,N,,,,,,,,,,,N,,,,,,,,,,,N,,,,,,,,,,,N,,,,,,,,,,,N,,,,,,,,,,,N,,,
1,2,,,,,,,,,N,,,,,,,,,,,N,,,,,,,,,,,N,,,,,,,,,,,N,,,,,,,,,,,N,,,,,,,,,,,N,,,,,,,,,,,N,,,,,,,,,,,N,,,,,,,,,,,N,,,,,,,,,,,N,,,
1,3,,,,,,,,,N,,,,,,,,,,,N,,,,,,,,,,,N,,,,,,,,,,,N,,,,,,,,,,,N,,,,,,,,,,,N,,,,,,,,,,,N,,,,,,,,,,,N,,,,,,,,,,,N,,,,,,,,,,,N,,,
1,4,,,,,,,,,N,,,,,,,,,,,N,,,,,,,,,,,N,,,,,,,,,,,N,,,,,,,,,,,N,,,,,,,,,,,N,,,,,,,,,,,N,,,,,,,,,,,N,,,,,,,,,,,N,,,,,,,,,,,N,,,
1,A,,,,,,,,,N,,,,,,,,,,,N,,,,,,,,,,,N,,,,,,,,,,,N,,,,,,,,,,,N,,,,,,,,,,,N,,,,,,,,,,,N,,,,,,,,,,,N,,,,,,,,,,,N,,,,,,,,,,,N,,,
1,B,,,,,,,,,N,,,,,,,,,,,N,,,,,,,,,,,N,,,,,,,,,,,N,,,,,,,,,,,N,,,,,,,,,,,N,,,,,,,,,,,N,,,,,,,,,,,N,,,,,,,,,,,N,,,,,,,,,,,N,,,
1,C,,,,,,,,,N,,,,,,,,,,,N,,,,,,,,,,,N,,,,,,,,,,,N,,,,,,,,,,,N,,,,,,,,,,,N,,,,,,,,,,,N,,,,,,,,,,,N,,,,,,,,,,,N,,,,,,,,,,,N,,,
1,D,,,,,,,,,N,,,,,,,,,,,N,,,,,,,,,,,N,,,,,,,,,,,N,,,,,,,,,,,N,,,,,,,,,,,N,,,,,,,,,,,N,,,,,,,,,,,N,,,,,,,,,,,N,,,,,,,,,,,N,,,
2,1,,,,,,,,,N,,,,,,,,,,,N,,,,,,,,,,,N,,,,,,,,,,,N,,,,,,,,,,,N,,,,,,,,,,,N,,,,,,,,,,,N,,,,,,,,,,,N,,,,,,,,,,,N,,,,,,,,,,,N,,,
2,2,,,,,,,,,N,,,,,,,,,,,N,,,,,,,,,,,N,,,,,,,,,,,N,,,,,,,,,,,N,,,,,,,,,,,N,,,,,,,,,,,N,,,,,,,,,,,N,,,,,,,,,,,N,,,,,,,,,,,N,,,
2,3,,,,,,,,,N,,,,,,,,,,,N,,,,,,,,,,,N,,,,,,,,,,,N,,,,,,,,,,,N,,,,,,,,,,,N,,,,,,,,,,,N,,,,,,,,,,,N,,,,,,,,,,,N,,,,,,,,,,,N,,,
2,4,,,,,,,,,N,,,,,,,,,,,N,,,,,,,,,,,N,,,,,,,,,,,N,,,,,,,,,,,N,,,,,,,,,,,N,,,,,,,,,,,N,,,,,,,,,,,N,,,,,,,,,,,N,,,,,,,,,,,N,,,
2,A,,,,,,,,,N,,,,,,,,,,,N,,,,,,,,,,,N,,,,,,,,,,,N,,,,,,,,,,,N,,,,,,,,,,,N,,,,,,,,,,,N,,,,,,,,,,,N,,,,,,,,,,,N,,,,,,,,,,,N,,,
2,B,,,,,,,,,N,,,,,,,,,,,N,,,,,,,,,,,N,,,,,,,,,,,N,,,,,,,,,,,N,,,,,,,,,,,N,,,,,,,,,,,N,,,,,,,,,,,N,,,,,,,,,,,N,,,,,,,,,,,N,,,
2,C,,,,,,,,,N,,,,,,,,,,,N,,,,,,,,,,,N,,,,,,,,,,,N,,,,,,,,,,,N,,,,,,,,,,,N,,,,,,,,,,,N,,,,,,,,,,,N,,,,,,,,,,,N,,,,,,,,,,,N,,,
2,D,,,,,,,,,N,,,,,,,,,,,N,,,,,,,,,,,N,,,,,,,,,,,N,,,,,,,,,,,N,,,,,,,,,,,N,,,,,,,,,,,N,,,,,,,,,,,N,,,,,,,,,,,N,,,,,,,,,,,N,,,
3,1,,,,,,,,,N,,,,,,,,,,,N,,,,,,,,,,,N,,,,,,,,,,,N,,,,,,,,,,,N,,,,,,,,,,,N,,,,,,,,,,,N,,,,,,,,,,,N,,,,,,,,,,,N,,,,,,,,,,,N,,,
3,2,,,,,,,,,N,,,,,,,,,,,N,,,,,,,,,,,N,,,,,,,,,,,N,,,,,,,,,,,N,,,,,,,,,,,N,,,,,,,,,,,N,,,,,,,,,,,N,,,,,,,,,,,N,,,,,,,,,,,N,,,
3,3,,,,,,,,,N,,,,,,,,,,,N,,,,,,,,,,,N,,,,,,,,,,,N,,,,,,,,,,,N,,,,,,,,,,,N,,,,,,,,,,,N,,,,,,,,,,,N,,,,,,,,,,,N,,,,,,,,,,,N,,,
3,4,,,,,,,,,N,,,,,,,,,,,N,,,,,,,,,,,N,,,,,,,,,,,N,,,,,,,,,,,N,,,,,,,,,,,N,,,,,,,,,,,N,,,,,,,,,,,N,,,,,,,,,,,N,,,,,,,,,,,N,,,
3,A,,,,,,,,,N,,,,,,,,,,,N,,,,,,,,,,,N,,,,,,,,,,,N,,,,,,,,,,,N,,,,,,,,,,,N,,,,,,,,,,,N,,,,,,,,,,,N,,,,,,,,,,,N,,,,,,,,,,,N,,,
3,B,,,,,,,,,N,,,,,,,,,,,N,,,,,,,,,,,N,,,,,,,,,,,N,,,,,,,,,,,N,,,,,,,,,,,N,,,,,,,,,,,N,,,,,,,,,,,N,,,,,,,,,,,N,,,,,,,,,,,N,,,
3,C,,,,,,,,,N,,,,,,,,,,,N,,,,,,,,,,,N,,,,,,,,,,,N,,,,,,,,,,,N,,,,,,,,,,,N,,,,,,,,,,,N,,,,,,,,,,,N,,,,,,,,,,,N,,,,,,,,,,,N,,,
3,D,,,,,,,,,N,,,,,,,,,,,N,,,,,,,,,,,N,,,,,,,,,,,N,,,,,,,,,,,N,,,,,,,,,,,N,,,,,,,,,,,N,,,,,,,,,,,N,,,,,,,,,,,N,,,,,,,,,,,N,,,
4,1,,,,,,,,,N,,,,,,,,,,,N,,,,,,,,,,,N,,,,,,,,,,,N,,,,,,,,,,,N,,,,,,,,,,,N,,,,,,,,,,,N,,,,,,,,,,,N,,,,,,,,,,,N,,,,,,,,,,,N,,,
4,2,,,,,,,,,N,,,,,,,,,,,N,,,,,,,,,,,N,,,,,,,,,,,N,,,,,,,,,,,N,,,,,,,,,,,N,,,,,,,,,,,N,,,,,,,,,,,N,,,,,,,,,,,N,,,,,,,,,,,N,,,
4,3,,,,,,,,,N,,,,,,,,,,,N,,,,,,,,,,,N,,,,,,,,,,,N,,,,,,,,,,,N,,,,,,,,,,,N,,,,,,,,,,,N,,,,,,,,,,,N,,,,,,,,,,,N,,,,,,,,,,,N,,,
4,4,,,,,,,,,N,,,,,,,,,,,N,,,,,,,,,,,N,,,,,,,,,,,N,,,,,,,,,,,N,,,,,,,,,,,N,,,,,,,,,,,N,,,,,,,,,,,N,,,,,,,,,,,N,,,,,,,,,,,N,,,
4,A,,,,,,,,,N,,,,,,,,,,,N,,,,,,,,,,,N,,,,,,,,,,,N,,,,,,,,,,,N,,,,,,,,,,,N,,,,,,,,,,,N,,,,,,,,,,,N,,,,,,,,,,,N,,,,,,,,,,,N,,,
4,B,,,,,,,,,N,,,,,,,,,,,N,,,,,,,,,,,N,,,,,,,,,,,N,,,,,,,,,,,N,,,,,,,,,,,N,,,,,,,,,,,N,,,,,,,,,,,N,,,,,,,,,,,N,,,,,,,,,,,N,,,
4,C,,,,,,,,,N,,,,,,,,,,,N,,,,,,,,,,,N,,,,,,,,,,,N,,,,,,,,,,,N,,,,,,,,,,,N,,,,,,,,,,,N,,,,,,,,,,,N,,,,,,,,,,,N,,,,,,,,,,,N,,,
4,D,,,,,,,,,N,,,,,,,,,,,N,,,,,,,,,,,N,,,,,,,,,,,N,,,,,,,,,,,N,,,,,,,,,,,N,,,,,,,,,,,N,,,,,,,,,,,N,,,,,,,,,,,N,,,,,,,,,,,N,,,
5,1,,,,,,,,,N,,,,,,,,,,,N,,,,,,,,,,,N,,,,,,,,,,,N,,,,,,,,,,,N,,,,,,,,,,,N,,,,,,,,,,,N,,,,,,,,,,,N,,,,,,,,,,,N,,,,,,,,,,,N,,,
5,2,,,,,,,,,N,,,,,,,,,,,N,,,,,,,,,,,N,,,,,,,,,,,N,,,,,,,,,,,N,,,,,,,,,,,N,,,,,,,,,,,N,,,,,,,,,,,N,,,,,,,,,,,N,,,,,,,,,,,N,,,
5,3,,,,,,,,,N,,,,,,,,,,,N,,,,,,,,,,,N,,,,,,,,,,,N,,,,,,,,,,,N,,,,,,,,,,,N,,,,,,,,,,,N,,,,,,,,,,,N,,,,,,,,,,,N,,,,,,,,,,,N,,,
5,4,,,,,,,,,N,,,,,,,,,,,N,,,,,,,,,,,N,,,,,,,,,,,N,,,,,,,,,,,N,,,,,,,,,,,N,,,,,,,,,,,N,,,,,,,,,,,N,,,,,,,,,,,N,,,,,,,,,,,N,,,
5,A,,,,,,,,,N,,,,,,,,,,,N,,,,,,,,,,,N,,,,,,,,,,,N,,,,,,,,,,,N,,,,,,,,,,,N,,,,,,,,,,,N,,,,,,,,,,,N,,,,,,,,,,,N,,,,,,,,,,,N,,,
5,B,,,,,,,,,N,,,,,,,,,,,N,,,,,,,,,,,N,,,,,,,,,,,N,,,,,,,,,,,N,,,,,,,,,,,N,,,,,,,,,,,N,,,,,,,,,,,N,,,,,,,,,,,N,,,,,,,,,,,N,,,
5,C,,,,,,,,,N,,,,,,,,,,,N,,,,,,,,,,,N,,,,,,,,,,,N,,,,,,,,,,,N,,,,,,,,,,,N,,,,,,,,,,,N,,,,,,,,,,,N,,,,,,,,,,,N,,,,,,,,,,,N,,,
5,D,,,,,,,,,N,,,,,,,,,,,N,,,,,,,,,,,N,,,,,,,,,,,N,,,,,,,,,,,N,,,,,,,,,,,N,,,,,,,,,,,N,,,,,,,,,,,N,,,,,,,,,,,N,,,,,,,,,,,N,,,
6,1,,,,,,,,,N,,,,,,,,,,,N,,,,,,,,,,,N,,,,,,,,,,,N,,,,,,,,,,,N,,,,,,,,,,,N,,,,,,,,,,,N,,,,,,,,,,,N,,,,,,,,,,,N,,,,,,,,,,,N,,,
6,2,,,,,,,,,N,,,,,,,,,,,N,,,,,,,,,,,N,,,,,,,,,,,N,,,,,,,,,,,N,,,,,,,,,,,N,,,,,,,,,,,N,,,,,,,,,,,N,,,,,,,,,,,N,,,,,,,,,,,N,,,
6,3,,,,,,,,,N,,,,,,,,,,,N,,,,,,,,,,,N,,,,,,,,,,,N,,,,,,,,,,,N,,,,,,,,,,,N,,,,,,,,,,,N,,,,,,,,,,,N,,,,,,,,,,,N,,,,,,,,,,,N,,,
6,4,,,,,,,,,N,,,,,,,,,,,N,,,,,,,,,,,N,,,,,,,,,,,N,,,,,,,,,,,N,,,,,,,,,,,N,,,,,,,,,,,N,,,,,,,,,,,N,,,,,,,,,,,N,,,,,,,,,,,N,,,
6,A,,,,,,,,,N,,,,,,,,,,,N,,,,,,,,,,,N,,,,,,,,,,,N,,,,,,,,,,,N,,,,,,,,,,,N,,,,,,,,,,,N,,,,,,,,,,,N,,,,,,,,,,,N,,,,,,,,,,,N,,,
6,B,,,,,,,,,N,,,,,,,,,,,N,,,,,,,,,,,N,,,,,,,,,,,N,,,,,,,,,,,N,,,,,,,,,,,N,,,,,,,,,,,N,,,,,,,,,,,N,,,,,,,,,,,N,,,,,,,,,,,N,,,
6,C,,,,,,,,,N,,,,,,,,,,,N,,,,,,,,,,,N,,,,,,,,,,,N,,,,,,,,,,,N,,,,,,,,,,,N,,,,,,,,,,,N,,,,,,,,,,,N,,,,,,,,,,,N,,,,,,,,,,,N,,,
6,D,,,,,,,,,N,,,,,,,,,,,N,,,,,,,,,,,N,,,,,,,,,,,N,,,,,,,,,,,N,,,,,,,,,,,N,,,,,,,,,,,N,,,,,,,,,,,N,,,,,,,,,,,N,,,,,,,,,,,N,,,
7,1,,,,,,,,,N,,,,,,,,,,,N,,,,,,,,,,,N,,,,,,,,,,,N,,,,,,,,,,,N,,,,,,,,,,,N,,,,,,,,,,,N,,,,,,,,,,,N,,,,,,,,,,,N,,,,,,,,,,,N,,,
7,2,,,,,,,,,N,,,,,,,,,,,N,,,,,,,,,,,N,,,,,,,,,,,N,,,,,,,,,,,N,,,,,,,,,,,N,,,,,,,,,,,N,,,,,,,,,,,N,,,,,,,,,,,N,,,,,,,,,,,N,,,
7,3,,,,,,,,,N,,,,,,,,,,,N,,,,,,,,,,,N,,,,,,,,,,,N,,,,,,,,,,,N,,,,,,,,,,,N,,,,,,,,,,,N,,,,,,,,,,,N,,,,,,,,,,,N,,,,,,,,,,,N,,,
7,4,,,,,,,,,N,,,,,,,,,,,N,,,,,,,,,,,N,,,,,,,,,,,N,,,,,,,,,,,N,,,,,,,,,,,N,,,,,,,,,,,N,,,,,,,,,,,N,,,,,,,,,,,N,,,,,,,,,,,N,,,
7,A,,,,,,,,,N,,,,,,,,,,,N,,,,,,,,,,,N,,,,,,,,,,,N,,,,,,,,,,,N,,,,,,,,,,,N,,,,,,,,,,,N,,,,,,,,,,,N,,,,,,,,,,,N,,,,,,,,,,,N,,,
7,B,,,,,,,,,N,,,,,,,,,,,N,,,,,,,,,,,N,,,,,,,,,,,N,,,,,,,,,,,N,,,,,,,,,,,N,,,,,,,,,,,N,,,,,,,,,,,N,,,,,,,,,,,N,,,,,,,,,,,N,,,
7,C,,,,,,,,,N,,,,,,,,,,,N,,,,,,,,,,,N,,,,,,,,,,,N,,,,,,,,,,,N,,,,,,,,,,,N,,,,,,,,,,,N,,,,,,,,,,,N,,,,,,,,,,,N,,,,,,,,,,,N,,,
7,D,,,,,,,,,N,,,,,,,,,,,N,,,,,,,,,,,N,,,,,,,,,,,N,,,,,,,,,,,N,,,,,,,,,,,N,,,,,,,,,,,N,,,,,,,,,,,N,,,,,,,,,,,N,,,,,,,,,,,N,,,
8,1,,,,,,,,,N,,,,,,,,,,,N,,,,,,,,,,,N,,,,,,,,,,,N,,,,,,,,,,,N,,,,,,,,,,,N,,,,,,,,,,,N,,,,,,,,,,,N,,,,,,,,,,,N,,,,,,,,,,,N,,,
8,2,,,,,,,,,N,,,,,,,,,,,N,,,,,,,,,,,N,,,,,,,,,,,N,,,,,,,,,,,N,,,,,,,,,,,N,,,,,,,,,,,N,,,,,,,,,,,N,,,,,,,,,,,N,,,,,,,,,,,N,,,
8,3,,,,,,,,,N,,,,,,,,,,,N,,,,,,,,,,,N,,,,,,,,,,,N,,,,,,,,,,,N,,,,,,,,,,,N,,,,,,,,,,,N,,,,,,,,,,,N,,,,,,,,,,,N,,,,,,,,,,,N,,,
8,4,,,,,,,,,N,,,,,,,,,,,N,,,,,,,,,,,N,,,,,,,,,,,N,,,,,,,,,,,N,,,,,,,,,,,N,,,,,,,,,,,N,,,,,,,,,,,N,,,,,,,,,,,N,,,,,,,,,,,N,,,
8,A,,,,,,,,,N,,,,,,,,,,,N,,,,,,,,,,,N,,,,,,,,,,,N,,,,,,,,,,,N,,,,,,,,,,,N,,,,,,,,,,,N,,,,,,,,,,,N,,,,,,,,,,,N,,,,,,,,,,,N,,,
8,B,,,,,,,,,N,,,,,,,,,,,N,,,,,,,,,,,N,,,,,,,,,,,N,,,,,,,,,,,N,,,,,,,,,,,N,,,,,,,,,,,N,,,,,,,,,,,N,,,,,,,,,,,N,,,,,,,,,,,N,,,
8,C,,,,,,,,,N,,,,,,,,,,,N,,,,,,,,,,,N,,,,,,,,,,,N,,,,,,,,,,,N,,,,,,,,,,,N,,,,,,,,,,,N,,,,,,,,,,,N,,,,,,,,,,,N,,,,,,,,,,,N,,,
8,D,,,,,,,,,N,,,,,,,,,,,N,,,,,,,,,,,N,,,,,,,,,,,N,,,,,,,,,,,N,,,,,,,,,,,N,,,,,,,,,,,N,,,,,,,,,,,N,,,,,,,,,,,N,,,,,,,,,,,N,,,
9,1,,,,,,,,,N,,,,,,,,,,,N,,,,,,,,,,,N,,,,,,,,,,,N,,,,,,,,,,,N,,,,,,,,,,,N,,,,,,,,,,,N,,,,,,,,,,,N,,,,,,,,,,,N,,,,,,,,,,,N,,,
9,2,,,,,,,,,N,,,,,,,,,,,N,,,,,,,,,,,N,,,,,,,,,,,N,,,,,,,,,,,N,,,,,,,,,,,N,,,,,,,,,,,N,,,,,,,,,,,N,,,,,,,,,,,N,,,,,,,,,,,N,,,
9,3,,,,,,,,,N,,,,,,,,,,,N,,,,,,,,,,,N,,,,,,,,,,,N,,,,,,,,,,,N,,,,,,,,,,,N,,,,,,,,,,,N,,,,,,,,,,,N,,,,,,,,,,,N,,,,,,,,,,,N,,,
9,4,,,,,,,,,N,,,,,,,,,,,N,,,,,,,,,,,N,,,,,,,,,,,N,,,,,,,,,,,N,,,,,,,,,,,N,,,,,,,,,,,N,,,,,,,,,,,N,,,,,,,,,,,N,,,,,,,,,,,N,,,
9,A,,,,,,,,,N,,,,,,,,,,,N,,,,,,,,,,,N,,,,,,,,,,,N,,,,,,,,,,,N,,,,,,,,,,,N,,,,,,,,,,,N,,,,,,,,,,,N,,,,,,,,,,,N,,,,,,,,,,,N,,,
9,B,,,,,,,,,N,,,,,,,,,,,N,,,,,,,,,,,N,,,,,,,,,,,N,,,,,,,,,,,N,,,,,,,,,,,N,,,,,,,,,,,N,,,,,,,,,,,N,,,,,,,,,,,N,,,,,,,,,,,N,,,
9,C,,,,,,,,,N,,,,,,,,,,,N,,,,,,,,,,,N,,,,,,,,,,,N,,,,,,,,,,,N,,,,,,,,,,,N,,,,,,,,,,,N,,,,,,,,,,,N,,,,,,,,,,,N,,,,,,,,,,,N,,,
9,D,,,,,,,,,N,,,,,,,,,,,N,,,,,,,,,,,N,,,,,,,,,,,N,,,,,,,,,,,N,,,,,,,,,,,N,,,,,,,,,,,N,,,,,,,,,,,N,,,,,,,,,,,N,,,,,,,,,,,N,,,
10,1,,,,,,,,,N,,,,,,,,,,,N,,,,,,,,,,,N,,,,,,,,,,,N,,,,,,,,,,,N,,,,,,,,,,,N,,,,,,,,,,,N,,,,,,,,,,,N,,,,,,,,,,,N,,,,,,,,,,,N,,,
10,2,,,,,,,,,N,,,,,,,,,,,N,,,,,,,,,,,N,,,,,,,,,,,N,,,,,,,,,,,N,,,,,,,,,,,N,,,,,,,,,,,N,,,,,,,,,,,N,,,,,,,,,,,N,,,,,,,,,,,N,,,
10,3,,,,,,,,,N,,,,,,,,,,,N,,,,,,,,,,,N,,,,,,,,,,,N,,,,,,,,,,,N,,,,,,,,,,,N,,,,,,,,,,,N,,,,,,,,,,,N,,,,,,,,,,,N,,,,,,,,,,,N,,,
10,4,,,,,,,,,N,,,,,,,,,,,N,,,,,,,,,,,N,,,,,,,,,,,N,,,,,,,,,,,N,,,,,,,,,,,N,,,,,,,,,,,N,,,,,,,,,,,N,,,,,,,,,,,N,,,,,,,,,,,N,,,
10,A,,,,,,,,,N,,,,,,,,,,,N,,,,,,,,,,,N,,,,,,,,,,,N,,,,,,,,,,,N,,,,,,,,,,,N,,,,,,,,,,,N,,,,,,,,,,,N,,,,,,,,,,,N,,,,,,,,,,,N,,,
10,B,,,,,,,,,N,,,,,,,,,,,N,,,,,,,,,,,N,,,,,,,,,,,N,,,,,,,,,,,N,,,,,,,,,,,N,,,,,,,,,,,N,,,,,,,,,,,N,,,,,,,,,,,N,,,,,,,,,,,N,,,
10,C,,,,,,,,,N,,,,,,,,,,,N,,,,,,,,,,,N,,,,,,,,,,,N,,,,,,,,,,,N,,,,,,,,,,,N,,,,,,,,,,,N,,,,,,,,,,,N,,,,,,,,,,,N,,,,,,,,,,,N,,,
10,D,,,,,,,,,N,,,,,,,,,,,N,,,,,,,,,,,N,,,,,,,,,,,N,,,,,,,,,,,N,,,,,,,,,,,N,,,,,,,,,,,N,,,,,,,,,,,N,,,,,,,,,,,N,,,,,,,,,,,N,,,
11,1,,,,,,,,,N,,,,,,,,,,,N,,,,,,,,,,,N,,,,,,,,,,,N,,,,,,,,,,,N,,,,,,,,,,,N,,,,,,,,,,,N,,,,,,,,,,,N,,,,,,,,,,,N,,,,,,,,,,,N,,,
11,2,,,,,,,,,N,,,,,,,,,,,N,,,,,,,,,,,N,,,,,,,,,,,N,,,,,,,,,,,N,,,,,,,,,,,N,,,,,,,,,,,N,,,,,,,,,,,N,,,,,,,,,,,N,,,,,,,,,,,N,,,
11,3,,,,,,,,,N,,,,,,,,,,,N,,,,,,,,,,,N,,,,,,,,,,,N,,,,,,,,,,,N,,,,,,,,,,,N,,,,,,,,,,,N,,,,,,,,,,,N,,,,,,,,,,,N,,,,,,,,,,,N,,,
11,4,,,,,,,,,N,,,,,,,,,,,N,,,,,,,,,,,N,,,,,,,,,,,N,,,,,,,,,,,N,,,,,,,,,,,N,,,,,,,,,,,N,,,,,,,,,,,N,,,,,,,,,,,N,,,,,,,,,,,N,,,
11,A,,,,,,,,,N,,,,,,,,,,,N,,,,,,,,,,,N,,,,,,,,,,,N,,,,,,,,,,,N,,,,,,,,,,,N,,,,,,,,,,,N,,,,,,,,,,,N,,,,,,,,,,,N,,,,,,,,,,,N,,,
11,B,,,,,,,,,N,,,,,,,,,,,N,,,,,,,,,,,N,,,,,,,,,,,N,,,,,,,,,,,N,,,,,,,,,,,N,,,,,,,,,,,N,,,,,,,,,,,N,,,,,,,,,,,N,,,,,,,,,,,N,,,
11,C,,,,,,,,,N,,,,,,,,,,,N,,,,,,,,,,,N,,,,,,,,,,,N,,,,,,,,,,,N,,,,,,,,,,,N,,,,,,,,,,,N,,,,,,,,,,,N,,,,,,,,,,,N,,,,,,,,,,,N,,,
11,D,,,,,,,,,N,,,,,,,,,,,N,,,,,,,,,,,N,,,,,,,,,,,N,,,,,,,,,,,N,,,,,,,,,,,N,,,,,,,,,,,N,,,,,,,,,,,N,,,,,,,,,,,N,,,,,,,,,,,N,,,
12,1,,,,,,,,,N,,,,,,,,,,,N,,,,,,,,,,,N,,,,,,,,,,,N,,,,,,,,,,,N,,,,,,,,,,,N,,,,,,,,,,,N,,,,,,,,,,,N,,,,,,,,,,,N,,,,,,,,,,,N,,,
12,2,,,,,,,,,N,,,,,,,,,,,N,,,,,,,,,,,N,,,,,,,,,,,N,,,,,,,,,,,N,,,,,,,,,,,N,,,,,,,,,,,N,,,,,,,,,,,N,,,,,,,,,,,N,,,,,,,,,,,N,,,
12,3,,,,,,,,,N,,,,,,,,,,,N,,,,,,,,,,,N,,,,,,,,,,,N,,,,,,,,,,,N,,,,,,,,,,,N,,,,,,,,,,,N,,,,,,,,,,,N,,,,,,,,,,,N,,,,,,,,,,,N,,,
12,4,,,,,,,,,N,,,,,,,,,,,N,,,,,,,,,,,N,,,,,,,,,,,N,,,,,,,,,,,N,,,,,,,,,,,N,,,,,,,,,,,N,,,,,,,,,,,N,,,,,,,,,,,N,,,,,,,,,,,N,,,
12,A,,,,,,,,,N,,,,,,,,,,,N,,,,,,,,,,,N,,,,,,,,,,,N,,,,,,,,,,,N,,,,,,,,,,,N,,,,,,,,,,,N,,,,,,,,,,,N,,,,,,,,,,,N,,,,,,,,,,,N,,,
12,B,,,,,,,,,N,,,,,,,,,,,N,,,,,,,,,,,N,,,,,,,,,,,N,,,,,,,,,,,N,,,,,,,,,,,N,,,,,,,,,,,N,,,,,,,,,,,N,,,,,,,,,,,N,,,,,,,,,,,N,,,
12,C,,,,,,,,,N,,,,,,,,,,,N,,,,,,,,,,,N,,,,,,,,,,,N,,,,,,,,,,,N,,,,,,,,,,,N,,,,,,,,,,,N,,,,,,,,,,,N,,,,,,,,,,,N,,,,,,,,,,,N,,,
12,D,,,,,,,,,N,,,,,,,,,,,N,,,,,,,,,,,N,,,,,,,,,,,N,,,,,,,,,,,N,,,,,,,,,,,N,,,,,,,,,,,N,,,,,,,,,,,N,,,,,,,,,,,N,,,,,,,,,,,N,,,
13,1,,,,,,,,,N,,,,,,,,,,,N,,,,,,,,,,,N,,,,,,,,,,,N,,,,,,,,,,,N,,,,,,,,,,,N,,,,,,,,,,,N,,,,,,,,,,,N,,,,,,,,,,,N,,,,,,,,,,,N,,,
13,2,,,,,,,,,N,,,,,,,,,,,N,,,,,,,,,,,N,,,,,,,,,,,N,,,,,,,,,,,N,,,,,,,,,,,N,,,,,,,,,,,N,,,,,,,,,,,N,,,,,,,,,,,N,,,,,,,,,,,N,,,
13,3,,,,,,,,,N,,,,,,,,,,,N,,,,,,,,,,,N,,,,,,,,,,,N,,,,,,,,,,,N,,,,,,,,,,,N,,,,,,,,,,,N,,,,,,,,,,,N,,,,,,,,,,,N,,,,,,,,,,,N,,,
13,4,,,,,,,,,N,,,,,,,,,,,N,,,,,,,,,,,N,,,,,,,,,,,N,,,,,,,,,,,N,,,,,,,,,,,N,,,,,,,,,,,N,,,,,,,,,,,N,,,,,,,,,,,N,,,,,,,,,,,N,,,
13,A,,,,,,,,,N,,,,,,,,,,,N,,,,,,,,,,,N,,,,,,,,,,,N,,,,,,,,,,,N,,,,,,,,,,,N,,,,,,,,,,,N,,,,,,,,,,,N,,,,,,,,,,,N,,,,,,,,,,,N,,,
13,B,,,,,,,,,N,,,,,,,,,,,N,,,,,,,,,,,N,,,,,,,,,,,N,,,,,,,,,,,N,,,,,,,,,,,N,,,,,,,,,,,N,,,,,,,,,,,N,,,,,,,,,,,N,,,,,,,,,,,N,,,
13,C,,,,,,,,,N,,,,,,,,,,,N,,,,,,,,,,,N,,,,,,,,,,,N,,,,,,,,,,,N,,,,,,,,,,,N,,,,,,,,,,,N,,,,,,,,,,,N,,,,,,,,,,,N,,,,,,,,,,,N,,,
13,D,,,,,,,,,N,,,,,,,,,,,N,,,,,,,,,,,N,,,,,,,,,,,N,,,,,,,,,,,N,,,,,,,,,,,N,,,,,,,,,,,N,,,,,,,,,,,N,,,,,,,,,,,N,,,,,,,,,,,N,,,
14,1,,,,,,,,,N,,,,,,,,,,,N,,,,,,,,,,,N,,,,,,,,,,,N,,,,,,,,,,,N,,,,,,,,,,,N,,,,,,,,,,,N,,,,,,,,,,,N,,,,,,,,,,,N,,,,,,,,,,,N,,,
14,2,,,,,,,,,N,,,,,,,,,,,N,,,,,,,,,,,N,,,,,,,,,,,N,,,,,,,,,,,N,,,,,,,,,,,N,,,,,,,,,,,N,,,,,,,,,,,N,,,,,,,,,,,N,,,,,,,,,,,N,,,
14,3,,,,,,,,,N,,,,,,,,,,,N,,,,,,,,,,,N,,,,,,,,,,,N,,,,,,,,,,,N,,,,,,,,,,,N,,,,,,,,,,,N,,,,,,,,,,,N,,,,,,,,,,,N,,,,,,,,,,,N,,,
14,4,,,,,,,,,N,,,,,,,,,,,N,,,,,,,,,,,N,,,,,,,,,,,N,,,,,,,,,,,N,,,,,,,,,,,N,,,,,,,,,,,N,,,,,,,,,,,N,,,,,,,,,,,N,,,,,,,,,,,N,,,
14,A,,,,,,,,,N,,,,,,,,,,,N,,,,,,,,,,,N,,,,,,,,,,,N,,,,,,,,,,,N,,,,,,,,,,,N,,,,,,,,,,,N,,,,,,,,,,,N,,,,,,,,,,,N,,,,,,,,,,,N,,,
14,B,,,,,,,,,N,,,,,,,,,,,N,,,,,,,,,,,N,,,,,,,,,,,N,,,,,,,,,,,N,,,,,,,,,,,N,,,,,,,,,,,N,,,,,,,,,,,N,,,,,,,,,,,N,,,,,,,,,,,N,,,
14,C,,,,,,,,,N,,,,,,,,,,,N,,,,,,,,,,,N,,,,,,,,,,,N,,,,,,,,,,,N,,,,,,,,,,,N,,,,,,,,,,,N,,,,,,,,,,,N,,,,,,,,,,,N,,,,,,,,,,,N,,,
14,D,,,,,,,,,N,,,,,,,,,,,N,,,,,,,,,,,N,,,,,,,,,,,N,,,,,,,,,,,N,,,,,,,,,,,N,,,,,,,,,,,N,,,,,,,,,,,N,,,,,,,,,,,N,,,,,,,,,,,N,,,
15,1,,,,,,,,,N,,,,,,,,,,,N,,,,,,,,,,,N,,,,,,,,,,,N,,,,,,,,,,,N,,,,,,,,,,,N,,,,,,,,,,,N,,,,,,,,,,,N,,,,,,,,,,,N,,,,,,,,,,,N,,,
15,2,,,,,,,,,N,,,,,,,,,,,N,,,,,,,,,,,N,,,,,,,,,,,N,,,,,,,,,,,N,,,,,,,,,,,N,,,,,,,,,,,N,,,,,,,,,,,N,,,,,,,,,,,N,,,,,,,,,,,N,,,
15,3,,,,,,,,,N,,,,,,,,,,,N,,,,,,,,,,,N,,,,,,,,,,,N,,,,,,,,,,,N,,,,,,,,,,,N,,,,,,,,,,,N,,,,,,,,,,,N,,,,,,,,,,,N,,,,,,,,,,,N,,,
15,4,,,,,,,,,N,,,,,,,,,,,N,,,,,,,,,,,N,,,,,,,,,,,N,,,,,,,,,,,N,,,,,,,,,,,N,,,,,,,,,,,N,,,,,,,,,,,N,,,,,,,,,,,N,,,,,,,,,,,N,,,
15,A,,,,,,,,,N,,,,,,,,,,,N,,,,,,,,,,,N,,,,,,,,,,,N,,,,,,,,,,,N,,,,,,,,,,,N,,,,,,,,,,,N,,,,,,,,,,,N,,,,,,,,,,,N,,,,,,,,,,,N,,,
15,B,,,,,,,,,N,,,,,,,,,,,N,,,,,,,,,,,N,,,,,,,,,,,N,,,,,,,,,,,N,,,,,,,,,,,N,,,,,,,,,,,N,,,,,,,,,,,N,,,,,,,,,,,N,,,,,,,,,,,N,,,
15,C,,,,,,,,,N,,,,,,,,,,,N,,,,,,,,,,,N,,,,,,,,,,,N,,,,,,,,,,,N,,,,,,,,,,,N,,,,,,,,,,,N,,,,,,,,,,,N,,,,,,,,,,,N,,,,,,,,,,,N,,,
15,D,,,,,,,,,N,,,,,,,,,,,N,,,,,,,,,,,N,,,,,,,,,,,N,,,,,,,,,,,N,,,,,,,,,,,N,,,,,,,,,,,N,,,,,,,,,,,N,,,,,,,,,,,N,,,,,,,,,,,N,,,
16,1,,,,,,,,,N,,,,,,,,,,,N,,,,,,,,,,,N,,,,,,,,,,,N,,,,,,,,,,,N,,,,,,,,,,,N,,,,,,,,,,,N,,,,,,,,,,,N,,,,,,,,,,,N,,,,,,,,,,,N,,,
16,2,,,,,,,,,N,,,,,,,,,,,N,,,,,,,,,,,N,,,,,,,,,,,N,,,,,,,,,,,N,,,,,,,,,,,N,,,,,,,,,,,N,,,,,,,,,,,N,,,,,,,,,,,N,,,,,,,,,,,N,,,
16,3,,,,,,,,,N,,,,,,,,,,,N,,,,,,,,,,,N,,,,,,,,,,,N,,,,,,,,,,,N,,,,,,,,,,,N,,,,,,,,,,,N,,,,,,,,,,,N,,,,,,,,,,,N,,,,,,,,,,,N,,,
16,4,,,,,,,,,N,,,,,,,,,,,N,,,,,,,,,,,N,,,,,,,,,,,N,,,,,,,,,,,N,,,,,,,,,,,N,,,,,,,,,,,N,,,,,,,,,,,N,,,,,,,,,,,N,,,,,,,,,,,N,,,
16,A,,,,,,,,,N,,,,,,,,,,,N,,,,,,,,,,,N,,,,,,,,,,,N,,,,,,,,,,,N,,,,,,,,,,,N,,,,,,,,,,,N,,,,,,,,,,,N,,,,,,,,,,,N,,,,,,,,,,,N,,,
16,B,,,,,,,,,N,,,,,,,,,,,N,,,,,,,,,,,N,,,,,,,,,,,N,,,,,,,,,,,N,,,,,,,,,,,N,,,,,,,,,,,N,,,,,,,,,,,N,,,,,,,,,,,N,,,,,,,,,,,N,,,
16,C,,,,,,,,,N,,,,,,,,,,,N,,,,,,,,,,,N,,,,,,,,,,,N,,,,,,,,,,,N,,,,,,,,,,,N,,,,,,,,,,,N,,,,,,,,,,,N,,,,,,,,,,,N,,,,,,,,,,,N,,,
16,D,,,,,,,,,N,,,,,,,,,,,N,,,,,,,,,,,N,,,,,,,,,,,N,,,,,,,,,,,N,,,,,,,,,,,N,,,,,,,,,,,N,,,,,,,,,,,N,,,,,,,,,,,N,,,,,,,,,,,N,,,
17,1,,,,,,,,,N,,,,,,,,,,,N,,,,,,,,,,,N,,,,,,,,,,,N,,,,,,,,,,,N,,,,,,,,,,,N,,,,,,,,,,,N,,,,,,,,,,,N,,,,,,,,,,,N,,,,,,,,,,,N,,,
17,2,,,,,,,,,N,,,,,,,,,,,N,,,,,,,,,,,N,,,,,,,,,,,N,,,,,,,,,,,N,,,,,,,,,,,N,,,,,,,,,,,N,,,,,,,,,,,N,,,,,,,,,,,N,,,,,,,,,,,N,,,
17,3,,,,,,,,,N,,,,,,,,,,,N,,,,,,,,,,,N,,,,,,,,,,,N,,,,,,,,,,,N,,,,,,,,,,,N,,,,,,,,,,,N,,,,,,,,,,,N,,,,,,,,,,,N,,,,,,,,,,,N,,,
17,4,,,,,,,,,N,,,,,,,,,,,N,,,,,,,,,,,N,,,,,,,,,,,N,,,,,,,,,,,N,,,,,,,,,,,N,,,,,,,,,,,N,,,,,,,,,,,N,,,,,,,,,,,N,,,,,,,,,,,N,,,
17,A,,,,,,,,,N,,,,,,,,,,,N,,,,,,,,,,,N,,,,,,,,,,,N,,,,,,,,,,,N,,,,,,,,,,,N,,,,,,,,,,,N,,,,,,,,,,,N,,,,,,,,,,,N,,,,,,,,,,,N,,,
17,B,,,,,,,,,N,,,,,,,,,,,N,,,,,,,,,,,N,,,,,,,,,,,N,,,,,,,,,,,N,,,,,,,,,,,N,,,,,,,,,,,N,,,,,,,,,,,N,,,,,,,,,,,N,,,,,,,,,,,N,,,
17,C,,,,,,,,,N,,,,,,,,,,,N,,,,,,,,,,,N,,,,,,,,,,,N,,,,,,,,,,,N,,,,,,,,,,,N,,,,,,,,,,,N,,,,,,,,,,,N,,,,,,,,,,,N,,,,,,,,,,,N,,,
17,D,,,,,,,,,N,,,,,,,,,,,N,,,,,,,,,,,N,,,,,,,,,,,N,,,,,,,,,,,N,,,,,,,,,,,N,,,,,,,,,,,N,,,,,,,,,,,N,,,,,,,,,,,N,,,,,,,,,,,N,,,
18,1,,,,,,,,,N,,,,,,,,,,,N,,,,,,,,,,,N,,,,,,,,,,,N,,,,,,,,,,,N,,,,,,,,,,,N,,,,,,,,,,,N,,,,,,,,,,,N,,,,,,,,,,,N,,,,,,,,,,,N,,,
18,2,,,,,,,,,N,,,,,,,,,,,N,,,,,,,,,,,N,,,,,,,,,,,N,,,,,,,,,,,N,,,,,,,,,,,N,,,,,,,,,,,N,,,,,,,,,,,N,,,,,,,,,,,N,,,,,,,,,,,N,,,
18,3,,,,,,,,,N,,,,,,,,,,,N,,,,,,,,,,,N,,,,,,,,,,,N,,,,,,,,,,,N,,,,,,,,,,,N,,,,,,,,,,,N,,,,,,,,,,,N,,,,,,,,,,,N,,,,,,,,,,,N,,,
18,4,,,,,,,,,N,,,,,,,,,,,N,,,,,,,,,,,N,,,,,,,,,,,N,,,,,,,,,,,N,,,,,,,,,,,N,,,,,,,,,,,N,,,,,,,,,,,N,,,,,,,,,,,N,,,,,,,,,,,N,,,
18,A,,,,,,,,,N,,,,,,,,,,,N,,,,,,,,,,,N,,,,,,,,,,,N,,,,,,,,,,,N,,,,,,,,,,,N,,,,,,,,,,,N,,,,,,,,,,,N,,,,,,,,,,,N,,,,,,,,,,,N,,,
18,B,,,,,,,,,N,,,,,,,,,,,N,,,,,,,,,,,N,,,,,,,,,,,N,,,,,,,,,,,N,,,,,,,,,,,N,,,,,,,,,,,N,,,,,,,,,,,N,,,,,,,,,,,N,,,,,,,,,,,N,,,
18,C,,,,,,,,,N,,,,,,,,,,,N,,,,,,,,,,,N,,,,,,,,,,,N,,,,,,,,,,,N,,,,,,,,,,,N,,,,,,,,,,,N,,,,,,,,,,,N,,,,,,,,,,,N,,,,,,,,,,,N,,,
18,D,,,,,,,,,N,,,,,,,,,,,N,,,,,,,,,,,N,,,,,,,,,,,N,,,,,,,,,,,N,,,,,,,,,,,N,,,,,,,,,,,N,,,,,,,,,,,N,,,,,,,,,,,N,,,,,,,,,,,N,,,
19,1,,,,,,,,,N,,,,,,,,,,,N,,,,,,,,,,,N,,,,,,,,,,,N,,,,,,,,,,,N,,,,,,,,,,,N,,,,,,,,,,,N,,,,,,,,,,,N,,,,,,,,,,,N,,,,,,,,,,,N,,,
19,2,,,,,,,,,N,,,,,,,,,,,N,,,,,,,,,,,N,,,,,,,,,,,N,,,,,,,,,,,N,,,,,,,,,,,N,,,,,,,,,,,N,,,,,,,,,,,N,,,,,,,,,,,N,,,,,,,,,,,N,,,
19,3,,,,,,,,,N,,,,,,,,,,,N,,,,,,,,,,,N,,,,,,,,,,,N,,,,,,,,,,,N,,,,,,,,,,,N,,,,,,,,,,,N,,,,,,,,,,,N,,,,,,,,,,,N,,,,,,,,,,,N,,,
19,4,,,,,,,,,N,,,,,,,,,,,N,,,,,,,,,,,N,,,,,,,,,,,N,,,,,,,,,,,N,,,,,,,,,,,N,,,,,,,,,,,N,,,,,,,,,,,N,,,,,,,,,,,N,,,,,,,,,,,N,,,
19,A,,,,,,,,,N,,,,,,,,,,,N,,,,,,,,,,,N,,,,,,,,,,,N,,,,,,,,,,,N,,,,,,,,,,,N,,,,,,,,,,,N,,,,,,,,,,,N,,,,,,,,,,,N,,,,,,,,,,,N,,,
19,B,,,,,,,,,N,,,,,,,,,,,N,,,,,,,,,,,N,,,,,,,,,,,N,,,,,,,,,,,N,,,,,,,,,,,N,,,,,,,,,,,N,,,,,,,,,,,N,,,,,,,,,,,N,,,,,,,,,,,N,,,
19,C,,,,,,,,,N,,,,,,,,,,,N,,,,,,,,,,,N,,,,,,,,,,,N,,,,,,,,,,,N,,,,,,,,,,,N,,,,,,,,,,,N,,,,,,,,,,,N,,,,,,,,,,,N,,,,,,,,,,,N,,,
19,D,,,,,,,,,N,,,,,,,,,,,N,,,,,,,,,,,N,,,,,,,,,,,N,,,,,,,,,,,N,,,,,,,,,,,N,,,,,,,,,,,N,,,,,,,,,,,N,,,,,,,,,,,N,,,,,,,,,,,N,,,
20,1,,,,,,,,,N,,,,,,,,,,,N,,,,,,,,,,,N,,,,,,,,,,,N,,,,,,,,,,,N,,,,,,,,,,,N,,,,,,,,,,,N,,,,,,,,,,,N,,,,,,,,,,,N,,,,,,,,,,,N,,,
20,2,,,,,,,,,N,,,,,,,,,,,N,,,,,,,,,,,N,,,,,,,,,,,N,,,,,,,,,,,N,,,,,,,,,,,N,,,,,,,,,,,N,,,,,,,,,,,N,,,,,,,,,,,N,,,,,,,,,,,N,,,
20,3,,,,,,,,,N,,,,,,,,,,,N,,,,,,,,,,,N,,,,,,,,,,,N,,,,,,,,,,,N,,,,,,,,,,,N,,,,,,,,,,,N,,,,,,,,,,,N,,,,,,,,,,,N,,,,,,,,,,,N,,,
20,4,,,,,,,,,N,,,,,,,,,,,N,,,,,,,,,,,N,,,,,,,,,,,N,,,,,,,,,,,N,,,,,,,,,,,N,,,,,,,,,,,N,,,,,,,,,,,N,,,,,,,,,,,N,,,,,,,,,,,N,,,
20,A,,,,,,,,,N,,,,,,,,,,,N,,,,,,,,,,,N,,,,,,,,,,,N,,,,,,,,,,,N,,,,,,,,,,,N,,,,,,,,,,,N,,,,,,,,,,,N,,,,,,,,,,,N,,,,,,,,,,,N,,,
20,B,,,,,,,,,N,,,,,,,,,,,N,,,,,,,,,,,N,,,,,,,,,,,N,,,,,,,,,,,N,,,,,,,,,,,N,,,,,,,,,,,N,,,,,,,,,,,N,,,,,,,,,,,N,,,,,,,,,,,N,,,
20,C,,,,,,,,,N,,,,,,,,,,,N,,,,,,,,,,,N,,,,,,,,,,,N,,,,,,,,,,,N,,,,,,,,,,,N,,,,,,,,,,,N,,,,,,,,,,,N,,,,,,,,,,,N,,,,,,,,,,,N,,,
20,D,,,,,,,,,N,,,,,,,,,,,N,,,,,,,,,,,N,,,,,,,,,,,N,,,,,,,,,,,N,,,,,,,,,,,N,,,,,,,,,,,N,,,,,,,,,,,N,,,,,,,,,,,N,,,,,,,,,,,N,,,
21,1,,,,,,,,,N,,,,,,,,,,,N,,,,,,,,,,,N,,,,,,,,,,,N,,,,,,,,,,,N,,,,,,,,,,,N,,,,,,,,,,,N,,,,,,,,,,,N,,,,,,,,,,,N,,,,,,,,,,,N,,,
21,2,,,,,,,,,N,,,,,,,,,,,N,,,,,,,,,,,N,,,,,,,,,,,N,,,,,,,,,,,N,,,,,,,,,,,N,,,,,,,,,,,N,,,,,,,,,,,N,,,,,,,,,,,N,,,,,,,,,,,N,,,
21,3,,,,,,,,,N,,,,,,,,,,,N,,,,,,,,,,,N,,,,,,,,,,,N,,,,,,,,,,,N,,,,,,,,,,,N,,,,,,,,,,,N,,,,,,,,,,,N,,,,,,,,,,,N,,,,,,,,,,,N,,,
21,4,,,,,,,,,N,,,,,,,,,,,N,,,,,,,,,,,N,,,,,,,,,,,N,,,,,,,,,,,N,,,,,,,,,,,N,,,,,,,,,,,N,,,,,,,,,,,N,,,,,,,,,,,N,,,,,,,,,,,N,,,
21,A,,,,,,,,,N,,,,,,,,,,,N,,,,,,,,,,,N,,,,,,,,,,,N,,,,,,,,,,,N,,,,,,,,,,,N,,,,,,,,,,,N,,,,,,,,,,,N,,,,,,,,,,,N,,,,,,,,,,,N,,,
21,B,,,,,,,,,N,,,,,,,,,,,N,,,,,,,,,,,N,,,,,,,,,,,N,,,,,,,,,,,N,,,,,,,,,,,N,,,,,,,,,,,N,,,,,,,,,,,N,,,,,,,,,,,N,,,,,,,,,,,N,,,
21,C,,,,,,,,,N,,,,,,,,,,,N,,,,,,,,,,,N,,,,,,,,,,,N,,,,,,,,,,,N,,,,,,,,,,,N,,,,,,,,,,,N,,,,,,,,,,,N,,,,,,,,,,,N,,,,,,,,,,,N,,,
21,D,,,,,,,,,N,,,,,,,,,,,N,,,,,,,,,,,N,,,,,,,,,,,N,,,,,,,,,,,N,,,,,,,,,,,N,,,,,,,,,,,N,,,,,,,,,,,N,,,,,,,,,,,N,,,,,,,,,,,N,,,
22,1,,,,,,,,,N,,,,,,,,,,,N,,,,,,,,,,,N,,,,,,,,,,,N,,,,,,,,,,,N,,,,,,,,,,,N,,,,,,,,,,,N,,,,,,,,,,,N,,,,,,,,,,,N,,,,,,,,,,,N,,,
22,2,,,,,,,,,N,,,,,,,,,,,N,,,,,,,,,,,N,,,,,,,,,,,N,,,,,,,,,,,N,,,,,,,,,,,N,,,,,,,,,,,N,,,,,,,,,,,N,,,,,,,,,,,N,,,,,,,,,,,N,,,
22,3,,,,,,,,,N,,,,,,,,,,,N,,,,,,,,,,,N,,,,,,,,,,,N,,,,,,,,,,,N,,,,,,,,,,,N,,,,,,,,,,,N,,,,,,,,,,,N,,,,,,,,,,,N,,,,,,,,,,,N,,,
22,4,,,,,,,,,N,,,,,,,,,,,N,,,,,,,,,,,N,,,,,,,,,,,N,,,,,,,,,,,N,,,,,,,,,,,N,,,,,,,,,,,N,,,,,,,,,,,N,,,,,,,,,,,N,,,,,,,,,,,N,,,
22,A,,,,,,,,,N,,,,,,,,,,,N,,,,,,,,,,,N,,,,,,,,,,,N,,,,,,,,,,,N,,,,,,,,,,,N,,,,,,,,,,,N,,,,,,,,,,,N,,,,,,,,,,,N,,,,,,,,,,,N,,,
22,B,,,,,,,,,N,,,,,,,,,,,N,,,,,,,,,,,N,,,,,,,,,,,N,,,,,,,,,,,N,,,,,,,,,,,N,,,,,,,,,,,N,,,,,,,,,,,N,,,,,,,,,,,N,,,,,,,,,,,N,,,
22,C,,,,,,,,,N,,,,,,,,,,,N,,,,,,,,,,,N,,,,,,,,,,,N,,,,,,,,,,,N,,,,,,,,,,,N,,,,,,,,,,,N,,,,,,,,,,,N,,,,,,,,,,,N,,,,,,,,,,,N,,,
22,D,,,,,,,,,N,,,,,,,,,,,N,,,,,,,,,,,N,,,,,,,,,,,N,,,,,,,,,,,N,,,,,,,,,,,N,,,,,,,,,,,N,,,,,,,,,,,N,,,,,,,,,,,N,,,,,,,,,,,N,,,
23,1,,,,,,,,,N,,,,,,,,,,,N,,,,,,,,,,,N,,,,,,,,,,,N,,,,,,,,,,,N,,,,,,,,,,,N,,,,,,,,,,,N,,,,,,,,,,,N,,,,,,,,,,,N,,,,,,,,,,,N,,,
23,2,,,,,,,,,N,,,,,,,,,,,N,,,,,,,,,,,N,,,,,,,,,,,N,,,,,,,,,,,N,,,,,,,,,,,N,,,,,,,,,,,N,,,,,,,,,,,N,,,,,,,,,,,N,,,,,,,,,,,N,,,
23,3,,,,,,,,,N,,,,,,,,,,,N,,,,,,,,,,,N,,,,,,,,,,,N,,,,,,,,,,,N,,,,,,,,,,,N,,,,,,,,,,,N,,,,,,,,,,,N,,,,,,,,,,,N,,,,,,,,,,,N,,,
23,4,,,,,,,,,N,,,,,,,,,,,N,,,,,,,,,,,N,,,,,,,,,,,N,,,,,,,,,,,N,,,,,,,,,,,N,,,,,,,,,,,N,,,,,,,,,,,N,,,,,,,,,,,N,,,,,,,,,,,N,,,
23,A,,,,,,,,,N,,,,,,,,,,,N,,,,,,,,,,,N,,,,,,,,,,,N,,,,,,,,,,,N,,,,,,,,,,,N,,,,,,,,,,,N,,,,,,,,,,,N,,,,,,,,,,,N,,,,,,,,,,,N,,,
23,B,,,,,,,,,N,,,,,,,,,,,N,,,,,,,,,,,N,,,,,,,,,,,N,,,,,,,,,,,N,,,,,,,,,,,N,,,,,,,,,,,N,,,,,,,,,,,N,,,,,,,,,,,N,,,,,,,,,,,N,,,
23,C,,,,,,,,,N,,,,,,,,,,,N,,,,,,,,,,,N,,,,,,,,,,,N,,,,,,,,,,,N,,,,,,,,,,,N,,,,,,,,,,,N,,,,,,,,,,,N,,,,,,,,,,,N,,,,,,,,,,,N,,,
23,D,,,,,,,,,N,,,,,,,,,,,N,,,,,,,,,,,N,,,,,,,,,,,N,,,,,,,,,,,N,,,,,,,,,,,N,,,,,,,,,,,N,,,,,,,,,,,N,,,,,,,,,,,N,,,,,,,,,,,N,,,
24,1,,,,,,,,,N,,,,,,,,,,,N,,,,,,,,,,,N,,,,,,,,,,,N,,,,,,,,,,,N,,,,,,,,,,,N,,,,,,,,,,,N,,,,,,,,,,,N,,,,,,,,,,,N,,,,,,,,,,,N,,,
24,2,,,,,,,,,N,,,,,,,,,,,N,,,,,,,,,,,N,,,,,,,,,,,N,,,,,,,,,,,N,,,,,,,,,,,N,,,,,,,,,,,N,,,,,,,,,,,N,,,,,,,,,,,N,,,,,,,,,,,N,,,
24,3,,,,,,,,,N,,,,,,,,,,,N,,,,,,,,,,,N,,,,,,,,,,,N,,,,,,,,,,,N,,,,,,,,,,,N,,,,,,,,,,,N,,,,,,,,,,,N,,,,,,,,,,,N,,,,,,,,,,,N,,,
24,4,,,,,,,,,N,,,,,,,,,,,N,,,,,,,,,,,N,,,,,,,,,,,N,,,,,,,,,,,N,,,,,,,,,,,N,,,,,,,,,,,N,,,,,,,,,,,N,,,,,,,,,,,N,,,,,,,,,,,N,,,
24,A,,,,,,,,,N,,,,,,,,,,,N,,,,,,,,,,,N,,,,,,,,,,,N,,,,,,,,,,,N,,,,,,,,,,,N,,,,,,,,,,,N,,,,,,,,,,,N,,,,,,,,,,,N,,,,,,,,,,,N,,,
24,B,,,,,,,,,N,,,,,,,,,,,N,,,,,,,,,,,N,,,,,,,,,,,N,,,,,,,,,,,N,,,,,,,,,,,N,,,,,,,,,,,N,,,,,,,,,,,N,,,,,,,,,,,N,,,,,,,,,,,N,,,
24,C,,,,,,,,,N,,,,,,,,,,,N,,,,,,,,,,,N,,,,,,,,,,,N,,,,,,,,,,,N,,,,,,,,,,,N,,,,,,,,,,,N,,,,,,,,,,,N,,,,,,,,,,,N,,,,,,,,,,,N,,,
24,D,,,,,,,,,N,,,,,,,,,,,N,,,,,,,,,,,N,,,,,,,,,,,N,,,,,,,,,,,N,,,,,,,,,,,N,,,,,,,,,,,N,,,,,,,,,,,N,,,,,,,,,,,N,,,,,,,,,,,N,,,
25,1,,,,,,,,,N,,,,,,,,,,,N,,,,,,,,,,,N,,,,,,,,,,,N,,,,,,,,,,,N,,,,,,,,,,,N,,,,,,,,,,,N,,,,,,,,,,,N,,,,,,,,,,,N,,,,,,,,,,,N,,,
25,2,,,,,,,,,N,,,,,,,,,,,N,,,,,,,,,,,N,,,,,,,,,,,N,,,,,,,,,,,N,,,,,,,,,,,N,,,,,,,,,,,N,,,,,,,,,,,N,,,,,,,,,,,N,,,,,,,,,,,N,,,
25,3,,,,,,,,,N,,,,,,,,,,,N,,,,,,,,,,,N,,,,,,,,,,,N,,,,,,,,,,,N,,,,,,,,,,,N,,,,,,,,,,,N,,,,,,,,,,,N,,,,,,,,,,,N,,,,,,,,,,,N,,,
25,4,,,,,,,,,N,,,,,,,,,,,N,,,,,,,,,,,N,,,,,,,,,,,N,,,,,,,,,,,N,,,,,,,,,,,N,,,,,,,,,,,N,,,,,,,,,,,N,,,,,,,,,,,N,,,,,,,,,,,N,,,
25,A,,,,,,,,,N,,,,,,,,,,,N,,,,,,,,,,,N,,,,,,,,,,,N,,,,,,,,,,,N,,,,,,,,,,,N,,,,,,,,,,,N,,,,,,,,,,,N,,,,,,,,,,,N,,,,,,,,,,,N,,,
25,B,,,,,,,,,N,,,,,,,,,,,N,,,,,,,,,,,N,,,,,,,,,,,N,,,,,,,,,,,N,,,,,,,,,,,N,,,,,,,,,,,N,,,,,,,,,,,N,,,,,,,,,,,N,,,,,,,,,,,N,,,
25,C,,,,,,,,,N,,,,,,,,,,,N,,,,,,,,,,,N,,,,,,,,,,,N,,,,,,,,,,,N,,,,,,,,,,,N,,,,,,,,,,,N,,,,,,,,,,,N,,,,,,,,,,,N,,,,,,,,,,,N,,,
25,D,,,,,,,,,N,,,,,,,,,,,N,,,,,,,,,,,N,,,,,,,,,,,N,,,,,,,,,,,N,,,,,,,,,,,N,,,,,,,,,,,N,,,,,,,,,,,N,,,,,,,,,,,N,,,,,,,,,,,N,,,
26,1,,,,,,,,,N,,,,,,,,,,,N,,,,,,,,,,,N,,,,,,,,,,,N,,,,,,,,,,,N,,,,,,,,,,,N,,,,,,,,,,,N,,,,,,,,,,,N,,,,,,,,,,,N,,,,,,,,,,,N,,,
26,2,,,,,,,,,N,,,,,,,,,,,N,,,,,,,,,,,N,,,,,,,,,,,N,,,,,,,,,,,N,,,,,,,,,,,N,,,,,,,,,,,N,,,,,,,,,,,N,,,,,,,,,,,N,,,,,,,,,,,N,,,
26,3,,,,,,,,,N,,,,,,,,,,,N,,,,,,,,,,,N,,,,,,,,,,,N,,,,,,,,,,,N,,,,,,,,,,,N,,,,,,,,,,,N,,,,,,,,,,,N,,,,,,,,,,,N,,,,,,,,,,,N,,,
26,4,,,,,,,,,N,,,,,,,,,,,N,,,,,,,,,,,N,,,,,,,,,,,N,,,,,,,,,,,N,,,,,,,,,,,N,,,,,,,,,,,N,,,,,,,,,,,N,,,,,,,,,,,N,,,,,,,,,,,N,,,
26,A,,,,,,,,,N,,,,,,,,,,,N,,,,,,,,,,,N,,,,,,,,,,,N,,,,,,,,,,,N,,,,,,,,,,,N,,,,,,,,,,,N,,,,,,,,,,,N,,,,,,,,,,,N,,,,,,,,,,,N,,,
26,B,,,,,,,,,N,,,,,,,,,,,N,,,,,,,,,,,N,,,,,,,,,,,N,,,,,,,,,,,N,,,,,,,,,,,N,,,,,,,,,,,N,,,,,,,,,,,N,,,,,,,,,,,N,,,,,,,,,,,N,,,
26,C,,,,,,,,,N,,,,,,,,,,,N,,,,,,,,,,,N,,,,,,,,,,,N,,,,,,,,,,,N,,,,,,,,,,,N,,,,,,,,,,,N,,,,,,,,,,,N,,,,,,,,,,,N,,,,,,,,,,,N,,,
26,D,,,,,,,,,N,,,,,,,,,,,N,,,,,,,,,,,N,,,,,,,,,,,N,,,,,,,,,,,N,,,,,,,,,,,N,,,,,,,,,,,N,,,,,,,,,,,N,,,,,,,,,,,N,,,,,,,,,,,N,,,
27,1,,,,,,,,,N,,,,,,,,,,,N,,,,,,,,,,,N,,,,,,,,,,,N,,,,,,,,,,,N,,,,,,,,,,,N,,,,,,,,,,,N,,,,,,,,,,,N,,,,,,,,,,,N,,,,,,,,,,,N,,,
27,2,,,,,,,,,N,,,,,,,,,,,N,,,,,,,,,,,N,,,,,,,,,,,N,,,,,,,,,,,N,,,,,,,,,,,N,,,,,,,,,,,N,,,,,,,,,,,N,,,,,,,,,,,N,,,,,,,,,,,N,,,
27,3,,,,,,,,,N,,,,,,,,,,,N,,,,,,,,,,,N,,,,,,,,,,,N,,,,,,,,,,,N,,,,,,,,,,,N,,,,,,,,,,,N,,,,,,,,,,,N,,,,,,,,,,,N,,,,,,,,,,,N,,,
27,4,,,,,,,,,N,,,,,,,,,,,N,,,,,,,,,,,N,,,,,,,,,,,N,,,,,,,,,,,N,,,,,,,,,,,N,,,,,,,,,,,N,,,,,,,,,,,N,,,,,,,,,,,N,,,,,,,,,,,N,,,
27,A,,,,,,,,,N,,,,,,,,,,,N,,,,,,,,,,,N,,,,,,,,,,,N,,,,,,,,,,,N,,,,,,,,,,,N,,,,,,,,,,,N,,,,,,,,,,,N,,,,,,,,,,,N,,,,,,,,,,,N,,,
27,B,,,,,,,,,N,,,,,,,,,,,N,,,,,,,,,,,N,,,,,,,,,,,N,,,,,,,,,,,N,,,,,,,,,,,N,,,,,,,,,,,N,,,,,,,,,,,N,,,,,,,,,,,N,,,,,,,,,,,N,,,
27,C,,,,,,,,,N,,,,,,,,,,,N,,,,,,,,,,,N,,,,,,,,,,,N,,,,,,,,,,,N,,,,,,,,,,,N,,,,,,,,,,,N,,,,,,,,,,,N,,,,,,,,,,,N,,,,,,,,,,,N,,,
27,D,,,,,,,,,N,,,,,,,,,,,N,,,,,,,,,,,N,,,,,,,,,,,N,,,,,,,,,,,N,,,,,,,,,,,N,,,,,,,,,,,N,,,,,,,,,,,N,,,,,,,,,,,N,,,,,,,,,,,N,,,
28,1,,,,,,,,,N,,,,,,,,,,,N,,,,,,,,,,,N,,,,,,,,,,,N,,,,,,,,,,,N,,,,,,,,,,,N,,,,,,,,,,,N,,,,,,,,,,,N,,,,,,,,,,,N,,,,,,,,,,,N,,,
28,2,,,,,,,,,N,,,,,,,,,,,N,,,,,,,,,,,N,,,,,,,,,,,N,,,,,,,,,,,N,,,,,,,,,,,N,,,,,,,,,,,N,,,,,,,,,,,N,,,,,,,,,,,N,,,,,,,,,,,N,,,
28,3,,,,,,,,,N,,,,,,,,,,,N,,,,,,,,,,,N,,,,,,,,,,,N,,,,,,,,,,,N,,,,,,,,,,,N,,,,,,,,,,,N,,,,,,,,,,,N,,,,,,,,,,,N,,,,,,,,,,,N,,,
28,4,,,,,,,,,N,,,,,,,,,,,N,,,,,,,,,,,N,,,,,,,,,,,N,,,,,,,,,,,N,,,,,,,,,,,N,,,,,,,,,,,N,,,,,,,,,,,N,,,,,,,,,,,N,,,,,,,,,,,N,,,
28,A,,,,,,,,,N,,,,,,,,,,,N,,,,,,,,,,,N,,,,,,,,,,,N,,,,,,,,,,,N,,,,,,,,,,,N,,,,,,,,,,,N,,,,,,,,,,,N,,,,,,,,,,,N,,,,,,,,,,,N,,,
28,B,,,,,,,,,N,,,,,,,,,,,N,,,,,,,,,,,N,,,,,,,,,,,N,,,,,,,,,,,N,,,,,,,,,,,N,,,,,,,,,,,N,,,,,,,,,,,N,,,,,,,,,,,N,,,,,,,,,,,N,,,
28,C,,,,,,,,,N,,,,,,,,,,,N,,,,,,,,,,,N,,,,,,,,,,,N,,,,,,,,,,,N,,,,,,,,,,,N,,,,,,,,,,,N,,,,,,,,,,,N,,,,,,,,,,,N,,,,,,,,,,,N,,,
28,D,,,,,,,,,N,,,,,,,,,,,N,,,,,,,,,,,N,,,,,,,,,,,N,,,,,,,,,,,N,,,,,,,,,,,N,,,,,,,,,,,N,,,,,,,,,,,N,,,,,,,,,,,N,,,,,,,,,,,N,,,
29,1,,,,,,,,,N,,,,,,,,,,,N,,,,,,,,,,,N,,,,,,,,,,,N,,,,,,,,,,,N,,,,,,,,,,,N,,,,,,,,,,,N,,,,,,,,,,,N,,,,,,,,,,,N,,,,,,,,,,,N,,,
29,2,,,,,,,,,N,,,,,,,,,,,N,,,,,,,,,,,N,,,,,,,,,,,N,,,,,,,,,,,N,,,,,,,,,,,N,,,,,,,,,,,N,,,,,,,,,,,N,,,,,,,,,,,N,,,,,,,,,,,N,,,
29,3,,,,,,,,,N,,,,,,,,,,,N,,,,,,,,,,,N,,,,,,,,,,,N,,,,,,,,,,,N,,,,,,,,,,,N,,,,,,,,,,,N,,,,,,,,,,,N,,,,,,,,,,,N,,,,,,,,,,,N,,,
29,4,,,,,,,,,N,,,,,,,,,,,N,,,,,,,,,,,N,,,,,,,,,,,N,,,,,,,,,,,N,,,,,,,,,,,N,,,,,,,,,,,N,,,,,,,,,,,N,,,,,,,,,,,N,,,,,,,,,,,N,,,
29,A,,,,,,,,,N,,,,,,,,,,,N,,,,,,,,,,,N,,,,,,,,,,,N,,,,,,,,,,,N,,,,,,,,,,,N,,,,,,,,,,,N,,,,,,,,,,,N,,,,,,,,,,,N,,,,,,,,,,,N,,,
29,B,,,,,,,,,N,,,,,,,,,,,N,,,,,,,,,,,N,,,,,,,,,,,N,,,,,,,,,,,N,,,,,,,,,,,N,,,,,,,,,,,N,,,,,,,,,,,N,,,,,,,,,,,N,,,,,,,,,,,N,,,
29,C,,,,,,,,,N,,,,,,,,,,,N,,,,,,,,,,,N,,,,,,,,,,,N,,,,,,,,,,,N,,,,,,,,,,,N,,,,,,,,,,,N,,,,,,,,,,,N,,,,,,,,,,,N,,,,,,,,,,,N,,,
29,D,,,,,,,,,N,,,,,,,,,,,N,,,,,,,,,,,N,,,,,,,,,,,N,,,,,,,,,,,N,,,,,,,,,,,N,,,,,,,,,,,N,,,,,,,,,,,N,,,,,,,,,,,N,,,,,,,,,,,N,,,
30,1,,,,,,,,,N,,,,,,,,,,,N,,,,,,,,,,,N,,,,,,,,,,,N,,,,,,,,,,,N,,,,,,,,,,,N,,,,,,,,,,,N,,,,,,,,,,,N,,,,,,,,,,,N,,,,,,,,,,,N,,,
30,2,,,,,,,,,N,,,,,,,,,,,N,,,,,,,,,,,N,,,,,,,,,,,N,,,,,,,,,,,N,,,,,,,,,,,N,,,,,,,,,,,N,,,,,,,,,,,N,,,,,,,,,,,N,,,,,,,,,,,N,,,
30,3,,,,,,,,,N,,,,,,,,,,,N,,,,,,,,,,,N,,,,,,,,,,,N,,,,,,,,,,,N,,,,,,,,,,,N,,,,,,,,,,,N,,,,,,,,,,,N,,,,,,,,,,,N,,,,,,,,,,,N,,,
30,4,,,,,,,,,N,,,,,,,,,,,N,,,,,,,,,,,N,,,,,,,,,,,N,,,,,,,,,,,N,,,,,,,,,,,N,,,,,,,,,,,N,,,,,,,,,,,N,,,,,,,,,,,N,,,,,,,,,,,N,,,
30,A,,,,,,,,,N,,,,,,,,,,,N,,,,,,,,,,,N,,,,,,,,,,,N,,,,,,,,,,,N,,,,,,,,,,,N,,,,,,,,,,,N,,,,,,,,,,,N,,,,,,,,,,,N,,,,,,,,,,,N,,,
30,B,,,,,,,,,N,,,,,,,,,,,N,,,,,,,,,,,N,,,,,,,,,,,N,,,,,,,,,,,N,,,,,,,,,,,N,,,,,,,,,,,N,,,,,,,,,,,N,,,,,,,,,,,N,,,,,,,,,,,N,,,
30,C,,,,,,,,,N,,,,,,,,,,,N,,,,,,,,,,,N,,,,,,,,,,,N,,,,,,,,,,,N,,,,,,,,,,,N,,,,,,,,,,,N,,,,,,,,,,,N,,,,,,,,,,,N,,,,,,,,,,,N,,,
30,D,,,,,,,,,N,,,,,,,,,,,N,,,,,,,,,,,N,,,,,,,,,,,N,,,,,,,,,,,N,,,,,,,,,,,N,,,,,,,,,,,N,,,,,,,,,,,N,,,,,,,,,,,N,,,,,,,,,,,N,,,
31,1,,,,,,,,,N,,,,,,,,,,,N,,,,,,,,,,,N,,,,,,,,,,,N,,,,,,,,,,,N,,,,,,,,,,,N,,,,,,,,,,,N,,,,,,,,,,,N,,,,,,,,,,,N,,,,,,,,,,,N,,,
31,2,,,,,,,,,N,,,,,,,,,,,N,,,,,,,,,,,N,,,,,,,,,,,N,,,,,,,,,,,N,,,,,,,,,,,N,,,,,,,,,,,N,,,,,,,,,,,N,,,,,,,,,,,N,,,,,,,,,,,N,,,
31,3,,,,,,,,,N,,,,,,,,,,,N,,,,,,,,,,,N,,,,,,,,,,,N,,,,,,,,,,,N,,,,,,,,,,,N,,,,,,,,,,,N,,,,,,,,,,,N,,,,,,,,,,,N,,,,,,,,,,,N,,,
31,4,,,,,,,,,N,,,,,,,,,,,N,,,,,,,,,,,N,,,,,,,,,,,N,,,,,,,,,,,N,,,,,,,,,,,N,,,,,,,,,,,N,,,,,,,,,,,N,,,,,,,,,,,N,,,,,,,,,,,N,,,
31,A,,,,,,,,,N,,,,,,,,,,,N,,,,,,,,,,,N,,,,,,,,,,,N,,,,,,,,,,,N,,,,,,,,,,,N,,,,,,,,,,,N,,,,,,,,,,,N,,,,,,,,,,,N,,,,,,,,,,,N,,,
31,B,,,,,,,,,N,,,,,,,,,,,N,,,,,,,,,,,N,,,,,,,,,,,N,,,,,,,,,,,N,,,,,,,,,,,N,,,,,,,,,,,N,,,,,,,,,,,N,,,,,,,,,,,N,,,,,,,,,,,N,,,
31,C,,,,,,,,,N,,,,,,,,,,,N,,,,,,,,,,,N,,,,,,,,,,,N,,,,,,,,,,,N,,,,,,,,,,,N,,,,,,,,,,,N,,,,,,,,,,,N,,,,,,,,,,,N,,,,,,,,,,,N,,,
31,D,,,,,,,,,N,,,,,,,,,,,N,,,,,,,,,,,N,,,,,,,,,,,N,,,,,,,,,,,N,,,,,,,,,,,N,,,,,,,,,,,N,,,,,,,,,,,N,,,,,,,,,,,N,,,,,,,,,,,N,,,
,,,,,,,,,,,,,,,,,,,,,,,,,,,,,,,,,,,,,,,,,,,,,,,,,,
* Expression_Settings,,,,,,,,,,,,,,,,,,,,,,,,,,,,,,,,,,,,,,,,,,,,,,,,,,
Pedal,Min_ADC,Max_ADC,Curve,Invert,Channel,Toe_Button,Heel_Button,Toe_Level,Heel_Level,Out_Min,Out_Max,Auto_Button,Auto_Off_ms,Output,Send_On_Bank
1,100,3900,Linear,N,Global,None,None,120,7,0,127,None,500,CC,N
2,100,3900,Linear,N,Global,None,None,120,7,0,127,None,500,CC,N
,,,,,,,,,,,,,,,,,,,,,,,,,,,,,,,,,,,,,,,,,,,,,,,,,,
* BankEnter_Settings,,,,,,,,,,,,,,,,,,,,,,,,,,,,,,,,,,,,,,,,,,,,,,,,,,
Bank_Number,A_CommandType,A_Channel_(PC/CC/Note/PB),A_Number_(PC/CC/Note),A_OnValue_(CC/PB),A_OffValue_(CC),A_BankSelect_(PC),A_BankSelectHighByte_(PC),A_Toggle_(CC/PB/Note),A_Velocity_(Note),A_Duration_(Note/PB),A_KeyMode_(Key),B_CommandType,B_Channel_(PC/CC/Note/PB),B_Number_(PC/CC/Note),B_OnValue_(CC/PB),B_OffValue_(CC),B_BankSelect_(PC),B_BankSelectHighByte_(PC),B_Toggle_(CC/PB/Note),B_Velocity_(Note),B_Duration_(Note/PB),B_KeyMode_(Key),C_CommandType,C_Channel_(PC/CC/Note/PB),C_Number_(PC/CC/Note),C_OnValue_(CC/PB),C_OffValue_(CC),C_BankSelect_(PC),C_BankSelectHighByte_(PC),C_Toggle_(CC/PB/Note),C_Velocity_(Note),C_Duration_(Note/PB),C_KeyMode_(Key),D_CommandType,D_Channel_(PC/CC/Note/PB),D_Number_(PC/CC/Note),D_OnValue_(CC/PB),D_OffValue_(CC),D_BankSelect_(PC),D_BankSelectHighByte_(PC),D_Toggle_(CC/PB/Note),D_Velocity_(Note),D_Duration_(Note/PB),D_KeyMode_(Key),E_CommandType,E_Channel_(PC/CC/Note/PB),E_Number_(PC/CC/Note),E_OnValue_(CC/PB),E_OffValue_(CC),E_BankSelect_(PC),E_BankSelectHighByte_(PC),E_Toggle_(CC/PB/Note),E_Velocity_(Note),E_Duration_(Note/PB),E_KeyMode_(Key),F_CommandType,F_Channel_(PC/CC/Note/PB),F_Number_(PC/CC/Note),F_OnValue_(CC/PB),F_OffValue_(CC),F_BankSelect_(PC),F_BankSelectHighByte_(PC),F_Toggle_(CC/PB/Note),F_Velocity_(Note),F_Duration_(Note/PB),F_KeyMode_(Key),G_CommandType,G_Channel_(PC/CC/Note/PB),G_Number_(PC/CC/Note),G_OnValue_(CC/PB),G_OffValue_(CC),G_BankSelect_(PC),G_BankSelectHighByte_(PC),G_Toggle_(CC/PB/Note),G_Velocity_(Note),G_Duration_(Note/PB),G_KeyMode_(Key),H_CommandType,H_Channel_(PC/CC/Note/PB),H_Number_(PC/CC/Note),H_OnValue_(CC/PB),H_OffValue_(CC),H_BankSelect_(PC),H_BankSelectHighByte_(PC),H_Toggle_(CC/PB/Note),H_Velocity_(Note),H_Duration_(Note/PB),H_KeyMode_(Key),I_CommandType,I_Channel_(PC/CC/Note/PB),I_Number_(PC/CC/Note),I_OnValue_(CC/PB),I_OffValue_(CC),I_BankSelect_(PC),I_BankSelectHighByte_(PC),I_Toggle_(CC/PB/Note),I_Velocity_(Note),I_Duration_(Note/PB),I_KeyMode_(Key),J_CommandType,J_Channel_(PC/CC/Note/PB),J_Number_(PC/CC/Note),J_OnValue_(CC/PB),J_OffValue_(CC),J_BankSelect_(PC),J_BankSelectHighByte_(PC),J_Toggle_(CC/PB/Note),J_Velocity_(Note),J_Duration_(Note/PB),J_KeyMode_(Key)
0,PC,1,0,,,,,N,,,,,,,,,,,N,,,,,,,,,,,N,,,,,,,,,,,N,,,,,,,,,,,N,,,,,,,,,,,N,,,,,,,,,,,N,,,,,,,,,,,N,,,,,,,,,,,N,,,,,,,,,,,N,,,
1,PC,1,1,,,,,N,,,,,,,,,,,N,,,,,,,,,,,N,,,,,,,,,,,N,,,,,,,,,,,N,,,,,,,,,,,N,,,,,,,,,,,N,,,,,,,,,,,N,,,,,,,,,,,N,,,,,,,,,,,N,,,
2,PC,1,2,,,,,N,,,,,,,,,,,N,,,,,,,,,,,N,,,,,,,,,,,N,,,,,,,,,,,N,,,,,,,,,,,N,,,,,,,,,,,N,,,,,,,,,,,N,,,,,,,,,,,N,,,,,,,,,,,N,,,
3,PC,1,3,,,,,N,,,,,,,,,,,N,,,,,,,,,,,N,,,,,,,,,,,N,,,,,,,,,,,N,,,,,,,,,,,N,,,,,,,,,,,N,,,,,,,,,,,N,,,,,,,,,,,N,,,,,,,,,,,N,,,
4,PC,1,4,,,,,N,,,,,,,,,,,N,,,,,,,,,,,N,,,,,,,,,,,N,,,,,,,,,,,N,,,,,,,,,,,N,,,,,,,,,,,N,,,,,,,,,,,N,,,,,,,,,,,N,,,,,,,,,,,N,,,
5,PC,1,5,,,,,N,,,,,,,,,,,N,,,,,,,,,,,N,,,,,,,,,,,N,,,,,,,,,,,N,,,,,,,,,,,N,,,,,,,,,,,N,,,,,,,,,,,N,,,,,,,,,,,N,,,,,,,,,,,N,,,
6,PC,1,6,,,,,N,,,,,,,,,,,N,,,,,,,,,,,N,,,,,,,,,,,N,,,,,,,,,,,N,,,,,,,,,,,N,,,,,,,,,,,N,,,,,,,,,,,N,,,,,,,,,,,N,,,,,,,,,,,N,,,
7,PC,1,7,,,,,N,,,,,,,,,,,N,,,,,,,,,,,N,,,,,,,,,,,N,,,,,,,,,,,N,,,,,,,,,,,N,,,,,,,,,,,N,,,,,,,,,,,N,,,,,,,,,,,N,,,,,,,,,,,N,,,
8,PC,1,8,,,,,N,,,,,,,,,,,N,,,,,,,,,,,N,,,,,,,,,,,N,,,,,,,,,,,N,,,,,,,,,,,N,,,,,,,,,,,N,,,,,,,,,,,N,,,,,,,,,,,N,,,,,,,,,,,N,,,
9,PC,1,9,,,,,N,,,,,,,,,,,N,,,,,,,,,,,N,,,,,,,,,,,N,,,,,,,,,,,N,,,,,,,,,,,N,,,,,,,,,,,N,,,,,,,,,,,N,,,,,,,,,,,N,,,,,,,,,,,N,,,
10,PC,1,10,,,,,N,,,,,,,,,,,N,,,,,,,,,,,N,,,,,,,,,,,N,,,,,,,,,,,N,,,,,,,,,,,N,,,,,,,,,,,N,,,,,,,,,,,N,,,,,,,,,,,N,,,,,,,,,,,N,,,
11,PC,1,11,,,,,N,,,,,,,,,,,N,,,,,,,,,,,N,,,,,,,,,,,N,,,,,,,,,,,N,,,,,,,,,,,N,,,,,,,,,,,N,,,,,,,,,,,N,,,,,,,,,,,N,,,,,,,,,,,N,,,
12,PC,1,12,,,,,N,,,,,,,,,,,N,,,,,,,,,,,N,,,,,,,,,,,N,,,,,,,,,,,N,,,,,,,,,,,N,,,,,,,,,,,N,,,,,,,,,,,N,,,,,,,,,,,N,,,,,,,,,,,N,,,
13,PC,1,13,,,,,N,,,,,,,,,,,N,,,,,,,,,,,N,,,,,,,,,,,N,,,,,,,,,,,N,,,,,,,,,,,N,,,,,,,,,,,N,,,,,,,,,,,N,,,,,,,,,,,N,,,,,,,,,,,N,,,
14,PC,1,14,,,,,N,,,,,,,,,,,N,,,,,,,,,,,N,,,,,,,,,,,N,,,,,,,,,,,N,,,,,,,,,,,N,,,,,,,,,,,N,,,,,,,,,,,N,,,,,,,,,,,N,,,,,,,,,,,N,,,
15,PC,1,15,,,,,N,,,,,,,,,,,N,,,,,,,,,,,N,,,,,,,,,,,N,,,,,,,,,,,N,,,,,,,,,,,N,,,,,,,,,,,N,,,,,,,,,,,N,,,,,,,,,,,N,,,,,,,,,,,N,,,
16,PC,1,16,,,,,N,,,,,,,,,,,N,,,,,,,,,,,N,,,,,,,,,,,N,,,,,,,,,,,N,,,,,,,,,,,N,,,,,,,,,,,N,,,,,,,,,,,N,,,,,,,,,,,N,,,,,,,,,,,N,,,
17,PC,1,17,,,,,N,,,,,,,,,,,N,,,,,,,,,,,N,,,,,,,,,,,N,,,,,,,,,,,N,,,,,,,,,,,N,,,,,,,,,,,N,,,,,,,,,,,N,,,,,,,,,,,N,,,,,,,,,,,N,,,
18,PC,1,18,,,,,N,,,,,,,,,,,N,,,,,,,,,,,N,,,,,,,,,,,N,,,,,,,,,,,N,,,,,,,,,,,N,,,,,,,,,,,N,,,,,,,,,,,N,,,,,,,,,,,N,,,,,,,,,,,N,,,
19,PC,1,19,,,,,N,,,,,,,,,,,N,,,,,,,,,,,N,,,,,,,,,,,N,,,,,,,,,,,N,,,,,,,,,,,N,,,,,,,,,,,N,,,,,,,,,,,N,,,,,,,,,,,N,,,,,,,,,,,N,,,
20,PC,1,20,,,,,N,,,,,,,,,,,N,,,,,,,,,,,N,,,,,,,,,,,N,,,,,,,,,,,N,,,,,,,,,,,N,,,,,,,,,,,N,,,,,,,,,,,N,,,,,,,,,,,N,,,,,,,,,,,N,,,
21,PC,1,21,,,,,N,,,,,,,,,,,N,,,,,,,,,,,N,,,,,,,,,,,N,,,,,,,,,,,N,,,,,,,,,,,N,,,,,,,,,,,N,,,,,,,,,,,N,,,,,,,,,,,N,,,,,,,,,,,N,,,
22,PC,1,22,,,,,N,,,,,,,,,,,N,,,,,,,,,,,N,,,,,,,,,,,N,,,,,,,,,,,N,,,,,,,,,,,N,,,,,,,,,,,N,,,,,,,,,,,N,,,,,,,,,,,N,,,,,,,,,,,N,,,
23,PC,1,23,,,,,N,,,,,,,,,,,N,,,,,,,,,,,N,,,,,,,,,,,N,,,,,,,,,,,N,,,,,,,,,,,N,,,,,,,,,,,N,,,,,,,,,,,N,,,,,,,,,,,N,,,,,,,,,,,N,,,
24,PC,1,24,,,,,N,,,,,,,,,,,N,,,,,,,,,,,N,,,,,,,,,,,N,,,,,,,,,,,N,,,,,,,,,,,N,,,,,,,,,,,N,,,,,,,,,,,N,,,,,,,,,,,N,,,,,,,,,,,N,,,
25,PC,1,25,,,,,N,,,,,,,,,,,N,,,,,,,,,,,N,,,,,,,,,,,N,,,,,,,,,,,N,,,,,,,,,,,N,,,,,,,,,,,N,,,,,,,,,,,N,,,,,,,,,,,N,,,,,,,,,,,N,,,
26,PC,1,26,,,,,N,,,,,,,,,,,N,,,,,,,,,,,N,,,,,,,,,,,N,,,,,,,,,,,N,,,,,,,,,,,N,,,,,,,,,,,N,,,,,,,,,,,N,,,,,,,,,,,N,,,,,,,,,,,N,,,
27,PC,1,27,,,,,N,,,,,,,,,,,N,,,,,,,,,,,N,,,,,,,,,,,N,,,,,,,,,,,N,,,,,,,,,,,N,,,,,,,,,,,N,,,,,,,,,,,N,,,,,,,,,,,N,,,,,,,,,,,N,,,
28,PC,1,28,,,,,N,,,,,,,,,,,N,,,,,,,,,,,N,,,,,,,,,,,N,,,,,,,,,,,N,,,,,,,,,,,N,,,,,,,,,,,N,,,,,,,,,,,N,,,,,,,,,,,N,,,,,,,,,,,N,,,
29,PC,1,29,,,,,N,,,,,,,,,,,N,,,,,,,,,,,N,,,,,,,,,,,N,,,,,,,,,,,N,,,,,,,,,,,N,,,,,,,,,,,N,,,,,,,,,,,N,,,,,,,,,,,N,,,,,,,,,,,N,,,
30,PC,1,30,,,,,N,,,,,,,,,,,N,,,,,,,,,,,N,,,,,,,,,,,N,,,,,,,,,,,N,,,,,,,,,,,N,,,,,,,,,,,N,,,,,,,,,,,N,,,,,,,,,,,N,,,,,,,,,,,N,,,
31,PC,1,31,,,,,N,,,,,,,,,,,N,,,,,,,,,,,N,,,,,,,,,,,N,,,,,,,,,,,N,,,,,,,,,,,N,,,,,,,,,,,N,,,,,,,,,,,N,,,,,,,,,,,N,,,,,,,,,,,N,,,
,,,,,,,,,,,,,,,,,,,,,,,,,,,,,,,,,,,,,,,,,,,,,,,,,,
* SysEx_Strings,,,,,,,,,,,,,,,,,,,,,,,,,,,,,,,,,,,,,,,,,,,,,,,,,,
Index,Bytes
0,
1,
2,
3,
4,
5,
6,
7,
8,
9,
10,
11,
12,
13,
14,
15,
,,,,,,,,,,,,,,,,,,,,,,,,,,,,,,,,,,,,,,,,,,,,,,,,,,
* BankSwitch_Settings,,,,,,,,,,,,,,,,,,,,,,,,,,,,,,,,,,,,,,,,,,,,,,,,,,
Switch,Press,A_CommandType,A_Channel_(PC/CC/Note/PB),A_Number_(PC/CC/Note),A_OnValue_(CC/PB),A_OffValue_(CC),A_BankSelect_(PC),A_BankSelectHighByte_(PC),A_Toggle_(CC/PB/Note),A_Velocity_(Note),A_Duration_(Note/PB),A_KeyMode_(Key),B_CommandType,B_Channel_(PC/CC/Note/PB),B_Number_(PC/CC/Note),B_OnValue_(CC/PB),B_OffValue_(CC),B_BankSelect_(PC),B_BankSelectHighByte_(PC),B_Toggle_(CC/PB/Note),B_Velocity_(Note),B_Duration_(Note/PB),B_KeyMode_(Key),C_CommandType,C_Channel_(PC/CC/Note/PB),C_Number_(PC/CC/Note),C_OnValue_(CC/PB),C_OffValue_(CC),C_BankSelect_(PC),C_BankSelectHighByte_(PC),C_Toggle_(CC/PB/Note),C_Velocity_(Note),C_Duration_(Note/PB),C_KeyMode_(Key),D_CommandType,D_Channel_(PC/CC/Note/PB),D_Number_(PC/CC/Note),D_OnValue_(CC/PB),D_OffValue_(CC),D_BankSelect_(PC),D_BankSelectHighByte_(PC),D_Toggle_(CC/PB/Note),D_Velocity_(Note),D_Duration_(Note/PB),D_KeyMode_(Key),E_CommandType,E_Channel_(PC/CC/Note/PB),E_Number_(PC/CC/Note),E_OnValue_(CC/PB),E_OffValue_(CC),E_BankSelect_(PC),E_BankSelectHighByte_(PC),E_Toggle_(CC/PB/Note),E_Velocity_(Note),E_Duration_(Note/PB),E_KeyMode_(Key),F_CommandType,F_Channel_(PC/CC/Note/PB),F_Number_(PC/CC/Note),F_OnValue_(CC/PB),F_OffValue_(CC),F_BankSelect_(PC),F_BankSelectHighByte_(PC),F_Toggle_(CC/PB/Note),F_Velocity_(Note),F_Duration_(Note/PB),F_KeyMode_(Key),G_CommandType,G_Channel_(PC/CC/Note/PB),G_Number_(PC/CC/Note),G_OnValue_(CC/PB),G_OffValue_(CC),G_BankSelect_(PC),G_BankSelectHighByte_(PC),G_Toggle_(CC/PB/Note),G_Velocity_(Note),G_Duration_(Note/PB),G_KeyMode_(Key),H_CommandType,H_Channel_(PC/CC/Note/PB),H_Number_(PC/CC/Note),H_OnValue_(CC/PB),H_OffValue_(CC),H_BankSelect_(PC),H_BankSelectHighByte_(PC),H_Toggle_(CC/PB/Note),H_Velocity_(Note),H_Duration_(Note/PB),H_KeyMode_(Key),I_CommandType,I_Channel_(PC/CC/Note/PB),I_Number_(PC/CC/Note),I_OnValue_(CC/PB),I_OffValue_(CC),I_BankSelect_(PC),I_BankSelectHighByte_(PC),I_Toggle_(CC/PB/Note),I_Velocity_(Note),I_Duration_(Note/PB),I_KeyMode_(Key),J_CommandType,J_Channel_(PC/CC/Note/PB),J_Number_(PC/CC/Note),J_OnValue_(CC/PB),J_OffValue_(CC),J_BankSelect_(PC),J_BankSelectHighByte_(PC),J_Toggle_(CC/PB/Note),J_Velocity_(Note),J_Duration_(Note/PB),J_KeyMode_(Key)
Down,Short,,,,,,,,N,,,,,,,,,,,N,,,,,,,,,,,N,,,,,,,,,,,N,,,,,,,,,,,N,,,,,,,,,,,N,,,,,,,,,,,N,,,,,,,,,,,N,,,,,,,,,,,N,,,,,,,,,,,N,,,
Down,Long,,,,,,,,N,,,,,,,,,,,N,,,,,,,,,,,N,,,,,,,,,,,N,,,,,,,,,,,N,,,,,,,,,,,N,,,,,,,,,,,N,,,,,,,,,,,N,,,,,,,,,,,N,,,,,,,,,,,N,,,
Up,Short,,,,,,,,N,,,,,,,,,,,N,,,,,,,,,,,N,,,,,,,,,,,N,,,,,,,,,,,N,,,,,,,,,,,N,,,,,,,,,,,N,,,,,,,,,,,N,,,,,,,,,,,N,,,,,,,,,,,N,,,
Up,Long,,,,,,,,N,,,,,,,,,,,N,,,,,,,,,,,N,,,,,,,,,,,N,,,,,,,,,,,N,,,,,,,,,,,N,,,,,,,,,,,N,,,,,,,,,,,N,,,,,,,,,,,N,,,,,,,,,,,N,,,
,,,,,,,,,,,,,,,,,,,,,,,,,,,,,,,,,,,,,,,,,,,,,,,,,,
* BankExpression_Settings,,,,,,,,,,,,,,,,,,,,,,,,,,,,,,,,,,,,,,,,,,,,,,,,,,
Bank_Number,Exp1_CC,Exp1_Channel,Exp1_Min,Exp1_Max,Exp2_CC,Exp2_Channel,Exp2_Min,Exp2_Max
0,,,,,,,,
1,,,,,,,,
2,,,,,,,,
3,,,,,,,,
4,,,,,,,,
5,,,,,,,,
6,,,,,,,,
7,,,,,,,,
8,,,,,,,,
9,,,,,,,,
10,,,,,,,,
11,,,,,,,,
12,,,,,,,,
13,,,,,,,,
14,,,,,,,,
15,,,,,,,,
16,,,,,,,,
17,,,,,,,,
18,,,,,,,,
19,,,,,,,,
20,,,,,,,,
21,,,,,,,,
22,,,,,,,,
23,,,,,,,,
24,,,,,,,,
25,,,,,,,,
26,,,,,,,,
27,,,,,,,,
28,,,,,,,,
29,,,,,,,,
30,,,,,,,,
31,,,,,,,,
