# Notes,,,,,,,,,,,,,,,,,,,,,,,,,,,,,,,,,,,,,,,,,,,,,,,,,,
# Fractal Audio FM3 template, generated by make_fm3_template.py,,,,,,,,,,,,,,,,,,,,,,,,,,,,,,,,,,,,,,,,,,,,,,,,,,
#,,,,,,,,,,,,,,,,,,,,,,,,,,,,,,,,,,,,,,,,,,,,,,,,,,
* Global_Settings,,,,,,,,,,,,,,,,,,,,,,,,,,,,,,,,,,,,,,,,,,,,,,,,,,
Label,Value
MIDI_Channel,1
ConfigName,FM3
Exp1_CC,16
Exp2_CC,17
Bank_Up_LED_Mode,Normal
Bank_Down_LED_Mode,Normal
RealTime_Passthrough,N
USB_MIDI_Thru,N
Remember_State,N
Long_Press_ms,500
LED_Brightness,100
LED_Rest_Brightness,25
Bank_Jump_Step,10
Bank_Switch_Mode,Bank
,,,,,,,,,,,,,,,,,,,,,,,,,,,,,,,,,,,,,,,,,,,,,,,,,,
* Bank_Naming,,,,,,,,,,,,,,,,,,,,,,,,,,,,,,,,,,,,,,,,,,,,,,,,,,
Bank_Number,Bank_Name_Large,Bank_Info_Small
0,P000,FM3 prst
1,P001,FM3 prst
2,P002,FM3 prst
3,P003,FM3 prst
4,P004,FM3 prst
5,P005,FM3 prst
6,P006,FM3 prst
7,P007,FM3 prst
8,P008,FM3 prst
9,P009,FM3 prst
10,P010,FM3 prst
11,P011,FM3 prst
12,P012,FM3 prst
13,P013,FM3 prst
14,P014,FM3 prst
15,P015,FM3 prst
16,P016,FM3 prst
17,P017,FM3 prst
18,P018,FM3 prst
19,P019,FM3 prst
20,P020,FM3 prst
21,P021,FM3 prst
22,P022,FM3 prst
23,P023,FM3 prst
24,P024,FM3 prst
25,P025,FM3 prst
26,P026,FM3 prst
27,P027,FM3 prst
28,P028,FM3 prst
29,P029,FM3 prst
30,LOOP,looper
31,FX,bypass
,,,,,,,,,,,,,,,,,,,,,,,,,,,,,,,,,,,,,,,,,,,,,,,,,,
* Button_Settings,,,,,,,,,,,,,,,,,,,,,,,,,,,,,,,,,,,,,,,,,,,,,,,,,,
Bank_Number,Button_Identifier,Label,A_CommandType,A_Channel_(PC/CC/Note/PB),A_Number_(PC/CC/Note),A_OnValue_(CC/PB),A_OffValue_(CC),A_BankSelect_(PC),A_BankSelectHighByte_(PC),A_Toggle_(CC/PB/Note),A_Velocity_(Note),A_Duration_(Note/PB),B_CommandType,B_Channel_(PC/CC/Note/PB),B_Number_(PC/CC/Note),B_OnValue_(CC/PB),B_OffValue_(CC),B_BankSelect_(PC),B_BankSelectHighByte_(PC),B_Toggle_(CC/PB/Note),B_Velocity_(Note),B_Duration_(Note/PB),C_CommandType,C_Channel_(PC/CC/Note/PB),C_Number_(PC/CC/Note),C_OnValue_(CC/PB),C_OffValue_(CC),C_BankSelect_(PC),C_BankSelectHighByte_(PC),C_Toggle_(CC/PB/Note),C_Velocity_(Note),C_Duration_(Note/PB),D_CommandType,D_Channel_(PC/CC/Note/PB),D_Number_(PC/CC/Note),D_OnValue_(CC/PB),D_OffValue_(CC),D_BankSelect_(PC),D_BankSelectHighByte_(PC),D_Toggle_(CC/PB/Note),D_Velocity_(Note),D_Duration_(Note/PB),E_CommandType,E_Channel_(PC/CC/Note/PB),E_Number_(PC/CC/Note),E_OnValue_(CC/PB),E_OffValue_(CC),E_BankSelect_(PC),E_BankSelectHighByte_(PC),E_Toggle_(CC/PB/Note),E_Velocity_(Note),E_Duration_(Note/PB),F_CommandType,F_Channel_(PC/CC/Note/PB),F_Number_(PC/CC/Note),F_OnValue_(CC/PB),F_OffValue_(CC),F_BankSelect_(PC),F_BankSelectHighByte_(PC),F_Toggle_(CC/PB/Note),F_Velocity_(Note),F_Duration_(Note/PB),G_CommandType,G_Channel_(PC/CC/Note/PB),G_Number_(PC/CC/Note),G_OnValue_(CC/PB),G_OffValue_(CC),G_BankSelect_(PC),G_BankSelectHighByte_(PC),G_Toggle_(CC/PB/Note),G_Velocity_(Note),G_Duration_(Note/PB),H_CommandType,H_Channel_(PC/CC/Note/PB),H_Number_(PC/CC/Note),H_OnValue_(CC/PB),H_OffValue_(CC),H_BankSelect_(PC),H_BankSelectHighByte_(PC),H_Toggle_(CC/PB/Note),H_Velocity_(Note),H_Duration_(Note/PB),I_CommandType,I_Channel_(PC/CC/Note/PB),I_Number_(PC/CC/Note),I_OnValue_(CC/PB),I_OffValue_(CC),I_BankSelect_(PC),I_BankSelectHighByte_(PC),I_Toggle_(CC/PB/Note),I_Velocity_(Note),I_Duration_(Note/PB),J_CommandType,J_Channel_(PC/CC/Note/PB),J_Number_(PC/CC/Note),J_OnValue_(CC/PB),J_OffValue_(CC),J_BankSelect_(PC),J_BankSelectHighByte_(PC),J_Toggle_(CC/PB/Note),J_Velocity_(Note),J_Duration_(Note/PB),Light_Mode,Group,A_KeyMode_(Key),B_KeyMode_(Key),C_KeyMode_(Key),D_KeyMode_(Key),E_KeyMode_(Key),F_KeyMode_(Key),G_KeyMode_(Key),H_KeyMode_(Key),I_KeyMode_(Key),J_KeyMode_(Key)
0,1,SCN1,CC,1,34,0,128,,,Y,,,,,,,,,,N,,,,,,,,,,N,,,,,,,,,,N,,,,,,,,,,N,,,,,,,,,,N,,,,,,,,,,N,,,,,,,,,,N,,,,,,,,,,N,,,,,,,,,,N,,,Normal,1,,,,,,,,,,
0,2,SCN2,CC,1,34,1,128,,,Y,,,,,,,,,,N,,,,,,,,,,N,,,,,,,,,,N,,,,,,,,,,N,,,,,,,,,,N,,,,,,,,,,N,,,,,,,,,,N,,,,,,,,,,N,,,,,,,,,,N,,,Normal,1,,,,,,,,,,
0,3,SCN3,CC,1,34,2,128,,,Y,,,,,,,,,,N,,,,,,,,,,N,,,,,,,,,,N,,,,,,,,,,N,,,,,,,,,,N,,,,,,,,,,N,,,,,,,,,,N,,,,,,,,,,N,,,,,,,,,,N,,,Normal,1,,,,,,,,,,
0,4,SCN4,CC,1,34,3,128,,,Y,,,,,,,,,,N,,,,,,,,,,N,,,,,,,,,,N,,,,,,,,,,N,,,,,,,,,,N,,,,,,,,,,N,,,,,,,,,,N,,,,,,,,,,N,,,,,,,,,,N,,,Normal,1,,,,,,,,,,
0,A,SCN5,CC,1,34,4,128,,,Y,,,,,,,,,,N,,,,,,,,,,N,,,,,,,,,,N,,,,,,,,,,N,,,,,,,,,,N,,,,,,,,,,N,,,,,,,,,,N,,,,,,,,,,N,,,,,,,,,,N,,,Normal,1,,,,,,,,,,
0,B,SCN6,CC,1,34,5,128,,,Y,,,,,,,,,,N,,,,,,,,,,N,,,,,,,,,,N,,,,,,,,,,N,,,,,,,,,,N,,,,,,,,,,N,,,,,,,,,,N,,,,,,,,,,N,,,,,,,,,,N,,,Normal,1,,,,,,,,,,
0,C,TUNR,CC,1,15,127,0,,,Y,,,,,,,,,,N,,,,,,,,,,N,,,,,,,,,,N,,,,,,,,,,N,,,,,,,,,,N,,,,,,,,,,N,,,,,,,,,,N,,,,,,,,,,N,,,,,,,,,,N,,,Normal,,,,,,,,,,,
0,D,TAP,CC,1,14,127,128,,,N,,,,,,,,,,N,,,,,,,,,,N,,,,,,,,,,N,,,,,,,,,,N,,,,,,,,,,N,,,,,,,,,,N,,,,,,,,,,N,,,,,,,,,,N,,,,,,,,,,N,,,Normal,,,,,,,,,,,
1,1,SCN1,CC,1,34,0,128,,,Y,,,,,,,,,,N,,,,,,,,,,N,,,,,,,,,,N,,,,,,,,,,N,,,,,,,,,,N,,,,,,,,,,N,,,,,,,,,,N,,,,,,,,,,N,,,,,,,,,,N,,,Normal,1,,,,,,,,,,
1,2,SCN2,CC,1,34,1,128,,,Y,,,,,,,,,,N,,,,,,,,,,N,,,,,,,,,,N,,,,,,,,,,N,,,,,,,,,,N,,,,,,,,,,N,,,,,,,,,,N,,,,,,,,,,N,,,,,,,,,,N,,,Normal,1,,,,,,,,,,
1,3,SCN3,CC,1,34,2,128,,,Y,,,,,,,,,,N,,,,,,,,,,N,,,,,,,,,,N,,,,,,,,,,N,,,,,,,,,,N,,,,,,,,,,N,,,,,,,,,,N,,,,,,,,,,N,,,,,,,,,,N,,,Normal,1,,,,,,,,,,
1,4,SCN4,CC,1,34,3,128,,,Y,,,,,,,,,,N,,,,,,,,,,N,,,,,,,,,,N,,,,,,,,,,N,,,,,,,,,,N,,,,,,,,,,N,,,,,,,,,,N,,,,,,,,,,N,,,,,,,,,,N,,,Normal,1,,,,,,,,,,
1,A,SCN5,CC,1,34,4,128,,,Y,,,,,,,,,,N,,,,,,,,,,N,,,,,,,,,,N,,,,,,,,,,N,,,,,,,,,,N,,,,,,,,,,N,,,,,,,,,,N,,,,,,,,,,N,,,,,,,,,,N,,,Normal,1,,,,,,,,,,
1,B,SCN6,CC,1,34,5,128,,,Y,,,,,,,,,,N,,,,,,,,,,N,,,,,,,,,,N,,,,,,,,,,N,,,,,,,,,,N,,,,,,,,,,N,,,,,,,,,,N,,,,,,,,,,N,,,,,,,,,,N,,,Normal,1,,,,,,,,,,
1,C,TUNR,CC,1,15,127,0,,,Y,,,,,,,,,,N,,,,,,,,,,N,,,,,,,,,,N,,,,,,,,,,N,,,,,,,,,,N,,,,,,,,,,N,,,,,,,,,,N,,,,,,,,,,N,,,,,,,,,,N,,,Normal,,,,,,,,,,,
1,D,TAP,CC,1,14,127,128,,,N,,,,,,,,,,N,,,,,,,,,,N,,,,,,,,,,N,,,,,,,,,,N,,,,,,,,,,N,,,,,,,,,,N,,,,,,,,,,N,,,,,,,,,,N,,,,,,,,,,N,,,Normal,,,,,,,,,,,
2,1,SCN1,CC,1,34,0,128,,,Y,,,,,,,,,,N,,,,,,,,,,N,,,,,,,,,,N,,,,,,,,,,N,,,,,,,,,,N,,,,,,,,,,N,,,,,,,,,,N,,,,,,,,,,N,,,,,,,,,,N,,,Normal,1,,,,,,,,,,
2,2,SCN2,CC,1,34,1,128,,,Y,,,,,,,,,,N,,,,,,,,,,N,,,,,,,,,,N,,,,,,,,,,N,,,,,,,,,,N,,,,,,,,,,N,,,,,,,,,,N,,,,,,,,,,N,,,,,,,,,,N,,,Normal,1,,,,,,,,,,
2,3,SCN3,CC,1,34,2,128,,,Y,,,,,,,,,,N,,,,,,,,,,N,,,,,,,,,,N,,,,,,,,,,N,,,,,,,,,,N,,,,,,,,,,N,,,,,,,,,,N,,,,,,,,,,N,,,,,,,,,,N,,,Normal,1,,,,,,,,,,
2,4,SCN4,CC,1,34,3,128,,,Y,,,,,,,,,,N,,,,,,,,,,N,,,,,,,,,,N,,,,,,,,,,N,,,,,,,,,,N,,,,,,,,,,N,,,,,,,,,,N,,,,,,,,,,N,,,,,,,,,,N,,,Normal,1,,,,,,,,,,
2,A,SCN5,CC,1,34,4,128,,,Y,,,,,,,,,,N,,,,,,,,,,N,,,,,,,,,,N,,,,,,,,,,N,,,,,,,,,,N,,,,,,,,,,N,,,,,,,,,,N,,,,,,,,,,N,,,,,,,,,,N,,,Normal,1,,,,,,,,,,
2,B,SCN6,CC,1,34,5,128,,,Y,,,,,,,,,,N,,,,,,,,,,N,,,,,,,,,,N,,,,,,,,,,N,,,,,,,,,,N,,,,,,,,,,N,,,,,,,,,,N,,,,,,,,,,N,,,,,,,,,,N,,,Normal,1,,,,,,,,,,
2,C,TUNR,CC,1,15,127,0,,,Y,,,,,,,,,,N,,,,,,,,,,N,,,,,,,,,,N,,,,,,,,,,N,,,,,,,,,,N,,,,,,,,,,N,,,,,,,,,,N,,,,,,,,,,N,,,,,,,,,,N,,,Normal,,,,,,,,,,,
2,D,TAP,CC,1,14,127,128,,,N,,,,,,,,,,N,,,,,,,,,,N,,,,,,,,,,N,,,,,,,,,,N,,,,,,,,,,N,,,,,,,,,,N,,,,,,,,,,N,,,,,,,,,,N,,,,,,,,,,N,,,Normal,,,,,,,,,,,
3,1,SCN1,CC,1,34,0,128,,,Y,,,,,,,,,,N,,,,,,,,,,N,,,,,,,,,,N,,,,,,,,,,N,,,,,,,,,,N,,,,,,,,,,N,,,,,,,,,,N,,,,,,,,,,N,,,,,,,,,,N,,,Normal,1,,,,,,,,,,
3,2,SCN2,CC,1,34,1,128,,,Y,,,,,,,,,,N,,,,,,,,,,N,,,,,,,,,,N,,,,,,,,,,N,,,,,,,,,,N,,,,,,,,,,N,,,,,,,,,,N,,,,,,,,,,N,,,,,,,,,,N,,,Normal,1,,,,,,,,,,
3,3,SCN3,CC,1,34,2,128,,,Y,,,,,,,,,,N,,,,,,,,,,N,,,,,,,,,,N,,,,,,,,,,N,,,,,,,,,,N,,,,,,,,,,N,,,,,,,,,,N,,,,,,,,,,N,,,,,,,,,,N,,,Normal,1,,,,,,,,,,
3,4,SCN4,CC,1,34,3,128,,,Y,,,,,,,,,,N,,,,,,,,,,N,,,,,,,,,,N,,,,,,,,,,N,,,,,,,,,,N,,,,,,,,,,N,,,,,,,,,,N,,,,,,,,,,N,,,,,,,,,,N,,,Normal,1,,,,,,,,,,
3,A,SCN5,CC,1,34,4,128,,,Y,,,,,,,,,,N,,,,,,,,,,N,,,,,,,,,,N,,,,,,,,,,N,,,,,,,,,,N,,,,,,,,,,N,,,,,,,,,,N,,,,,,,,,,N,,,,,,,,,,N,,,Normal,1,,,,,,,,,,
3,B,SCN6,CC,1,34,5,128,,,Y,,,,,,,,,,N,,,,,,,,,,N,,,,,,,,,,N,,,,,,,,,,N,,,,,,,,,,N,,,,,,,,,,N,,,,,,,,,,N,,,,,,,,,,N,,,,,,,,,,N,,,Normal,1,,,,,,,,,,
3,C,TUNR,CC,1,15,127,0,,,Y,,,,,,,,,,N,,,,,,,,,,N,,,,,,,,,,N,,,,,,,,,,N,,,,,,,,,,N,,,,,,,,,,N,,,,,,,,,,N,,,,,,,,,,N,,,,,,,,,,N,,,Normal,,,,,,,,,,,
3,D,TAP,CC,1,14,127,128,,,N,,,,,,,,,,N,,,,,,,,,,N,,,,,,,,,,N,,,,,,,,,,N,,,,,,,,,,N,,,,,,,,,,N,,,,,,,,,,N,,,,,,,,,,N,,,,,,,,,,N,,,Normal,,,,,,,,,,,
4,1,SCN1,CC,1,34,0,128,,,Y,,,,,,,,,,N,,,,,,,,,,N,,,,,,,,,,N,,,,,,,,,,N,,,,,,,,,,N,,,,,,,,,,N,,,,,,,,,,N,,,,,,,,,,N,,,,,,,,,,N,,,Normal,1,,,,,,,,,,
4,2,SCN2,CC,1,34,1,128,,,Y,,,,,,,,,,N,,,,,,,,,,N,,,,,,,,,,N,,,,,,,,,,N,,,,,,,,,,N,,,,,,,,,,N,,,,,,,,,,N,,,,,,,,,,N,,,,,,,,,,N,,,Normal,1,,,,,,,,,,
4,3,SCN3,CC,1,34,2,128,,,Y,,,,,,,,,,N,,,,,,,,,,N,,,,,,,,,,N,,,,,,,,,,N,,,,,,,,,,N,,,,,,,,,,N,,,,,,,,,,N,,,,,,,,,,N,,,,,,,,,,N,,,Normal,1,,,,,,,,,,
4,4,SCN4,CC,1,34,3,128,,,Y,,,,,,,,,,N,,,,,,,,,,N,,,,,,,,,,N,,,,,,,,,,N,,,,,,,,,,N,,,,,,,,,,N,,,,,,,,,,N,,,,,,,,,,N,,,,,,,,,,N,,,Normal,1,,,,,,,,,,
4,A,SCN5,CC,1,34,4,128,,,Y,,,,,,,,,,N,,,,,,,,,,N,,,,,,,,,,N,,,,,,,,,,N,,,,,,,,,,N,,,,,,,,,,N,,,,,,,,,,N,,,,,,,,,,N,,,,,,,,,,N,,,Normal,1,,,,,,,,,,
4,B,SCN6,CC,1,34,5,128,,,Y,,,,,,,,,,N,,,,,,,,,,N,,,,,,,,,,N,,,,,,,,,,N,,,,,,,,,,N,,,,,,,,,,N,,,,,,,,,,N,,,,,,,,,,N,,,,,,,,,,N,,,Normal,1,,,,,,,,,,
4,C,TUNR,CC,1,15,127,0,,,Y,,,,,,,,,,N,,,,,,,,,,N,,,,,,,,,,N,,,,,,,,,,N,,,,,,,,,,N,,,,,,,,,,N,,,,,,,,,,N,,,,,,,,,,N,,,,,,,,,,N,,,Normal,,,,,,,,,,,
4,D,TAP,CC,1,14,127,128,,,N,,,,,,,,,,N,,,,,,,,,,N,,,,,,,,,,N,,,,,,,,,,N,,,,,,,,,,N,,,,,,,,,,N,,,,,,,,,,N,,,,,,,,,,N,,,,,,,,,,N,,,Normal,,,,,,,,,,,
5,1,SCN1,CC,1,34,0,128,,,Y,,,,,,,,,,N,,,,,,,,,,N,,,,,,,,,,N,,,,,,,,,,N,,,,,,,,,,N,,,,,,,,,,N,,,,,,,,,,N,,,,,,,,,,N,,,,,,,,,,N,,,Normal,1,,,,,,,,,,
5,2,SCN2,CC,1,34,1,128,,,Y,,,,,,,,,,N,,,,,,,,,,N,,,,,,,,,,N,,,,,,,,,,N,,,,,,,,,,N,,,,,,,,,,N,,,,,,,,,,N,,,,,,,,,,N,,,,,,,,,,N,,,Normal,1,,,,,,,,,,
5,3,SCN3,CC,1,34,2,128,,,Y,,,,,,,,,,N,,,,,,,,,,N,,,,,,,,,,N,,,,,,,,,,N,,,,,,,,,,N,,,,,,,,,,N,,,,,,,,,,N,,,,,,,,,,N,,,,,,,,,,N,,,Normal,1,,,,,,,,,,
5,4,SCN4,CC,1,34,3,128,,,Y,,,,,,,,,,N,,,,,,,,,,N,,,,,,,,,,N,,,,,,,,,,N,,,,,,,,,,N,,,,,,,,,,N,,,,,,,,,,N,,,,,,,,,,N,,,,,,,,,,N,,,Normal,1,,,,,,,,,,
5,A,SCN5,CC,1,34,4,128,,,Y,,,,,,,,,,N,,,,,,,,,,N,,,,,,,,,,N,,,,,,,,,,N,,,,,,,,,,N,,,,,,,,,,N,,,,,,,,,,N,,,,,,,,,,N,,,,,,,,,,N,,,Normal,1,,,,,,,,,,
5,B,SCN6,CC,1,34,5,128,,,Y,,,,,,,,,,N,,,,,,,,,,N,,,,,,,,,,N,,,,,,,,,,N,,,,,,,,,,N,,,,,,,,,,N,,,,,,,,,,N,,,,,,,,,,N,,,,,,,,,,N,,,Normal,1,,,,,,,,,,
5,C,TUNR,CC,1,15,127,0,,,Y,,,,,,,,,,N,,,,,,,,,,N,,,,,,,,,,N,,,,,,,,,,N,,,,,,,,,,N,,,,,,,,,,N,,,,,,,,,,N,,,,,,,,,,N,,,,,,,,,,N,,,Normal,,,,,,,,,,,
5,D,TAP,CC,1,14,127,128,,,N,,,,,,,,,,N,,,,,,,,,,N,,,,,,,,,,N,,,,,,,,,,N,,,,,,,,,,N,,,,,,,,,,N,,,,,,,,,,N,,,,,,,,,,N,,,,,,,,,,N,,,Normal,,,,,,,,,,,
6,1,SCN1,CC,1,34,0,128,,,Y,,,,,,,,,,N,,,,,,,,,,N,,,,,,,,,,N,,,,,,,,,,N,,,,,,,,,,N,,,,,,,,,,N,,,,,,,,,,N,,,,,,,,,,N,,,,,,,,,,N,,,Normal,1,,,,,,,,,,
6,2,SCN2,CC,1,34,1,128,,,Y,,,,,,,,,,N,,,,,,,,,,N,,,,,,,,,,N,,,,,,,,,,N,,,,,,,,,,N,,,,,,,,,,N,,,,,,,,,,N,,,,,,,,,,N,,,,,,,,,,N,,,Normal,1,,,,,,,,,,
6,3,SCN3,CC,1,34,2,128,,,Y,,,,,,,,,,N,,,,,,,,,,N,,,,,,,,,,N,,,,,,,,,,N,,,,,,,,,,N,,,,,,,,,,N,,,,,,,,,,N,,,,,,,,,,N,,,,,,,,,,N,,,Normal,1,,,,,,,,,,
6,4,SCN4,CC,1,34,3,128,,,Y,,,,,,,,,,N,,,,,,,,,,N,,,,,,,,,,N,,,,,,,,,,N,,,,,,,,,,N,,,,,,,,,,N,,,,,,,,,,N,,,,,,,,,,N,,,,,,,,,,N,,,Normal,1,,,,,,,,,,
6,A,SCN5,CC,1,34,4,128,,,Y,,,,,,,,,,N,,,,,,,,,,N,,,,,,,,,,N,,,,,,,,,,N,,,,,,,,,,N,,,,,,,,,,N,,,,,,,,,,N,,,,,,,,,,N,,,,,,,,,,N,,,Normal,1,,,,,,,,,,
6,B,SCN6,CC,1,34,5,128,,,Y,,,,,,,,,,N,,,,,,,,,,N,,,,,,,,,,N,,,,,,,,,,N,,,,,,,,,,N,,,,,,,,,,N,,,,,,,,,,N,,,,,,,,,,N,,,,,,,,,,N,,,Normal,1,,,,,,,,,,
6,C,TUNR,CC,1,15,127,0,,,Y,,,,,,,,,,N,,,,,,,,,,N,,,,,,,,,,N,,,,,,,,,,N,,,,,,,,,,N,,,,,,,,,,N,,,,,,,,,,N,,,,,,,,,,N,,,,,,,,,,N,,,Normal,,,,,,,,,,,
6,D,TAP,CC,1,14,127,128,,,N,,,,,,,,,,N,,,,,,,,,,N,,,,,,,,,,N,,,,,,,,,,N,,,,,,,,,,N,,,,,,,,,,N,,,,,,,,,,N,,,,,,,,,,N,,,,,,,,,,N,,,Normal,,,,,,,,,,,
7,1,SCN1,CC,1,34,0,128,,,Y,,,,,,,,,,N,,,,,,,,,,N,,,,,,,,,,N,,,,,,,,,,N,,,,,,,,,,N,,,,,,,,,,N,,,,,,,,,,N,,,,,,,,,,N,,,,,,,,,,N,,,Normal,1,,,,,,,,,,
7,2,SCN2,CC,1,34,1,128,,,Y,,,,,,,,,,N,,,,,,,,,,N,,,,,,,,,,N,,,,,,,,,,N,,,,,,,,,,N,,,,,,,,,,N,,,,,,,,,,N,,,,,,,,,,N,,,,,,,,,,N,,,Normal,1,,,,,,,,,,
7,3,SCN3,CC,1,34,2,128,,,Y,,,,,,,,,,N,,,,,,,,,,N,,,,,,,,,,N,,,,,,,,,,N,,,,,,,,,,N,,,,,,,,,,N,,,,,,,,,,N,,,,,,,,,,N,,,,,,,,,,N,,,Normal,1,,,,,,,,,,
7,4,SCN4,CC,1,34,3,128,,,Y,,,,,,,,,,N,,,,,,,,,,N,,,,,,,,,,N,,,,,,,,,,N,,,,,,,,,,N,,,,,,,,,,N,,,,,,,,,,N,,,,,,,,,,N,,,,,,,,,,N,,,Normal,1,,,,,,,,,,
7,A,SCN5,CC,1,34,4,128,,,Y,,,,,,,,,,N,,,,,,,,,,N,,,,,,,,,,N,,,,,,,,,,N,,,,,,,,,,N,,,,,,,,,,N,,,,,,,,,,N,,,,,,,,,,N,,,,,,,,,,N,,,Normal,1,,,,,,,,,,
7,B,SCN6,CC,1,34,5,128,,,Y,,,,,,,,,,N,,,,,,,,,,N,,,,,,,,,,N,,,,,,,,,,N,,,,,,,,,,N,,,,,,,,,,N,,,,,,,,,,N,,,,,,,,,,N,,,,,,,,,,N,,,Normal,1,,,,,,,,,,
7,C,TUNR,CC,1,15,127,0,,,Y,,,,,,,,,,N,,,,,,,,,,N,,,,,,,,,,N,,,,,,,,,,N,,,,,,,,,,N,,,,,,,,,,N,,,,,,,,,,N,,,,,,,,,,N,,,,,,,,,,N,,,Normal,,,,,,,,,,,
7,D,TAP,CC,1,14,127,128,,,N,,,,,,,,,,N,,,,,,,,,,N,,,,,,,,,,N,,,,,,,,,,N,,,,,,,,,,N,,,,,,,,,,N,,,,,,,,,,N,,,,,,,,,,N,,,,,,,,,,N,,,Normal,,,,,,,,,,,
8,1,SCN1,CC,1,34,0,128,,,Y,,,,,,,,,,N,,,,,,,,,,N,,,,,,,,,,N,,,,,,,,,,N,,,,,,,,,,N,,,,,,,,,,N,,,,,,,,,,N,,,,,,,,,,N,,,,,,,,,,N,,,Normal,1,,,,,,,,,,
8,2,SCN2,CC,1,34,1,128,,,Y,,,,,,,,,,N,,,,,,,,,,N,,,,,,,,,,N,,,,,,,,,,N,,,,,,,,,,N,,,,,,,,,,N,,,,,,,,,,N,,,,,,,,,,N,,,,,,,,,,N,,,Normal,1,,,,,,,,,,
8,3,SCN3,CC,1,34,2,128,,,Y,,,,,,,,,,N,,,,,,,,,,N,,,,,,,,,,N,,,,,,,,,,N,,,,,,,,,,N,,,,,,,,,,N,,,,,,,,,,N,,,,,,,,,,N,,,,,,,,,,N,,,Normal,1,,,,,,,,,,
8,4,SCN4,CC,1,34,3,128,,,Y,,,,,,,,,,N,,,,,,,,,,N,,,,,,,,,,N,,,,,,,,,,N,,,,,,,,,,N,,,,,,,,,,N,,,,,,,,,,N,,,,,,,,,,N,,,,,,,,,,N,,,Normal,1,,,,,,,,,,
8,A,SCN5,CC,1,34,4,128,,,Y,,,,,,,,,,N,,,,,,,,,,N,,,,,,,,,,N,,,,,,,,,,N,,,,,,,,,,N,,,,,,,,,,N,,,,,,,,,,N,,,,,,,,,,N,,,,,,,,,,N,,,Normal,1,,,,,,,,,,
8,B,SCN6,CC,1,34,5,128,,,Y,,,,,,,,,,N,,,,,,,,,,N,,,,,,,,,,N,,,,,,,,,,N,,,,,,,,,,N,,,,,,,,,,N,,,,,,,,,,N,,,,,,,,,,N,,,,,,,,,,N,,,Normal,1,,,,,,,,,,
8,C,TUNR,CC,1,15,127,0,,,Y,,,,,,,,,,N,,,,,,,,,,N,,,,,,,,,,N,,,,,,,,,,N,,,,,,,,,,N,,,,,,,,,,N,,,,,,,,,,N,,,,,,,,,,N,,,,,,,,,,N,,,Normal,,,,,,,,,,,
8,D,TAP,CC,1,14,127,128,,,N,,,,,,,,,,N,,,,,,,,,,N,,,,,,,,,,N,,,,,,,,,,N,,,,,,,,,,N,,,,,,,,,,N,,,,,,,,,,N,,,,,,,,,,N,,,,,,,,,,N,,,Normal,,,,,,,,,,,
9,1,SCN1,CC,1,34,0,128,,,Y,,,,,,,,,,N,,,,,,,,,,N,,,,,,,,,,N,,,,,,,,,,N,,,,,,,,,,N,,,,,,,,,,N,,,,,,,,,,N,,,,,,,,,,N,,,,,,,,,,N,,,Normal,1,,,,,,,,,,
9,2,SCN2,CC,1,34,1,128,,,Y,,,,,,,,,,N,,,,,,,,,,N,,,,,,,,,,N,,,,,,,,,,N,,,,,,,,,,N,,,,,,,,,,N,,,,,,,,,,N,,,,,,,,,,N,,,,,,,,,,N,,,Normal,1,,,,,,,,,,
9,3,SCN3,CC,1,34,2,128,,,Y,,,,,,,,,,N,,,,,,,,,,N,,,,,,,,,,N,,,,,,,,,,N,,,,,,,,,,N,,,,,,,,,,N,,,,,,,,,,N,,,,,,,,,,N,,,,,,,,,,N,,,Normal,1,,,,,,,,,,
9,4,SCN4,CC,1,34,3,128,,,Y,,,,,,,,,,N,,,,,,,,,,N,,,,,,,,,,N,,,,,,,,,,N,,,,,,,,,,N,,,,,,,,,,N,,,,,,,,,,N,,,,,,,,,,N,,,,,,,,,,N,,,Normal,1,,,,,,,,,,
9,A,SCN5,CC,1,34,4,128,,,Y,,,,,,,,,,N,,,,,,,,,,N,,,,,,,,,,N,,,,,,,,,,N,,,,,,,,,,N,,,,,,,,,,N,,,,,,,,,,N,,,,,,,,,,N,,,,,,,,,,N,,,Normal,1,,,,,,,,,,
9,B,SCN6,CC,1,34,5,128,,,Y,,,,,,,,,,N,,,,,,,,,,N,,,,,,,,,,N,,,,,,,,,,N,,,,,,,,,,N,,,,,,,,,,N,,,,,,,,,,N,,,,,,,,,,N,,,,,,,,,,N,,,Normal,1,,,,,,,,,,
9,C,TUNR,CC,1,15,127,0,,,Y,,,,,,,,,,N,,,,,,,,,,N,,,,,,,,,,N,,,,,,,,,,N,,,,,,,,,,N,,,,,,,,,,N,,,,,,,,,,N,,,,,,,,,,N,,,,,,,,,,N,,,Normal,,,,,,,,,,,
9,D,TAP,CC,1,14,127,128,,,N,,,,,,,,,,N,,,,,,,,,,N,,,,,,,,,,N,,,,,,,,,,N,,,,,,,,,,N,,,,,,,,,,N,,,,,,,,,,N,,,,,,,,,,N,,,,,,,,,,N,,,Normal,,,,,,,,,,,
10,1,SCN1,CC,1,34,0,128,,,Y,,,,,,,,,,N,,,,,,,,,,N,,,,,,,,,,N,,,,,,,,,,N,,,,,,,,,,N,,,,,,,,,,N,,,,,,,,,,N,,,,,,,,,,N,,,,,,,,,,N,,,Normal,1,,,,,,,,,,
10,2,SCN2,CC,1,34,1,128,,,Y,,,,,,,,,,N,,,,,,,,,,N,,,,,,,,,,N,,,,,,,,,,N,,,,,,,,,,N,,,,,,,,,,N,,,,,,,,,,N,,,,,,,,,,N,,,,,,,,,,N,,,Normal,1,,,,,,,,,,
10,3,SCN3,CC,1,34,2,128,,,Y,,,,,,,,,,N,,,,,,,,,,N,,,,,,,,,,N,,,,,,,,,,N,,,,,,,,,,N,,,,,,,,,,N,,,,,,,,,,N,,,,,,,,,,N,,,,,,,,,,N,,,Normal,1,,,,,,,,,,
10,4,SCN4,CC,1,34,3,128,,,Y,,,,,,,,,,N,,,,,,,,,,N,,,,,,,,,,N,,,,,,,,,,N,,,,,,,,,,N,,,,,,,,,,N,,,,,,,,,,N,,,,,,,,,,N,,,,,,,,,,N,,,Normal,1,,,,,,,,,,
10,A,SCN5,CC,1,34,4,128,,,Y,,,,,,,,,,N,,,,,,,,,,N,,,,,,,,,,N,,,,,,,,,,N,,,,,,,,,,N,,,,,,,,,,N,,,,,,,,,,N,,,,,,,,,,N,,,,,,,,,,N,,,Normal,1,,,,,,,,,,
10,B,SCN6,CC,1,34,5,128,,,Y,,,,,,,,,,N,,,,,,,,,,N,,,,,,,,,,N,,,,,,,,,,N,,,,,,,,,,N,,,,,,,,,,N,,,,,,,,,,N,,,,,,,,,,N,,,,,,,,,,N,,,Normal,1,,,,,,,,,,
10,C,TUNR,CC,1,15,127,0,,,Y,,,,,,,,,,N,,,,,,,,,,N,,,,,,,,,,N,,,,,,,,,,N,,,,,,,,,,N,,,,,,,,,,N,,,,,,,,,,N,,,,,,,,,,N,,,,,,,,,,N,,,Normal,,,,,,,,,,,
10,D,TAP,CC,1,14,127,128,,,N,,,,,,,,,,N,,,,,,,,,,N,,,,,,,,,,N,,,,,,,,,,N,,,,,,,,,,N,,,,,,,,,,N,,,,,,,,,,N,,,,,,,,,,N,,,,,,,,,,N,,,Normal,,,,,,,,,,,
11,1,SCN1,CC,1,34,0,128,,,Y,,,,,,,,,,N,,,,,,,,,,N,,,,,,,,,,N,,,,,,,,,,N,,,,,,,,,,N,,,,,,,,,,N,,,,,,,,,,N,,,,,,,,,,N,,,,,,,,,,N,,,Normal,1,,,,,,,,,,
11,2,SCN2,CC,1,34,1,128,,,Y,,,,,,,,,,N,,,,,,,,,,N,,,,,,,,,,N,,,,,,,,,,N,,,,,,,,,,N,,,,,,,,,,N,,,,,,,,,,N,,,,,,,,,,N,,,,,,,,,,N,,,Normal,1,,,,,,,,,,
11,3,SCN3,CC,1,34,2,128,,,Y,,,,,,,,,,N,,,,,,,,,,N,,,,,,,,,,N,,,,,,,,,,N,,,,,,,,,,N,,,,,,,,,,N,,,,,,,,,,N,,,,,,,,,,N,,,,,,,,,,N,,,Normal,1,,,,,,,,,,
11,4,SCN4,CC,1,34,3,128,,,Y,,,,,,,,,,N,,,,,,,,,,N,,,,,,,,,,N,,,,,,,,,,N,,,,,,,,,,N,,,,,,,,,,N,,,,,,,,,,N,,,,,,,,,,N,,,,,,,,,,N,,,Normal,1,,,,,,,,,,
11,A,SCN5,CC,1,34,4,128,,,Y,,,,,,,,,,N,,,,,,,,,,N,,,,,,,,,,N,,,,,,,,,,N,,,,,,,,,,N,,,,,,,,,,N,,,,,,,,,,N,,,,,,,,,,N,,,,,,,,,,N,,,Normal,1,,,,,,,,,,
11,B,SCN6,CC,1,34,5,128,,,Y,,,,,,,,,,N,,,,,,,,,,N,,,,,,,,,,N,,,,,,,,,,N,,,,,,,,,,N,,,,,,,,,,N,,,,,,,,,,N,,,,,,,,,,N,,,,,,,,,,N,,,Normal,1,,,,,,,,,,
11,C,TUNR,CC,1,15,127,0,,,Y,,,,,,,,,,N,,,,,,,,,,N,,,,,,,,,,N,,,,,,,,,,N,,,,,,,,,,N,,,,,,,,,,N,,,,,,,,,,N,,,,,,,,,,N,,,,,,,,,,N,,,Normal,,,,,,,,,,,
11,D,TAP,CC,1,14,127,128,,,N,,,,,,,,,,N,,,,,,,,,,N,,,,,,,,,,N,,,,,,,,,,N,,,,,,,,,,N,,,,,,,,,,N,,,,,,,,,,N,,,,,,,,,,N,,,,,,,,,,N,,,Normal,,,,,,,,,,,
12,1,SCN1,CC,1,34,0,128,,,Y,,,,,,,,,,N,,,,,,,,,,N,,,,,,,,,,N,,,,,,,,,,N,,,,,,,,,,N,,,,,,,,,,N,,,,,,,,,,N,,,,,,,,,,N,,,,,,,,,,N,,,Normal,1,,,,,,,,,,
12,2,SCN2,CC,1,34,1,128,,,Y,,,,,,,,,,N,,,,,,,,,,N,,,,,,,,,,N,,,,,,,,,,N,,,,,,,,,,N,,,,,,,,,,N,,,,,,,,,,N,,,,,,,,,,N,,,,,,,,,,N,,,Normal,1,,,,,,,,,,
12,3,SCN3,CC,1,34,2,128,,,Y,,,,,,,,,,N,,,,,,,,,,N,,,,,,,,,,N,,,,,,,,,,N,,,,,,,,,,N,,,,,,,,,,N,,,,,,,,,,N,,,,,,,,,,N,,,,,,,,,,N,,,Normal,1,,,,,,,,,,
12,4,SCN4,CC,1,34,3,128,,,Y,,,,,,,,,,N,,,,,,,,,,N,,,,,,,,,,N,,,,,,,,,,N,,,,,,,,,,N,,,,,,,,,,N,,,,,,,,,,N,,,,,,,,,,N,,,,,,,,,,N,,,Normal,1,,,,,,,,,,
12,A,SCN5,CC,1,34,4,128,,,Y,,,,,,,,,,N,,,,,,,,,,N,,,,,,,,,,N,,,,,,,,,,N,,,,,,,,,,N,,,,,,,,,,N,,,,,,,,,,N,,,,,,,,,,N,,,,,,,,,,N,,,Normal,1,,,,,,,,,,
12,B,SCN6,CC,1,34,5,128,,,Y,,,,,,,,,,N,,,,,,,,,,N,,,,,,,,,,N,,,,,,,,,,N,,,,,,,,,,N,,,,,,,,,,N,,,,,,,,,,N,,,,,,,,,,N,,,,,,,,,,N,,,Normal,1,,,,,,,,,,
12,C,TUNR,CC,1,15,127,0,,,Y,,,,,,,,,,N,,,,,,,,,,N,,,,,,,,,,N,,,,,,,,,,N,,,,,,,,,,N,,,,,,,,,,N,,,,,,,,,,N,,,,,,,,,,N,,,,,,,,,,N,,,Normal,,,,,,,,,,,
12,D,TAP,CC,1,14,127,128,,,N,,,,,,,,,,N,,,,,,,,,,N,,,,,,,,,,N,,,,,,,,,,N,,,,,,,,,,N,,,,,,,,,,N,,,,,,,,,,N,,,,,,,,,,N,,,,,,,,,,N,,,Normal,,,,,,,,,,,
13,1,SCN1,CC,1,34,0,128,,,Y,,,,,,,,,,N,,,,,,,,,,N,,,,,,,,,,N,,,,,,,,,,N,,,,,,,,,,N,,,,,,,,,,N,,,,,,,,,,N,,,,,,,,,,N,,,,,,,,,,N,,,Normal,1,,,,,,,,,,
13,2,SCN2,CC,1,34,1,128,,,Y,,,,,,,,,,N,,,,,,,,,,N,,,,,,,,,,N,,,,,,,,,,N,,,,,,,,,,N,,,,,,,,,,N,,,,,,,,,,N,,,,,,,,,,N,,,,,,,,,,N,,,Normal,1,,,,,,,,,,
13,3,SCN3,CC,1,34,2,128,,,Y,,,,,,,,,,N,,,,,,,,,,N,,,,,,,,,,N,,,,,,,,,,N,,,,,,,,,,N,,,,,,,,,,N,,,,,,,,,,N,,,,,,,,,,N,,,,,,,,,,N,,,Normal,1,,,,,,,,,,
13,4,SCN4,CC,1,34,3,128,,,Y,,,,,,,,,,N,,,,,,,,,,N,,,,,,,,,,N,,,,,,,,,,N,,,,,,,,,,N,,,,,,,,,,N,,,,,,,,,,N,,,,,,,,,,N,,,,,,,,,,N,,,Normal,1,,,,,,,,,,
13,A,SCN5,CC,1,34,4,128,,,Y,,,,,,,,,,N,,,,,,,,,,N,,,,,,,,,,N,,,,,,,,,,N,,,,,,,,,,N,,,,,,,,,,N,,,,,,,,,,N,,,,,,,,,,N,,,,,,,,,,N,,,Normal,1,,,,,,,,,,
13,B,SCN6,CC,1,34,5,128,,,Y,,,,,,,,,,N,,,,,,,,,,N,,,,,,,,,,N,,,,,,,,,,N,,,,,,,,,,N,,,,,,,,,,N,,,,,,,,,,N,,,,,,,,,,N,,,,,,,,,,N,,,Normal,1,,,,,,,,,,
13,C,TUNR,CC,1,15,127,0,,,Y,,,,,,,,,,N,,,,,,,,,,N,,,,,,,,,,N,,,,,,,,,,N,,,,,,,,,,N,,,,,,,,,,N,,,,,,,,,,N,,,,,,,,,,N,,,,,,,,,,N,,,Normal,,,,,,,,,,,
13,D,TAP,CC,1,14,127,128,,,N,,,,,,,,,,N,,,,,,,,,,N,,,,,,,,,,N,,,,,,,,,,N,,,,,,,,,,N,,,,,,,,,,N,,,,,,,,,,N,,,,,,,,,,N,,,,,,,,,,N,,,Normal,,,,,,,,,,,
14,1,SCN1,CC,1,34,0,128,,,Y,,,,,,,,,,N,,,,,,,,,,N,,,,,,,,,,N,,,,,,,,,,N,,,,,,,,,,N,,,,,,,,,,N,,,,,,,,,,N,,,,,,,,,,N,,,,,,,,,,N,,,Normal,1,,,,,,,,,,
14,2,SCN2,CC,1,34,1,128,,,Y,,,,,,,,,,N,,,,,,,,,,N,,,,,,,,,,N,,,,,,,,,,N,,,,,,,,,,N,,,,,,,,,,N,,,,,,,,,,N,,,,,,,,,,N,,,,,,,,,,N,,,Normal,1,,,,,,,,,,
14,3,SCN3,CC,1,34,2,128,,,Y,,,,,,,,,,N,,,,,,,,,,N,,,,,,,,,,N,,,,,,,,,,N,,,,,,,,,,N,,,,,,,,,,N,,,,,,,,,,N,,,,,,,,,,N,,,,,,,,,,N,,,Normal,1,,,,,,,,,,
14,4,SCN4,CC,1,34,3,128,,,Y,,,,,,,,,,N,,,,,,,,,,N,,,,,,,,,,N,,,,,,,,,,N,,,,,,,,,,N,,,,,,,,,,N,,,,,,,,,,N,,,,,,,,,,N,,,,,,,,,,N,,,Normal,1,,,,,,,,,,
14,A,SCN5,CC,1,34,4,128,,,Y,,,,,,,,,,N,,,,,,,,,,N,,,,,,,,,,N,,,,,,,,,,N,,,,,,,,,,N,,,,,,,,,,N,,,,,,,,,,N,,,,,,,,,,N,,,,,,,,,,N,,,Normal,1,,,,,,,,,,
14,B,SCN6,CC,1,34,5,128,,,Y,,,,,,,,,,N,,,,,,,,,,N,,,,,,,,,,N,,,,,,,,,,N,,,,,,,,,,N,,,,,,,,,,N,,,,,,,,,,N,,,,,,,,,,N,,,,,,,,,,N,,,Normal,1,,,,,,,,,,
14,C,TUNR,CC,1,15,127,0,,,Y,,,,,,,,,,N,,,,,,,,,,N,,,,,,,,,,N,,,,,,,,,,N,,,,,,,,,,N,,,,,,,,,,N,,,,,,,,,,N,,,,,,,,,,N,,,,,,,,,,N,,,Normal,,,,,,,,,,,
14,D,TAP,CC,1,14,127,128,,,N,,,,,,,,,,N,,,,,,,,,,N,,,,,,,,,,N,,,,,,,,,,N,,,,,,,,,,N,,,,,,,,,,N,,,,,,,,,,N,,,,,,,,,,N,,,,,,,,,,N,,,Normal,,,,,,,,,,,
15,1,SCN1,CC,1,34,0,128,,,Y,,,,,,,,,,N,,,,,,,,,,N,,,,,,,,,,N,,,,,,,,,,N,,,,,,,,,,N,,,,,,,,,,N,,,,,,,,,,N,,,,,,,,,,N,,,,,,,,,,N,,,Normal,1,,,,,,,,,,
15,2,SCN2,CC,1,34,1,128,,,Y,,,,,,,,,,N,,,,,,,,,,N,,,,,,,,,,N,,,,,,,,,,N,,,,,,,,,,N,,,,,,,,,,N,,,,,,,,,,N,,,,,,,,,,N,,,,,,,,,,N,,,Normal,1,,,,,,,,,,
15,3,SCN3,CC,1,34,2,128,,,Y,,,,,,,,,,N,,,,,,,,,,N,,,,,,,,,,N,,,,,,,,,,N,,,,,,,,,,N,,,,,,,,,,N,,,,,,,,,,N,,,,,,,,,,N,,,,,,,,,,N,,,Normal,1,,,,,,,,,,
15,4,SCN4,CC,1,34,3,128,,,Y,,,,,,,,,,N,,,,,,,,,,N,,,,,,,,,,N,,,,,,,,,,N,,,,,,,,,,N,,,,,,,,,,N,,,,,,,,,,N,,,,,,,,,,N,,,,,,,,,,N,,,Normal,1,,,,,,,,,,
15,A,SCN5,CC,1,34,4,128,,,Y,,,,,,,,,,N,,,,,,,,,,N,,,,,,,,,,N,,,,,,,,,,N,,,,,,,,,,N,,,,,,,,,,N,,,,,,,,,,N,,,,,,,,,,N,,,,,,,,,,N,,,Normal,1,,,,,,,,,,
15,B,SCN6,CC,1,34,5,128,,,Y,,,,,,,,,,N,,,,,,,,,,N,,,,,,,,,,N,,,,,,,,,,N,,,,,,,,,,N,,,,,,,,,,N,,,,,,,,,,N,,,,,,,,,,N,,,,,,,,,,N,,,Normal,1,,,,,,,,,,
15,C,TUNR,CC,1,15,127,0,,,Y,,,,,,,,,,N,,,,,,,,,,N,,,,,,,,,,N,,,,,,,,,,N,,,,,,,,,,N,,,,,,,,,,N,,,,,,,,,,N,,,,,,,,,,N,,,,,,,,,,N,,,Normal,,,,,,,,,,,
15,D,TAP,CC,1,14,127,128,,,N,,,,,,,,,,N,,,,,,,,,,N,,,,,,,,,,N,,,,,,,,,,N,,,,,,,,,,N,,,,,,,,,,N,,,,,,,,,,N,,,,,,,,,,N,,,,,,,,,,N,,,Normal,,,,,,,,,,,
16,1,SCN1,CC,1,34,0,128,,,Y,,,,,,,,,,N,,,,,,,,,,N,,,,,,,,,,N,,,,,,,,,,N,,,,,,,,,,N,,,,,,,,,,N,,,,,,,,,,N,,,,,,,,,,N,,,,,,,,,,N,,,Normal,1,,,,,,,,,,
16,2,SCN2,CC,1,34,1,128,,,Y,,,,,,,,,,N,,,,,,,,,,N,,,,,,,,,,N,,,,,,,,,,N,,,,,,,,,,N,,,,,,,,,,N,,,,,,,,,,N,,,,,,,,,,N,,,,,,,,,,N,,,Normal,1,,,,,,,,,,
16,3,SCN3,CC,1,34,2,128,,,Y,,,,,,,,,,N,,,,,,,,,,N,,,,,,,,,,N,,,,,,,,,,N,,,,,,,,,,N,,,,,,,,,,N,,,,,,,,,,N,,,,,,,,,,N,,,,,,,,,,N,,,Normal,1,,,,,,,,,,
16,4,SCN4,CC,1,34,3,128,,,Y,,,,,,,,,,N,,,,,,,,,,N,,,,,,,,,,N,,,,,,,,,,N,,,,,,,,,,N,,,,,,,,,,N,,,,,,,,,,N,,,,,,,,,,N,,,,,,,,,,N,,,Normal,1,,,,,,,,,,
16,A,SCN5,CC,1,34,4,128,,,Y,,,,,,,,,,N,,,,,,,,,,N,,,,,,,,,,N,,,,,,,,,,N,,,,,,,,,,N,,,,,,,,,,N,,,,,,,,,,N,,,,,,,,,,N,,,,,,,,,,N,,,Normal,1,,,,,,,,,,
16,B,SCN6,CC,1,34,5,128,,,Y,,,,,,,,,,N,,,,,,,,,,N,,,,,,,,,,N,,,,,,,,,,N,,,,,,,,,,N,,,,,,,,,,N,,,,,,,,,,N,,,,,,,,,,N,,,,,,,,,,N,,,Normal,1,,,,,,,,,,
16,C,TUNR,CC,1,15,127,0,,,Y,,,,,,,,,,N,,,,,,,,,,N,,,,,,,,,,N,,,,,,,,,,N,,,,,,,,,,N,,,,,,,,,,N,,,,,,,,,,N,,,,,,,,,,N,,,,,,,,,,N,,,Normal,,,,,,,,,,,
16,D,TAP,CC,1,14,127,128,,,N,,,,,,,,,,N,,,,,,,,,,N,,,,,,,,,,N,,,,,,,,,,N,,,,,,,,,,N,,,,,,,,,,N,,,,,,,,,,N,,,,,,,,,,N,,,,,,,,,,N,,,Normal,,,,,,,,,,,
17,1,SCN1,CC,1,34,0,128,,,Y,,,,,,,,,,N,,,,,,,,,,N,,,,,,,,,,N,,,,,,,,,,N,,,,,,,,,,N,,,,,,,,,,N,,,,,,,,,,N,,,,,,,,,,N,,,,,,,,,,N,,,Normal,1,,,,,,,,,,
17,2,SCN2,CC,1,34,1,128,,,Y,,,,,,,,,,N,,,,,,,,,,N,,,,,,,,,,N,,,,,,,,,,N,,,,,,,,,,N,,,,,,,,,,N,,,,,,,,,,N,,,,,,,,,,N,,,,,,,,,,N,,,Normal,1,,,,,,,,,,
17,3,SCN3,CC,1,34,2,128,,,Y,,,,,,,,,,N,,,,,,,,,,N,,,,,,,,,,N,,,,,,,,,,N,,,,,,,,,,N,,,,,,,,,,N,,,,,,,,,,N,,,,,,,,,,N,,,,,,,,,,N,,,Normal,1,,,,,,,,,,
17,4,SCN4,CC,1,34,3,128,,,Y,,,,,,,,,,N,,,,,,,,,,N,,,,,,,,,,N,,,,,,,,,,N,,,,,,,,,,N,,,,,,,,,,N,,,,,,,,,,N,,,,,,,,,,N,,,,,,,,,,N,,,Normal,1,,,,,,,,,,
17,A,SCN5,CC,1,34,4,128,,,Y,,,,,,,,,,N,,,,,,,,,,N,,,,,,,,,,N,,,,,,,,,,N,,,,,,,,,,N,,,,,,,,,,N,,,,,,,,,,N,,,,,,,,,,N,,,,,,,,,,N,,,Normal,1,,,,,,,,,,
17,B,SCN6,CC,1,34,5,128,,,Y,,,,,,,,,,N,,,,,,,,,,N,,,,,,,,,,N,,,,,,,,,,N,,,,,,,,,,N,,,,,,,,,,N,,,,,,,,,,N,,,,,,,,,,N,,,,,,,,,,N,,,Normal,1,,,,,,,,,,
17,C,TUNR,CC,1,15,127,0,,,Y,,,,,,,,,,N,,,,,,,,,,N,,,,,,,,,,N,,,,,,,,,,N,,,,,,,,,,N,,,,,,,,,,N,,,,,,,,,,N,,,,,,,,,,N,,,,,,,,,,N,,,Normal,,,,,,,,,,,
17,D,TAP,CC,1,14,127,128,,,N,,,,,,,,,,N,,,,,,,,,,N,,,,,,,,,,N,,,,,,,,,,N,,,,,,,,,,N,,,,,,,,,,N,,,,,,,,,,N,,,,,,,,,,N,,,,,,,,,,N,,,Normal,,,,,,,,,,,
18,1,SCN1,CC,1,34,0,128,,,Y,,,,,,,,,,N,,,,,,,,,,N,,,,,,,,,,N,,,,,,,,,,N,,,,,,,,,,N,,,,,,,,,,N,,,,,,,,,,N,,,,,,,,,,N,,,,,,,,,,N,,,Normal,1,,,,,,,,,,
18,2,SCN2,CC,1,34,1,128,,,Y,,,,,,,,,,N,,,,,,,,,,N,,,,,,,,,,N,,,,,,,,,,N,,,,,,,,,,N,,,,,,,,,,N,,,,,,,,,,N,,,,,,,,,,N,,,,,,,,,,N,,,Normal,1,,,,,,,,,,
18,3,SCN3,CC,1,34,2,128,,,Y,,,,,,,,,,N,,,,,,,,,,N,,,,,,,,,,N,,,,,,,,,,N,,,,,,,,,,N,,,,,,,,,,N,,,,,,,,,,N,,,,,,,,,,N,,,,,,,,,,N,,,Normal,1,,,,,,,,,,
18,4,SCN4,CC,1,34,3,128,,,Y,,,,,,,,,,N,,,,,,,,,,N,,,,,,,,,,N,,,,,,,,,,N,,,,,,,,,,N,,,,,,,,,,N,,,,,,,,,,N,,,,,,,,,,N,,,,,,,,,,N,,,Normal,1,,,,,,,,,,
18,A,SCN5,CC,1,34,4,128,,,Y,,,,,,,,,,N,,,,,,,,,,N,,,,,,,,,,N,,,,,,,,,,N,,,,,,,,,,N,,,,,,,,,,N,,,,,,,,,,N,,,,,,,,,,N,,,,,,,,,,N,,,Normal,1,,,,,,,,,,
18,B,SCN6,CC,1,34,5,128,,,Y,,,,,,,,,,N,,,,,,,,,,N,,,,,,,,,,N,,,,,,,,,,N,,,,,,,,,,N,,,,,,,,,,N,,,,,,,,,,N,,,,,,,,,,N,,,,,,,,,,N,,,Normal,1,,,,,,,,,,
18,C,TUNR,CC,1,15,127,0,,,Y,,,,,,,,,,N,,,,,,,,,,N,,,,,,,,,,N,,,,,,,,,,N,,,,,,,,,,N,,,,,,,,,,N,,,,,,,,,,N,,,,,,,,,,N,,,,,,,,,,N,,,Normal,,,,,,,,,,,
18,D,TAP,CC,1,14,127,128,,,N,,,,,,,,,,N,,,,,,,,,,N,,,,,,,,,,N,,,,,,,,,,N,,,,,,,,,,N,,,,,,,,,,N,,,,,,,,,,N,,,,,,,,,,N,,,,,,,,,,N,,,Normal,,,,,,,,,,,
19,1,SCN1,CC,1,34,0,128,,,Y,,,,,,,,,,N,,,,,,,,,,N,,,,,,,,,,N,,,,,,,,,,N,,,,,,,,,,N,,,,,,,,,,N,,,,,,,,,,N,,,,,,,,,,N,,,,,,,,,,N,,,Normal,1,,,,,,,,,,
19,2,SCN2,CC,1,34,1,128,,,Y,,,,,,,,,,N,,,,,,,,,,N,,,,,,,,,,N,,,,,,,,,,N,,,,,,,,,,N,,,,,,,,,,N,,,,,,,,,,N,,,,,,,,,,N,,,,,,,,,,N,,,Normal,1,,,,,,,,,,
19,3,SCN3,CC,1,34,2,128,,,Y,,,,,,,,,,N,,,,,,,,,,N,,,,,,,,,,N,,,,,,,,,,N,,,,,,,,,,N,,,,,,,,,,N,,,,,,,,,,N,,,,,,,,,,N,,,,,,,,,,N,,,Normal,1,,,,,,,,,,
19,4,SCN4,CC,1,34,3,128,,,Y,,,,,,,,,,N,,,,,,,,,,N,,,,,,,,,,N,,,,,,,,,,N,,,,,,,,,,N,,,,,,,,,,N,,,,,,,,,,N,,,,,,,,,,N,,,,,,,,,,N,,,Normal,1,,,,,,,,,,
19,A,SCN5,CC,1,34,4,128,,,Y,,,,,,,,,,N,,,,,,,,,,N,,,,,,,,,,N,,,,,,,,,,N,,,,,,,,,,N,,,,,,,,,,N,,,,,,,,,,N,,,,,,,,,,N,,,,,,,,,,N,,,Normal,1,,,,,,,,,,
19,B,SCN6,CC,1,34,5,128,,,Y,,,,,,,,,,N,,,,,,,,,,N,,,,,,,,,,N,,,,,,,,,,N,,,,,,,,,,N,,,,,,,,,,N,,,,,,,,,,N,,,,,,,,,,N,,,,,,,,,,N,,,Normal,1,,,,,,,,,,
19,C,TUNR,CC,1,15,127,0,,,Y,,,,,,,,,,N,,,,,,,,,,N,,,,,,,,,,N,,,,,,,,,,N,,,,,,,,,,N,,,,,,,,,,N,,,,,,,,,,N,,,,,,,,,,N,,,,,,,,,,N,,,Normal,,,,,,,,,,,
19,D,TAP,CC,1,14,127,128,,,N,,,,,,,,,,N,,,,,,,,,,N,,,,,,,,,,N,,,,,,,,,,N,,,,,,,,,,N,,,,,,,,,,N,,,,,,,,,,N,,,,,,,,,,N,,,,,,,,,,N,,,Normal,,,,,,,,,,,
20,1,SCN1,CC,1,34,0,128,,,Y,,,,,,,,,,N,,,,,,,,,,N,,,,,,,,,,N,,,,,,,,,,N,,,,,,,,,,N,,,,,,,,,,N,,,,,,,,,,N,,,,,,,,,,N,,,,,,,,,,N,,,Normal,1,,,,,,,,,,
20,2,SCN2,CC,1,34,1,128,,,Y,,,,,,,,,,N,,,,,,,,,,N,,,,,,,,,,N,,,,,,,,,,N,,,,,,,,,,N,,,,,,,,,,N,,,,,,,,,,N,,,,,,,,,,N,,,,,,,,,,N,,,Normal,1,,,,,,,,,,
20,3,SCN3,CC,1,34,2,128,,,Y,,,,,,,,,,N,,,,,,,,,,N,,,,,,,,,,N,,,,,,,,,,N,,,,,,,,,,N,,,,,,,,,,N,,,,,,,,,,N,,,,,,,,,,N,,,,,,,,,,N,,,Normal,1,,,,,,,,,,
20,4,SCN4,CC,1,34,3,128,,,Y,,,,,,,,,,N,,,,,,,,,,N,,,,,,,,,,N,,,,,,,,,,N,,,,,,,,,,N,,,,,,,,,,N,,,,,,,,,,N,,,,,,,,,,N,,,,,,,,,,N,,,Normal,1,,,,,,,,,,
20,A,SCN5,CC,1,34,4,128,,,Y,,,,,,,,,,N,,,,,,,,,,N,,,,,,,,,,N,,,,,,,,,,N,,,,,,,,,,N,,,,,,,,,,N,,,,,,,,,,N,,,,,,,,,,N,,,,,,,,,,N,,,Normal,1,,,,,,,,,,
20,B,SCN6,CC,1,34,5,128,,,Y,,,,,,,,,,N,,,,,,,,,,N,,,,,,,,,,N,,,,,,,,,,N,,,,,,,,,,N,,,,,,,,,,N,,,,,,,,,,N,,,,,,,,,,N,,,,,,,,,,N,,,Normal,1,,,,,,,,,,
20,C,TUNR,CC,1,15,127,0,,,Y,,,,,,,,,,N,,,,,,,,,,N,,,,,,,,,,N,,,,,,,,,,N,,,,,,,,,,N,,,,,,,,,,N,,,,,,,,,,N,,,,,,,,,,N,,,,,,,,,,N,,,Normal,,,,,,,,,,,
20,D,TAP,CC,1,14,127,128,,,N,,,,,,,,,,N,,,,,,,,,,N,,,,,,,,,,N,,,,,,,,,,N,,,,,,,,,,N,,,,,,,,,,N,,,,,,,,,,N,,,,,,,,,,N,,,,,,,,,,N,,,Normal,,,,,,,,,,,
21,1,SCN1,CC,1,34,0,128,,,Y,,,,,,,,,,N,,,,,,,,,,N,,,,,,,,,,N,,,,,,,,,,N,,,,,,,,,,N,,,,,,,,,,N,,,,,,,,,,N,,,,,,,,,,N,,,,,,,,,,N,,,Normal,1,,,,,,,,,,
21,2,SCN2,CC,1,34,1,128,,,Y,,,,,,,,,,N,,,,,,,,,,N,,,,,,,,,,N,,,,,,,,,,N,,,,,,,,,,N,,,,,,,,,,N,,,,,,,,,,N,,,,,,,,,,N,,,,,,,,,,N,,,Normal,1,,,,,,,,,,
21,3,SCN3,CC,1,34,2,128,,,Y,,,,,,,,,,N,,,,,,,,,,N,,,,,,,,,,N,,,,,,,,,,N,,,,,,,,,,N,,,,,,,,,,N,,,,,,,,,,N,,,,,,,,,,N,,,,,,,,,,N,,,Normal,1,,,,,,,,,,
21,4,SCN4,CC,1,34,3,128,,,Y,,,,,,,,,,N,,,,,,,,,,N,,,,,,,,,,N,,,,,,,,,,N,,,,,,,,,,N,,,,,,,,,,N,,,,,,,,,,N,,,,,,,,,,N,,,,,,,,,,N,,,Normal,1,,,,,,,,,,
21,A,SCN5,CC,1,34,4,128,,,Y,,,,,,,,,,N,,,,,,,,,,N,,,,,,,,,,N,,,,,,,,,,N,,,,,,,,,,N,,,,,,,,,,N,,,,,,,,,,N,,,,,,,,,,N,,,,,,,,,,N,,,Normal,1,,,,,,,,,,
21,B,SCN6,CC,1,34,5,128,,,Y,,,,,,,,,,N,,,,,,,,,,N,,,,,,,,,,N,,,,,,,,,,N,,,,,,,,,,N,,,,,,,,,,N,,,,,,,,,,N,,,,,,,,,,N,,,,,,,,,,N,,,Normal,1,,,,,,,,,,
21,C,TUNR,CC,1,15,127,0,,,Y,,,,,,,,,,N,,,,,,,,,,N,,,,,,,,,,N,,,,,,,,,,N,,,,,,,,,,N,,,,,,,,,,N,,,,,,,,,,N,,,,,,,,,,N,,,,,,,,,,N,,,Normal,,,,,,,,,,,
21,D,TAP,CC,1,14,127,128,,,N,,,,,,,,,,N,,,,,,,,,,N,,,,,,,,,,N,,,,,,,,,,N,,,,,,,,,,N,,,,,,,,,,N,,,,,,,,,,N,,,,,,,,,,N,,,,,,,,,,N,,,Normal,,,,,,,,,,,
22,1,SCN1,CC,1,34,0,128,,,Y,,,,,,,,,,N,,,,,,,,,,N,,,,,,,,,,N,,,,,,,,,,N,,,,,,,,,,N,,,,,,,,,,N,,,,,,,,,,N,,,,,,,,,,N,,,,,,,,,,N,,,Normal,1,,,,,,,,,,
22,2,SCN2,CC,1,34,1,128,,,Y,,,,,,,,,,N,,,,,,,,,,N,,,,,,,,,,N,,,,,,,,,,N,,,,,,,,,,N,,,,,,,,,,N,,,,,,,,,,N,,,,,,,,,,N,,,,,,,,,,N,,,Normal,1,,,,,,,,,,
22,3,SCN3,CC,1,34,2,128,,,Y,,,,,,,,,,N,,,,,,,,,,N,,,,,,,,,,N,,,,,,,,,,N,,,,,,,,,,N,,,,,,,,,,N,,,,,,,,,,N,,,,,,,,,,N,,,,,,,,,,N,,,Normal,1,,,,,,,,,,
22,4,SCN4,CC,1,34,3,128,,,Y,,,,,,,,,,N,,,,,,,,,,N,,,,,,,,,,N,,,,,,,,,,N,,,,,,,,,,N,,,,,,,,,,N,,,,,,,,,,N,,,,,,,,,,N,,,,,,,,,,N,,,Normal,1,,,,,,,,,,
22,A,SCN5,CC,1,34,4,128,,,Y,,,,,,,,,,N,,,,,,,,,,N,,,,,,,,,,N,,,,,,,,,,N,,,,,,,,,,N,,,,,,,,,,N,,,,,,,,,,N,,,,,,,,,,N,,,,,,,,,,N,,,Normal,1,,,,,,,,,,
22,B,SCN6,CC,1,34,5,128,,,Y,,,,,,,,,,N,,,,,,,,,,N,,,,,,,,,,N,,,,,,,,,,N,,,,,,,,,,N,,,,,,,,,,N,,,,,,,,,,N,,,,,,,,,,N,,,,,,,,,,N,,,Normal,1,,,,,,,,,,
22,C,TUNR,CC,1,15,127,0,,,Y,,,,,,,,,,N,,,,,,,,,,N,,,,,,,,,,N,,,,,,,,,,N,,,,,,,,,,N,,,,,,,,,,N,,,,,,,,,,N,,,,,,,,,,N,,,,,,,,,,N,,,Normal,,,,,,,,,,,
22,D,TAP,CC,1,14,127,128,,,N,,,,,,,,,,N,,,,,,,,,,N,,,,,,,,,,N,,,,,,,,,,N,,,,,,,,,,N,,,,,,,,,,N,,,,,,,,,,N,,,,,,,,,,N,,,,,,,,,,N,,,Normal,,,,,,,,,,,
23,1,SCN1,CC,1,34,0,128,,,Y,,,,,,,,,,N,,,,,,,,,,N,,,,,,,,,,N,,,,,,,,,,N,,,,,,,,,,N,,,,,,,,,,N,,,,,,,,,,N,,,,,,,,,,N,,,,,,,,,,N,,,Normal,1,,,,,,,,,,
23,2,SCN2,CC,1,34,1,128,,,Y,,,,,,,,,,N,,,,,,,,,,N,,,,,,,,,,N,,,,,,,,,,N,,,,,,,,,,N,,,,,,,,,,N,,,,,,,,,,N,,,,,,,,,,N,,,,,,,,,,N,,,Normal,1,,,,,,,,,,
23,3,SCN3,CC,1,34,2,128,,,Y,,,,,,,,,,N,,,,,,,,,,N,,,,,,,,,,N,,,,,,,,,,N,,,,,,,,,,N,,,,,,,,,,N,,,,,,,,,,N,,,,,,,,,,N,,,,,,,,,,N,,,Normal,1,,,,,,,,,,
23,4,SCN4,CC,1,34,3,128,,,Y,,,,,,,,,,N,,,,,,,,,,N,,,,,,,,,,N,,,,,,,,,,N,,,,,,,,,,N,,,,,,,,,,N,,,,,,,,,,N,,,,,,,,,,N,,,,,,,,,,N,,,Normal,1,,,,,,,,,,
23,A,SCN5,CC,1,34,4,128,,,Y,,,,,,,,,,N,,,,,,,,,,N,,,,,,,,,,N,,,,,,,,,,N,,,,,,,,,,N,,,,,,,,,,N,,,,,,,,,,N,,,,,,,,,,N,,,,,,,,,,N,,,Normal,1,,,,,,,,,,
23,B,SCN6,CC,1,34,5,128,,,Y,,,,,,,,,,N,,,,,,,,,,N,,,,,,,,,,N,,,,,,,,,,N,,,,,,,,,,N,,,,,,,,,,N,,,,,,,,,,N,,,,,,,,,,N,,,,,,,,,,N,,,Normal,1,,,,,,,,,,
23,C,TUNR,CC,1,15,127,0,,,Y,,,,,,,,,,N,,,,,,,,,,N,,,,,,,,,,N,,,,,,,,,,N,,,,,,,,,,N,,,,,,,,,,N,,,,,,,,,,N,,,,,,,,,,N,,,,,,,,,,N,,,Normal,,,,,,,,,,,
23,D,TAP,CC,1,14,127,128,,,N,,,,,,,,,,N,,,,,,,,,,N,,,,,,,,,,N,,,,,,,,,,N,,,,,,,,,,N,,,,,,,,,,N,,,,,,,,,,N,,,,,,,,,,N,,,,,,,,,,N,,,Normal,,,,,,,,,,,
24,1,SCN1,CC,1,34,0,128,,,Y,,,,,,,,,,N,,,,,,,,,,N,,,,,,,,,,N,,,,,,,,,,N,,,,,,,,,,N,,,,,,,,,,N,,,,,,,,,,N,,,,,,,,,,N,,,,,,,,,,N,,,Normal,1,,,,,,,,,,
24,2,SCN2,CC,1,34,1,128,,,Y,,,,,,,,,,N,,,,,,,,,,N,,,,,,,,,,N,,,,,,,,,,N,,,,,,,,,,N,,,,,,,,,,N,,,,,,,,,,N,,,,,,,,,,N,,,,,,,,,,N,,,Normal,1,,,,,,,,,,
24,3,SCN3,CC,1,34,2,128,,,Y,,,,,,,,,,N,,,,,,,,,,N,,,,,,,,,,N,,,,,,,,,,N,,,,,,,,,,N,,,,,,,,,,N,,,,,,,,,,N,,,,,,,,,,N,,,,,,,,,,N,,,Normal,1,,,,,,,,,,
24,4,SCN4,CC,1,34,3,128,,,Y,,,,,,,,,,N,,,,,,,,,,N,,,,,,,,,,N,,,,,,,,,,N,,,,,,,,,,N,,,,,,,,,,N,,,,,,,,,,N,,,,,,,,,,N,,,,,,,,,,N,,,Normal,1,,,,,,,,,,
24,A,SCN5,CC,1,34,4,128,,,Y,,,,,,,,,,N,,,,,,,,,,N,,,,,,,,,,N,,,,,,,,,,N,,,,,,,,,,N,,,,,,,,,,N,,,,,,,,,,N,,,,,,,,,,N,,,,,,,,,,N,,,Normal,1,,,,,,,,,,
24,B,SCN6,CC,1,34,5,128,,,Y,,,,,,,,,,N,,,,,,,,,,N,,,,,,,,,,N,,,,,,,,,,N,,,,,,,,,,N,,,,,,,,,,N,,,,,,,,,,N,,,,,,,,,,N,,,,,,,,,,N,,,Normal,1,,,,,,,,,,
24,C,TUNR,CC,1,15,127,0,,,Y,,,,,,,,,,N,,,,,,,,,,N,,,,,,,,,,N,,,,,,,,,,N,,,,,,,,,,N,,,,,,,,,,N,,,,,,,,,,N,,,,,,,,,,N,,,,,,,,,,N,,,Normal,,,,,,,,,,,
24,D,TAP,CC,1,14,127,128,,,N,,,,,,,,,,N,,,,,,,,,,N,,,,,,,,,,N,,,,,,,,,,N,,,,,,,,,,N,,,,,,,,,,N,,,,,,,,,,N,,,,,,,,,,N,,,,,,,,,,N,,,Normal,,,,,,,,,,,
25,1,SCN1,CC,1,34,0,128,,,Y,,,,,,,,,,N,,,,,,,,,,N,,,,,,,,,,N,,,,,,,,,,N,,,,,,,,,,N,,,,,,,,,,N,,,,,,,,,,N,,,,,,,,,,N,,,,,,,,,,N,,,Normal,1,,,,,,,,,,
25,2,SCN2,CC,1,34,1,128,,,Y,,,,,,,,,,N,,,,,,,,,,N,,,,,,,,,,N,,,,,,,,,,N,,,,,,,,,,N,,,,,,,,,,N,,,,,,,,,,N,,,,,,,,,,N,,,,,,,,,,N,,,Normal,1,,,,,,,,,,
25,3,SCN3,CC,1,34,2,128,,,Y,,,,,,,,,,N,,,,,,,,,,N,,,,,,,,,,N,,,,,,,,,,N,,,,,,,,,,N,,,,,,,,,,N,,,,,,,,,,N,,,,,,,,,,N,,,,,,,,,,N,,,Normal,1,,,,,,,,,,
25,4,SCN4,CC,1,34,3,128,,,Y,,,,,,,,,,N,,,,,,,,,,N,,,,,,,,,,N,,,,,,,,,,N,,,,,,,,,,N,,,,,,,,,,N,,,,,,,,,,N,,,,,,,,,,N,,,,,,,,,,N,,,Normal,1,,,,,,,,,,
25,A,SCN5,CC,1,34,4,128,,,Y,,,,,,,,,,N,,,,,,,,,,N,,,,,,,,,,N,,,,,,,,,,N,,,,,,,,,,N,,,,,,,,,,N,,,,,,,,,,N,,,,,,,,,,N,,,,,,,,,,N,,,Normal,1,,,,,,,,,,
25,B,SCN6,CC,1,34,5,128,,,Y,,,,,,,,,,N,,,,,,,,,,N,,,,,,,,,,N,,,,,,,,,,N,,,,,,,,,,N,,,,,,,,,,N,,,,,,,,,,N,,,,,,,,,,N,,,,,,,,,,N,,,Normal,1,,,,,,,,,,
25,C,TUNR,CC,1,15,127,0,,,Y,,,,,,,,,,N,,,,,,,,,,N,,,,,,,,,,N,,,,,,,,,,N,,,,,,,,,,N,,,,,,,,,,N,,,,,,,,,,N,,,,,,,,,,N,,,,,,,,,,N,,,Normal,,,,,,,,,,,
25,D,TAP,CC,1,14,127,128,,,N,,,,,,,,,,N,,,,,,,,,,N,,,,,,,,,,N,,,,,,,,,,N,,,,,,,,,,N,,,,,,,,,,N,,,,,,,,,,N,,,,,,,,,,N,,,,,,,,,,N,,,Normal,,,,,,,,,,,
26,1,SCN1,CC,1,34,0,128,,,Y,,,,,,,,,,N,,,,,,,,,,N,,,,,,,,,,N,,,,,,,,,,N,,,,,,,,,,N,,,,,,,,,,N,,,,,,,,,,N,,,,,,,,,,N,,,,,,,,,,N,,,Normal,1,,,,,,,,,,
26,2,SCN2,CC,1,34,1,128,,,Y,,,,,,,,,,N,,,,,,,,,,N,,,,,,,,,,N,,,,,,,,,,N,,,,,,,,,,N,,,,,,,,,,N,,,,,,,,,,N,,,,,,,,,,N,,,,,,,,,,N,,,Normal,1,,,,,,,,,,
26,3,SCN3,CC,1,34,2,128,,,Y,,,,,,,,,,N,,,,,,,,,,N,,,,,,,,,,N,,,,,,,,,,N,,,,,,,,,,N,,,,,,,,,,N,,,,,,,,,,N,,,,,,,,,,N,,,,,,,,,,N,,,Normal,1,,,,,,,,,,
26,4,SCN4,CC,1,34,3,128,,,Y,,,,,,,,,,N,,,,,,,,,,N,,,,,,,,,,N,,,,,,,,,,N,,,,,,,,,,N,,,,,,,,,,N,,,,,,,,,,N,,,,,,,,,,N,,,,,,,,,,N,,,Normal,1,,,,,,,,,,
26,A,SCN5,CC,1,34,4,128,,,Y,,,,,,,,,,N,,,,,,,,,,N,,,,,,,,,,N,,,,,,,,,,N,,,,,,,,,,N,,,,,,,,,,N,,,,,,,,,,N,,,,,,,,,,N,,,,,,,,,,N,,,Normal,1,,,,,,,,,,
26,B,SCN6,CC,1,34,5,128,,,Y,,,,,,,,,,N,,,,,,,,,,N,,,,,,,,,,N,,,,,,,,,,N,,,,,,,,,,N,,,,,,,,,,N,,,,,,,,,,N,,,,,,,,,,N,,,,,,,,,,N,,,Normal,1,,,,,,,,,,
26,C,TUNR,CC,1,15,127,0,,,Y,,,,,,,,,,N,,,,,,,,,,N,,,,,,,,,,N,,,,,,,,,,N,,,,,,,,,,N,,,,,,,,,,N,,,,,,,,,,N,,,,,,,,,,N,,,,,,,,,,N,,,Normal,,,,,,,,,,,
26,D,TAP,CC,1,14,127,128,,,N,,,,,,,,,,N,,,,,,,,,,N,,,,,,,,,,N,,,,,,,,,,N,,,,,,,,,,N,,,,,,,,,,N,,,,,,,,,,N,,,,,,,,,,N,,,,,,,,,,N,,,Normal,,,,,,,,,,,
27,1,SCN1,CC,1,34,0,128,,,Y,,,,,,,,,,N,,,,,,,,,,N,,,,,,,,,,N,,,,,,,,,,N,,,,,,,,,,N,,,,,,,,,,N,,,,,,,,,,N,,,,,,,,,,N,,,,,,,,,,N,,,Normal,1,,,,,,,,,,
27,2,SCN2,CC,1,34,1,128,,,Y,,,,,,,,,,N,,,,,,,,,,N,,,,,,,,,,N,,,,,,,,,,N,,,,,,,,,,N,,,,,,,,,,N,,,,,,,,,,N,,,,,,,,,,N,,,,,,,,,,N,,,Normal,1,,,,,,,,,,
27,3,SCN3,CC,1,34,2,128,,,Y,,,,,,,,,,N,,,,,,,,,,N,,,,,,,,,,N,,,,,,,,,,N,,,,,,,,,,N,,,,,,,,,,N,,,,,,,,,,N,,,,,,,,,,N,,,,,,,,,,N,,,Normal,1,,,,,,,,,,
27,4,SCN4,CC,1,34,3,128,,,Y,,,,,,,,,,N,,,,,,,,,,N,,,,,,,,,,N,,,,,,,,,,N,,,,,,,,,,N,,,,,,,,,,N,,,,,,,,,,N,,,,,,,,,,N,,,,,,,,,,N,,,Normal,1,,,,,,,,,,
27,A,SCN5,CC,1,34,4,128,,,Y,,,,,,,,,,N,,,,,,,,,,N,,,,,,,,,,N,,,,,,,,,,N,,,,,,,,,,N,,,,,,,,,,N,,,,,,,,,,N,,,,,,,,,,N,,,,,,,,,,N,,,Normal,1,,,,,,,,,,
27,B,SCN6,CC,1,34,5,128,,,Y,,,,,,,,,,N,,,,,,,,,,N,,,,,,,,,,N,,,,,,,,,,N,,,,,,,,,,N,,,,,,,,,,N,,,,,,,,,,N,,,,,,,,,,N,,,,,,,,,,N,,,Normal,1,,,,,,,,,,
27,C,TUNR,CC,1,15,127,0,,,Y,,,,,,,,,,N,,,,,,,,,,N,,,,,,,,,,N,,,,,,,,,,N,,,,,,,,,,N,,,,,,,,,,N,,,,,,,,,,N,,,,,,,,,,N,,,,,,,,,,N,,,Normal,,,,,,,,,,,
27,D,TAP,CC,1,14,127,128,,,N,,,,,,,,,,N,,,,,,,,,,N,,,,,,,,,,N,,,,,,,,,,N,,,,,,,,,,N,,,,,,,,,,N,,,,,,,,,,N,,,,,,,,,,N,,,,,,,,,,N,,,Normal,,,,,,,,,,,
28,1,SCN1,CC,1,34,0,128,,,Y,,,,,,,,,,N,,,,,,,,,,N,,,,,,,,,,N,,,,,,,,,,N,,,,,,,,,,N,,,,,,,,,,N,,,,,,,,,,N,,,,,,,,,,N,,,,,,,,,,N,,,Normal,1,,,,,,,,,,
28,2,SCN2,CC,1,34,1,128,,,Y,,,,,,,,,,N,,,,,,,,,,N,,,,,,,,,,N,,,,,,,,,,N,,,,,,,,,,N,,,,,,,,,,N,,,,,,,,,,N,,,,,,,,,,N,,,,,,,,,,N,,,Normal,1,,,,,,,,,,
28,3,SCN3,CC,1,34,2,128,,,Y,,,,,,,,,,N,,,,,,,,,,N,,,,,,,,,,N,,,,,,,,,,N,,,,,,,,,,N,,,,,,,,,,N,,,,,,,,,,N,,,,,,,,,,N,,,,,,,,,,N,,,Normal,1,,,,,,,,,,
28,4,SCN4,CC,1,34,3,128,,,Y,,,,,,,,,,N,,,,,,,,,,N,,,,,,,,,,N,,,,,,,,,,N,,,,,,,,,,N,,,,,,,,,,N,,,,,,,,,,N,,,,,,,,,,N,,,,,,,,,,N,,,Normal,1,,,,,,,,,,
28,A,SCN5,CC,1,34,4,128,,,Y,,,,,,,,,,N,,,,,,,,,,N,,,,,,,,,,N,,,,,,,,,,N,,,,,,,,,,N,,,,,,,,,,N,,,,,,,,,,N,,,,,,,,,,N,,,,,,,,,,N,,,Normal,1,,,,,,,,,,
28,B,SCN6,CC,1,34,5,128,,,Y,,,,,,,,,,N,,,,,,,,,,N,,,,,,,,,,N,,,,,,,,,,N,,,,,,,,,,N,,,,,,,,,,N,,,,,,,,,,N,,,,,,,,,,N,,,,,,,,,,N,,,Normal,1,,,,,,,,,,
28,C,TUNR,CC,1,15,127,0,,,Y,,,,,,,,,,N,,,,,,,,,,N,,,,,,,,,,N,,,,,,,,,,N,,,,,,,,,,N,,,,,,,,,,N,,,,,,,,,,N,,,,,,,,,,N,,,,,,,,,,N,,,Normal,,,,,,,,,,,
28,D,TAP,CC,1,14,127,128,,,N,,,,,,,,,,N,,,,,,,,,,N,,,,,,,,,,N,,,,,,,,,,N,,,,,,,,,,N,,,,,,,,,,N,,,,,,,,,,N,,,,,,,,,,N,,,,,,,,,,N,,,Normal,,,,,,,,,,,
29,1,SCN1,CC,1,34,0,128,,,Y,,,,,,,,,,N,,,,,,,,,,N,,,,,,,,,,N,,,,,,,,,,N,,,,,,,,,,N,,,,,,,,,,N,,,,,,,,,,N,,,,,,,,,,N,,,,,,,,,,N,,,Normal,1,,,,,,,,,,
29,2,SCN2,CC,1,34,1,128,,,Y,,,,,,,,,,N,,,,,,,,,,N,,,,,,,,,,N,,,,,,,,,,N,,,,,,,,,,N,,,,,,,,,,N,,,,,,,,,,N,,,,,,,,,,N,,,,,,,,,,N,,,Normal,1,,,,,,,,,,
29,3,SCN3,CC,1,34,2,128,,,Y,,,,,,,,,,N,,,,,,,,,,N,,,,,,,,,,N,,,,,,,,,,N,,,,,,,,,,N,,,,,,,,,,N,,,,,,,,,,N,,,,,,,,,,N,,,,,,,,,,N,,,Normal,1,,,,,,,,,,
29,4,SCN4,CC,1,34,3,128,,,Y,,,,,,,,,,N,,,,,,,,,,N,,,,,,,,,,N,,,,,,,,,,N,,,,,,,,,,N,,,,,,,,,,N,,,,,,,,,,N,,,,,,,,,,N,,,,,,,,,,N,,,Normal,1,,,,,,,,,,
29,A,SCN5,CC,1,34,4,128,,,Y,,,,,,,,,,N,,,,,,,,,,N,,,,,,,,,,N,,,,,,,,,,N,,,,,,,,,,N,,,,,,,,,,N,,,,,,,,,,N,,,,,,,,,,N,,,,,,,,,,N,,,Normal,1,,,,,,,,,,
29,B,SCN6,CC,1,34,5,128,,,Y,,,,,,,,,,N,,,,,,,,,,N,,,,,,,,,,N,,,,,,,,,,N,,,,,,,,,,N,,,,,,,,,,N,,,,,,,,,,N,,,,,,,,,,N,,,,,,,,,,N,,,Normal,1,,,,,,,,,,
29,C,TUNR,CC,1,15,127,0,,,Y,,,,,,,,,,N,,,,,,,,,,N,,,,,,,,,,N,,,,,,,,,,N,,,,,,,,,,N,,,,,,,,,,N,,,,,,,,,,N,,,,,,,,,,N,,,,,,,,,,N,,,Normal,,,,,,,,,,,
29,D,TAP,CC,1,14,127,128,,,N,,,,,,,,,,N,,,,,,,,,,N,,,,,,,,,,N,,,,,,,,,,N,,,,,,,,,,N,,,,,,,,,,N,,,,,,,,,,N,,,,,,,,,,N,,,,,,,,,,N,,,Normal,,,,,,,,,,,
30,1,REC,CC,1,20,127,128,,,N,,,,,,,,,,N,,,,,,,,,,N,,,,,,,,,,N,,,,,,,,,,N,,,,,,,,,,N,,,,,,,,,,N,,,,,,,,,,N,,,,,,,,,,N,,,,,,,,,,N,,,Normal,,,,,,,,,,,
30,2,PLAY,CC,1,21,127,128,,,N,,,,,,,,,,N,,,,,,,,,,N,,,,,,,,,,N,,,,,,,,,,N,,,,,,,,,,N,,,,,,,,,,N,,,,,,,,,,N,,,,,,,,,,N,,,,,,,,,,N,,,Normal,,,,,,,,,,,
30,3,UNDO,CC,1,22,127,128,,,N,,,,,,,,,,N,,,,,,,,,,N,,,,,,,,,,N,,,,,,,,,,N,,,,,,,,,,N,,,,,,,,,,N,,,,,,,,,,N,,,,,,,,,,N,,,,,,,,,,N,,,Normal,,,,,,,,,,,
30,4,ONCE,CC,1,23,127,128,,,N,,,,,,,,,,N,,,,,,,,,,N,,,,,,,,,,N,,,,,,,,,,N,,,,,,,,,,N,,,,,,,,,,N,,,,,,,,,,N,,,,,,,,,,N,,,,,,,,,,N,,,Normal,,,,,,,,,,,
30,A,REV,CC,1,24,127,128,,,N,,,,,,,,,,N,,,,,,,,,,N,,,,,,,,,,N,,,,,,,,,,N,,,,,,,,,,N,,,,,,,,,,N,,,,,,,,,,N,,,,,,,,,,N,,,,,,,,,,N,,,Normal,,,,,,,,,,,
30,B,HALF,CC,1,25,127,128,,,N,,,,,,,,,,N,,,,,,,,,,N,,,,,,,,,,N,,,,,,,,,,N,,,,,,,,,,N,,,,,,,,,,N,,,,,,,,,,N,,,,,,,,,,N,,,,,,,,,,N,,,Normal,,,,,,,,,,,
30,C,TUNR,CC,1,15,127,0,,,Y,,,,,,,,,,N,,,,,,,,,,N,,,,,,,,,,N,,,,,,,,,,N,,,,,,,,,,N,,,,,,,,,,N,,,,,,,,,,N,,,,,,,,,,N,,,,,,,,,,N,,,Normal,,,,,,,,,,,
30,D,TAP,CC,1,14,127,128,,,N,,,,,,,,,,N,,,,,,,,,,N,,,,,,,,,,N,,,,,,,,,,N,,,,,,,,,,N,,,,,,,,,,N,,,,,,,,,,N,,,,,,,,,,N,,,,,,,,,,N,,,Normal,,,,,,,,,,,
31,1,DRV,CC,1,40,127,0,,,Y,,,,,,,,,,N,,,,,,,,,,N,,,,,,,,,,N,,,,,,,,,,N,,,,,,,,,,N,,,,,,,,,,N,,,,,,,,,,N,,,,,,,,,,N,,,,,,,,,,N,,,Normal,,,,,,,,,,,
31,2,COMP,CC,1,41,127,0,,,Y,,,,,,,,,,N,,,,,,,,,,N,,,,,,,,,,N,,,,,,,,,,N,,,,,,,,,,N,,,,,,,,,,N,,,,,,,,,,N,,,,,,,,,,N,,,,,,,,,,N,,,Normal,,,,,,,,,,,
31,3,PHAS,CC,1,42,127,0,,,Y,,,,,,,,,,N,,,,,,,,,,N,,,,,,,,,,N,,,,,,,,,,N,,,,,,,,,,N,,,,,,,,,,N,,,,,,,,,,N,,,,,,,,,,N,,,,,,,,,,N,,,Normal,,,,,,,,,,,
31,4,CHOR,CC,1,43,127,0,,,Y,,,,,,,,,,N,,,,,,,,,,N,,,,,,,,,,N,,,,,,,,,,N,,,,,,,,,,N,,,,,,,,,,N,,,,,,,,,,N,,,,,,,,,,N,,,,,,,,,,N,,,Normal,,,,,,,,,,,
31,A,DLY,CC,1,44,127,0,,,Y,,,,,,,,,,N,,,,,,,,,,N,,,,,,,,,,N,,,,,,,,,,N,,,,,,,,,,N,,,,,,,,,,N,,,,,,,,,,N,,,,,,,,,,N,,,,,,,,,,N,,,Normal,,,,,,,,,,,
31,B,REV,CC,1,45,127,0,,,Y,,,,,,,,,,N,,,,,,,,,,N,,,,,,,,,,N,,,,,,,,,,N,,,,,,,,,,N,,,,,,,,,,N,,,,,,,,,,N,,,,,,,,,,N,,,,,,,,,,N,,,Normal,,,,,,,,,,,
31,C,WAH,CC,1,46,127,0,,,Y,,,,,,,,,,N,,,,,,,,,,N,,,,,,,,,,N,,,,,,,,,,N,,,,,,,,,,N,,,,,,,,,,N,,,,,,,,,,N,,,,,,,,,,N,,,,,,,,,,N,,,Normal,,,,,,,,,,,
31,D,PTCH,CC,1,47,127,0,,,Y,,,,,,,,,,N,,,,,,,,,,N,,,,,,,,,,N,,,,,,,,,,N,,,,,,,,,,N,,,,,,,,,,N,,,,,,,,,,N,,,,,,,,,,N,,,,,,,,,,N,,,Normal,,,,,,,,,,,
,,,,,,,,,,,,,,,,,,,,,,,,,,,,,,,,,,,,,,,,,,,,,,,,,,
* LongPress_Settings,,,,,,,,,,,,,,,,,,,,,,,,,,,,,,,,,,,,,,,,,,,,,,,,,,
Bank_Number,Button_Identifier,A_CommandType,A_Channel_(PC/CC/Note/PB),A_Number_(PC/CC/Note),A_OnValue_(CC/PB),A_OffValue_(CC),A_BankSelect_(PC),A_BankSelectHighByte_(PC),A_Toggle_(CC/PB/Note),A_Velocity_(Note),A_Duration_(Note/PB),A_KeyMode_(Key),B_CommandType,B_Channel_(PC/CC/Note/PB),B_Number_(PC/CC/Note),B_OnValue_(CC/PB),B_OffValue_(CC),B_BankSelect_(PC),B_BankSelectHighByte_(PC),B_Toggle_(CC/PB/Note),B_Velocity_(Note),B_Duration_(Note/PB),B_KeyMode_(Key),C_CommandType,C_Channel_(PC/CC/Note/PB),C_Number_(PC/CC/Note),C_OnValue_(CC/PB),C_OffValue_(CC),C_BankSelect_(PC),C_BankSelectHighByte_(PC),C_Toggle_(CC/PB/Note),C_Velocity_(Note),C_Duration_(Note/PB),C_KeyMode_(Key),D_CommandType,D_Channel_(PC/CC/Note/PB),D_Number_(PC/CC/Note),D_OnValue_(CC/PB),D_OffValue_(CC),D_BankSelect_(PC),D_BankSelectHighByte_(PC),D_Toggle_(CC/PB/Note),D_Velocity_(Note),D_Duration_(Note/PB),D_KeyMode_(Key),E_CommandType,E_Channel_(PC/CC/Note/PB),E_Number_(PC/CC/Note),E_OnValue_(CC/PB),E_OffValue_(CC),E_BankSelect_(PC),E_BankSelectHighByte_(PC),E_Toggle_(CC/PB/Note),E_Velocity_(Note),E_Duration_(Note/PB),E_KeyMode_(Key),F_CommandType,F_Channel_(PC/CC/Note/PB),F_Number_(PC/CC/Note),F_OnValue_(CC/PB),F_OffValue_(CC),F_BankSelect_(PC),F_BankSelectHighByte_(PC),F_Toggle_(CC/PB/Note),F_Velocity_(Note),F_Duration_(Note/PB),F_KeyMode_(Key),G_CommandType,G_Channel_(PC/CC/Note/PB),G_Number_(PC/CC/Note),G_OnValue_(CC/PB),G_OffValue_(CC),G_BankSelect_(PC),G_BankSelectHighByte_(PC),G_Toggle_(CC/PB/Note),G_Velocity_(Note),G_Duration_(Note/PB),G_KeyMode_(Key),H_CommandType,H_Channel_(PC/CC/Note/PB),H_Number_(PC/CC/Note),H_OnValue_(CC/PB),H_OffValue_(CC),H_BankSelect_(PC),H_BankSelectHighByte_(PC),H_Toggle_(CC/PB/Note),H_Velocity_(Note),H_Duration_(Note/PB),H_KeyMode_(Key),I_CommandType,I_Channel_(PC/CC/Note/PB),I_Number_(PC/CC/Note),I_OnValue_(CC/PB),I_OffValue_(CC),I_BankSelect_(PC),I_BankSelectHighByte_(PC),I_Toggle_(CC/PB/Note),I_Velocity_(Note),I_Duration_(Note/PB),I_KeyMode_(Key),J_CommandType,J_Channel_(PC/CC/Note/PB),J_Number_(PC/CC/Note),J_OnValue_(CC/PB),J_OffValue_(CC),J_BankSelect_(PC),J_BankSelectHighByte_(PC),J_Toggle_(CC/PB/Note),J_Velocity_(Note),J_Duration_(Note/PB),J_KeyMode_(Key)
0,1,,,,,,,,N,,,,,,,,,,,N,,,,,,,,,,,N,,,,,,,,,,,N,,,,,,,,,,,N,,,,,,,,,,,N,,,,,,,,,,,N,,,,,,,,,,,N,,,,,,,,,,,N,,,,,,,,,,,N,,,
0,2,,,,,,,,N,,,,,,,,,,,N,,,,,,,,,,,N,,,,,,,,,,,N,,,,,,,,,,,N,,,,,,,,,,,N,,,,,,,,,,,N,,,,,,,,,,,N,,,,,,,,,,,N,,,,,,,,,,,N,,,
0,3,,,,,,,,N,,,,,,,,,,,N,,,,,,,,,,,N,,,,,,,,,,,N,,,,,,,,,,,N,,,,,,,,,,,N,,,,,,,,,,,N,,,,,,,,,,,N,,,,,,,,,,,N,,,,,,,,,,,N,,,
0,4,,,,,,,,N,,,,,,,,,,,N,,,,,,,,,,,N,,,,,,,,,,,N,,,,,,,,,,,N,,,,,,,,,,,N,,,,,,,,,,,N,,,,,,,,,,,N,,,,,,,,,,,N,,,,,,,,,,,N,,,
0,A,,,,,,,,N,,,,,,,,,,,N,,,,,,,,,,,N,,,,,,,,,,,N,,,,,,,,,,,N,,,,,,,,,,,N,,,,,,,,,,,N,,,,,,,,,,,N,,,,,,,,,,,N,,,,,,,,,,,N,,,
0,B,,,,,,,,N,,,,,,,,,,,N,,,,,,,,,,,N,,,,,,,,,,,N,,,,,,,,,,,N,,,,,,,,,,,N,,,,,,,,,,,N,,,,,,,,,,,N,,,,,,,,,,,N,,,,,,,,,,,N,,,
0,C,,,,,,,,N,,,,,,,,,,,N,,,,,,,,,,,N,,,,,,,,,,,N,,,,,,,,,,,N,,,,,,,,,,,N,,,,,,,,,,,N,,,,,,,,,,,N,,,,,,,,,,,N,,,,,,,,,,,N,,,
0,D,,,,,,,,N,,,,,,,,,,,N,,,,,,,,,,,N,,,,,,,,,,,N,,,,,,,,,,,N,,,,,,,,,,,N,,,,,,,,,,,N,,,,,,,,,,,N,,,,,,,,,,,N,,,,,,,,,,,N,,,
1,1,,,,,,,,N,,,,,,,,,,,N,,,,,,,,,,,N,,,,,,,,,,,N,,,,,,,,,,,N,,,,,,,,,,,N,,,,,,,,,,,N,,,,,,,,,,,N,,,,,,,,,,,N,,,,,,,,,,,N,,,
1,2,,,,,,,,N,,,,,,,,,,,N,,,,,,,,,,,N,,,,,,,,,,,N,,,,,,,,,,,N,,,,,,,,,,,N,,,,,,,,,,,N,,,,,,,,,,,N,,,,,,,,,,,N,,,,,,,,,,,N,,,
1,3,,,,,,,,N,,,,,,,,,,,N,,,,,,,,,,,N,,,,,,,,,,,N,,,,,,,,,,,N,,,,,,,,,,,N,,,,,,,,,,,N,,,,,,,,,,,N,,,,,,,,,,,N,,,,,,,,,,,N,,,
1,4,,,,,,,,N,,,,,,,,,,,N,,,,,,,,,,,N,,,,,,,,,,,N,,,,,,,,,,,N,,,,,,,,,,,N,,,,,,,,,,,N,,,,,,,,,,,N,,,,,,,,,,,N,,,,,,,,,,,N,,,
1,A,,,,,,,,N,,,,,,,,,,,N,,,,,,,,,,,N,,,,,,,,,,,N,,,,,,,,,,,N,,,,,,,,,,,N,,,,,,,,,,,N,,,,,,,,,,,N,,,,,,,,,,,N,,,,,,,,,,,N,,,
1,B,,,,,,,,N,,,,,,,,,,,N,,,,,,,,,,,N,,,,,,,,,,,N,,,,,,,,,,,N,,,,,,,,,,,N,,,,,,,,,,,N,,,,,,,,,,,N,,,,,,,,,,,N,,,,,,,,,,,N,,,
1,C,,,,,,,,N,,,,,,,,,,,N,,,,,,,,,,,N,,,,,,,,,,,N,,,,,,,,,,,N,,,,,,,,,,,N,,,,,,,,,,,N,,,,,,,,,,,N,,,,,,,,,,,N,,,,,,,,,,,N,,,
1,D,,,,,,,,N,,,,,,,,,,,N,,,,,,,,,,,N,,,,,,,,,,,N,,,,,,,,,,,N,,,,,,,,,,,N,,,,,,,,,,,N,,,,,,,,,,,N,,,,,,,,,,,N,,,,,,,,,,,N,,,
2,1,,,,,,,,N,,,,,,,,,,,N,,,,,,,,,,,N,,,,,,,,,,,N,,,,,,,,,,,N,,,,,,,,,,,N,,,,,,,,,,,N,,,,,,,,,,,N,,,,,,,,,,,N,,,,,,,,,,,N,,,
2,2,,,,,,,,N,,,,,,,,,,,N,,,,,,,,,,,N,,,,,,,,,,,N,,,,,,,,,,,N,,,,,,,,,,,N,,,,,,,,,,,N,,,,,,,,,,,N,,,,,,,,,,,N,,,,,,,,,,,N,,,
2,3,,,,,,,,N,,,,,,,,,,,N,,,,,,,,,,,N,,,,,,,,,,,N,,,,,,,,,,,N,,,,,,,,,,,N,,,,,,,,,,,N,,,,,,,,,,,N,,,,,,,,,,,N,,,,,,,,,,,N,,,
2,4,,,,,,,,N,,,,,,,,,,,N,,,,,,,,,,,N,,,,,,,,,,,N,,,,,,,,,,,N,,,,,,,,,,,N,,,,,,,,,,,N,,,,,,,,,,,N,,,,,,,,,,,N,,,,,,,,,,,N,,,
2,A,,,,,,,,N,,,,,,,,,,,N,,,,,,,,,,,N,,,,,,,,,,,N,,,,,,,,,,,N,,,,,,,,,,,N,,,,,,,,,,,N,,,,,,,,,,,N,,,,,,,,,,,N,,,,,,,,,,,N,,,
2,B,,,,,,,,N,,,,,,,,,,,N,,,,,,,,,,,N,,,,,,,,,,,N,,,,,,,,,,,N,,,,,,,,,,,N,,,,,,,,,,,N,,,,,,,,,,,N,,,,,,,,,,,N,,,,,,,,,,,N,,,
2,C,,,,,,,,N,,,,,,,,,,,N,,,,,,,,,,,N,,,,,,,,,,,N,,,,,,,,,,,N,,,,,,,,,,,N,,,,,,,,,,,N,,,,,,,,,,,N,,,,,,,,,,,N,,,,,,,,,,,N,,,
2,D,,,,,,,,N,,,,,,,,,,,N,,,,,,,,,,,N,,,,,,,,,,,N,,,,,,,,,,,N,,,,,,,,,,,N,,,,,,,,,,,N,,,,,,,,,,,N,,,,,,,,,,,N,,,,,,,,,,,N,,,
3,1,,,,,,,,N,,,,,,,,,,,N,,,,,,,,,,,N,,,,,,,,,,,N,,,,,,,,,,,N,,,,,,,,,,,N,,,,,,,,,,,N,,,,,,,,,,,N,,,,,,,,,,,N,,,,,,,,,,,N,,,
3,2,,,,,,,,N,,,,,,,,,,,N,,,,,,,,,,,N,,,,,,,,,,,N,,,,,,,,,,,N,,,,,,,,,,,N,,,,,,,,,,,N,,,,,,,,,,,N,,,,,,,,,,,N,,,,,,,,,,,N,,,
3,3,,,,,,,,N,,,,,,,,,,,N,,,,,,,,,,,N,,,,,,,,,,,N,,,,,,,,,,,N,,,,,,,,,,,N,,,,,,,,,,,N,,,,,,,,,,,N,,,,,,,,,,,N,,,,,,,,,,,N,,,
3,4,,,,,,,,N,,,,,,,,,,,N,,,,,,,,,,,N,,,,,,,,,,,N,,,,,,,,,,,N,,,,,,,,,,,N,,,,,,,,,,,N,,,,,,,,,,,N,,,,,,,,,,,N,,,,,,,,,,,N,,,
3,A,,,,,,,,N,,,,,,,,,,,N,,,,,,,,,,,N,,,,,,,,,,,N,,,,,,,,,,,N,,,,,,,,,,,N,,,,,,,,,,,N,,,,,,,,,,,N,,,,,,,,,,,N,,,,,,,,,,,N,,,
3,B,,,,,,,,N,,,,,,,,,,,N,,,,,,,,,,,N,,,,,,,,,,,N,,,,,,,,,,,N,,,,,,,,,,,N,,,,,,,,,,,N,,,,,,,,,,,N,,,,,,,,,,,N,,,,,,,,,,,N,,,
3,C,,,,,,,,N,,,,,,,,,,,N,,,,,,,,,,,N,,,,,,,,,,,N,,,,,,,,,,,N,,,,,,,,,,,N,,,,,,,,,,,N,,,,,,,,,,,N,,,,,,,,,,,N,,,,,,,,,,,N,,,
3,D,,,,,,,,N,,,,,,,,,,,N,,,,,,,,,,,N,,,,,,,,,,,N,,,,,,,,,,,N,,,,,,,,,,,N,,,,,,,,,,,N,,,,,,,,,,,N,,,,,,,,,,,N,,,,,,,,,,,N,,,
4,1,,,,,,,,N,,,,,,,,,,,N,,,,,,,,,,,N,,,,,,,,,,,N,,,,,,,,,,,N,,,,,,,,,,,N,,,,,,,,,,,N,,,,,,,,,,,N,,,,,,,,,,,N,,,,,,,,,,,N,,,
4,2,,,,,,,,N,,,,,,,,,,,N,,,,,,,,,,,N,,,,,,,,,,,N,,,,,,,,,,,N,,,,,,,,,,,N,,,,,,,,,,,N,,,,,,,,,,,N,,,,,,,,,,,N,,,,,,,,,,,N,,,
4,3,,,,,,,,N,,,,,,,,,,,N,,,,,,,,,,,N,,,,,,,,,,,N,,,,,,,,,,,N,,,,,,,,,,,N,,,,,,,,,,,N,,,,,,,,,,,N,,,,,,,,,,,N,,,,,,,,,,,N,,,
4,4,,,,,,,,N,,,,,,,,,,,N,,,,,,,,,,,N,,,,,,,,,,,N,,,,,,,,,,,N,,,,,,,,,,,N,,,,,,,,,,,N,,,,,,,,,,,N,,,,,,,,,,,N,,,,,,,,,,,N,,,
4,A,,,,,,,,N,,,,,,,,,,,N,,,,,,,,,,,N,,,,,,,,,,,N,,,,,,,,,,,N,,,,,,,,,,,N,,,,,,,,,,,N,,,,,,,,,,,N,,,,,,,,,,,N,,,,,,,,,,,N,,,
4,B,,,,,,,,N,,,,,,,,,,,N,,,,,,,,,,,N,,,,,,,,,,,N,,,,,,,,,,,N,,,,,,,,,,,N,,,,,,,,,,,N,,,,,,,,,,,N,,,,,,,,,,,N,,,,,,,,,,,N,,,
4,C,,,,,,,,N,,,,,,,,,,,N,,,,,,,,,,,N,,,,,,,,,,,N,,,,,,,,,,,N,,,,,,,,,,,N,,,,,,,,,,,N,,,,,,,,,,,N,,,,,,,,,,,N,,,,,,,,,,,N,,,
4,D,,,,,,,,N,,,,,,,,,,,N,,,,,,,,,,,N,,,,,,,,,,,N,,,,,,,,,,,N,,,,,,,,,,,N,,,,,,,,,,,N,,,,,,,,,,,N,,,,,,,,,,,N,,,,,,,,,,,N,,,
5,1,,,,,,,,N,,,,,,,,,,,N,,,,,,,,,,,N,,,,,,,,,,,N,,,,,,,,,,,N,,,,,,,,,,,N,,,,,,,,,,,N,,,,,,,,,,,N,,,,,,,,,,,N,,,,,,,,,,,N,,,
5,2,,,,,,,,N,,,,,,,,,,,N,,,,,,,,,,,N,,,,,,,,,,,N,,,,,,,,,,,N,,,,,,,,,,,N,,,,,,,,,,,N,,,,,,,,,,,N,,,,,,,,,,,N,,,,,,,,,,,N,,,
5,3,,,,,,,,N,,,,,,,,,,,N,,,,,,,,,,,N,,,,,,,,,,,N,,,,,,,,,,,N,,,,,,,,,,,N,,,,,,,,,,,N,,,,,,,,,,,N,,,,,,,,,,,N,,,,,,,,,,,N,,,
5,4,,,,,,,,N,,,,,,,,,,,N,,,,,,,,,,,N,,,,,,,,,,,N,,,,,,,,,,,N,,,,,,,,,,,N,,,,,,,,,,,N,,,,,,,,,,,N,,,,,,,,,,,N,,,,,,,,,,,N,,,
5,A,,,,,,,,N,,,,,,,,,,,N,,,,,,,,,,,N,,,,,,,,,,,N,,,,,,,,,,,N,,,,,,,,,,,N,,,,,,,,,,,N,,,,,,,,,,,N,,,,,,,,,,,N,,,,,,,,,,,N,,,
5,B,,,,,,,,N,,,,,,,,,,,N,,,,,,,,,,,N,,,,,,,,,,,N,,,,,,,,,,,N,,,,,,,,,,,N,,,,,,,,,,,N,,,,,,,,,,,N,,,,,,,,,,,N,,,,,,,,,,,N,,,
5,C,,,,,,,,N,,,,,,,,,,,N,,,,,,,,,,,N,,,,,,,,,,,N,,,,,,,,,,,N,,,,,,,,,,,N,,,,,,,,,,,N,,,,,,,,,,,N,,,,,,,,,,,N,,,,,,,,,,,N,,,
5,D,,,,,,,,N,,,,,,,,,,,N,,,,,,,,,,,N,,,,,,,,,,,N,,,,,,,,,,,N,,,,,,,,,,,N,,,,,,,,,,,N,,,,,,,,,,,N,,,,,,,,,,,N,,,,,,,,,,,N,,,
6,1,,,,,,,,N,,,,,,,,,,,N,,,,,,,,,,,N,,,,,,,,,,,N,,,,,,,,,,,N,,,,,,,,,,,N,,,,,,,,,,,N,,,,,,,,,,,N,,,,,,,,,,,N,,,,,,,,,,,N,,,
6,2,,,,,,,,N,,,,,,,,,,,N,,,,,,,,,,,N,,,,,,,,,,,N,,,,,,,,,,,N,,,,,,,,,,,N,,,,,,,,,,,N,,,,,,,,,,,N,,,,,,,,,,,N,,,,,,,,,,,N,,,
6,3,,,,,,,,N,,,,,,,,,,,N,,,,,,,,,,,N,,,,,,,,,,,N,,,,,,,,,,,N,,,,,,,,,,,N,,,,,,,,,,,N,,,,,,,,,,,N,,,,,,,,,,,N,,,,,,,,,,,N,,,
6,4,,,,,,,,N,,,,,,,,,,,N,,,,,,,,,,,N,,,,,,,,,,,N,,,,,,,,,,,N,,,,,,,,,,,N,,,,,,,,,,,N,,,,,,,,,,,N,,,,,,,,,,,N,,,,,,,,,,,N,,,
6,A,,,,,,,,N,,,,,,,,,,,N,,,,,,,,,,,N,,,,,,,,,,,N,,,,,,,,,,,N,,,,,,,,,,,N,,,,,,,,,,,N,,,,,,,,,,,N,,,,,,,,,,,N,,,,,,,,,,,N,,,
6,B,,,,,,,,N,,,,,,,,,,,N,,,,,,,,,,,N,,,,,,,,,,,N,,,,,,,,,,,N,,,,,,,,,,,N,,,,,,,,,,,N,,,,,,,,,,,N,,,,,,,,,,,N,,,,,,,,,,,N,,,
6,C,,,,,,,,N,,,,,,,,,,,N,,,,,,,,,,,N,,,,,,,,,,,N,,,,,,,,,,,N,,,,,,,,,,,N,,,,,,,,,,,N,,,,,,,,,,,N,,,,,,,,,,,N,,,,,,,,,,,N,,,
6,D,,,,,,,,N,,,,,,,,,,,N,,,,,,,,,,,N,,,,,,,,,,,N,,,,,,,,,,,N,,,,,,,,,,,N,,,,,,,,,,,N,,,,,,,,,,,N,,,,,,,,,,,N,,,,,,,,,,,N,,,
7,1,,,,,,,,N,,,,,,,,,,,N,,,,,,,,,,,N,,,,,,,,,,,N,,,,,,,,,,,N,,,,,,,,,,,N,,,,,,,,,,,N,,,,,,,,,,,N,,,,,,,,,,,N,,,,,,,,,,,N,,,
7,2,,,,,,,,N,,,,,,,,,,,N,,,,,,,,,,,N,,,,,,,,,,,N,,,,,,,,,,,N,,,,,,,,,,,N,,,,,,,,,,,N,,,,,,,,,,,N,,,,,,,,,,,N,,,,,,,,,,,N,,,
7,3,,,,,,,,N,,,,,,,,,,,N,,,,,,,,,,,N,,,,,,,,,,,N,,,,,,,,,,,N,,,,,,,,,,,N,,,,,,,,,,,N,,,,,,,,,,,N,,,,,,,,,,,N,,,,,,,,,,,N,,,
7,4,,,,,,,,N,,,,,,,,,,,N,,,,,,,,,,,N,,,,,,,,,,,N,,,,,,,,,,,N,,,,,,,,,,,N,,,,,,,,,,,N,,,,,,,,,,,N,,,,,,,,,,,N,,,,,,,,,,,N,,,
7,A,,,,,,,,N,,,,,,,,,,,N,,,,,,,,,,,N,,,,,,,,,,,N,,,,,,,,,,,N,,,,,,,,,,,N,,,,,,,,,,,N,,,,,,,,,,,N,,,,,,,,,,,N,,,,,,,,,,,N,,,
7,B,,,,,,,,N,,,,,,,,,,,N,,,,,,,,,,,N,,,,,,,,,,,N,,,,,,,,,,,N,,,,,,,,,,,N,,,,,,,,,,,N,,,,,,,,,,,N,,,,,,,,,,,N,,,,,,,,,,,N,,,
7,C,,,,,,,,N,,,,,,,,,,,N,,,,,,,,,,,N,,,,,,,,,,,N,,,,,,,,,,,N,,,,,,,,,,,N,,,,,,,,,,,N,,,,,,,,,,,N,,,,,,,,,,,N,,,,,,,,,,,N,,,
7,D,,,,,,,,N,,,,,,,,,,,N,,,,,,,,,,,N,,,,,,,,,,,N,,,,,,,,,,,N,,,,,,,,,,,N,,,,,,,,,,,N,,,,,,,,,,,N,,,,,,,,,,,N,,,,,,,,,,,N,,,
8,1,,,,,,,,N,,,,,,,,,,,N,,,,,,,,,,,N,,,,,,,,,,,N,,,,,,,,,,,N,,,,,,,,,,,N,,,,,,,,,,,N,,,,,,,,,,,N,,,,,,,,,,,N,,,,,,,,,,,N,,,
8,2,,,,,,,,N,,,,,,,,,,,N,,,,,,,,,,,N,,,,,,,,,,,N,,,,,,,,,,,N,,,,,,,,,,,N,,,,,,,,,,,N,,,,,,,,,,,N,,,,,,,,,,,N,,,,,,,,,,,N,,,
8,3,,,,,,,,N,,,,,,,,,,,N,,,,,,,,,,,N,,,,,,,,,,,N,,,,,,,,,,,N,,,,,,,,,,,N,,,,,,,,,,,N,,,,,,,,,,,N,,,,,,,,,,,N,,,,,,,,,,,N,,,
8,4,,,,,,,,N,,,,,,,,,,,N,,,,,,,,,,,N,,,,,,,,,,,N,,,,,,,,,,,N,,,,,,,,,,,N,,,,,,,,,,,N,,,,,,,,,,,N,,,,,,,,,,,N,,,,,,,,,,,N,,,
8,A,,,,,,,,N,,,,,,,,,,,N,,,,,,,,,,,N,,,,,,,,,,,N,,,,,,,,,,,N,,,,,,,,,,,N,,,,,,,,,,,N,,,,,,,,,,,N,,,,,,,,,,,N,,,,,,,,,,,N,,,
8,B,,,,,,,,N,,,,,,,,,,,N,,,,,,,,,,,N,,,,,,,,,,,N,,,,,,,,,,,N,,,,,,,,,,,N,,,,,,,,,,,N,,,,,,,,,,,N,,,,,,,,,,,N,,,,,,,,,,,N,,,
8,C,,,,,,,,N,,,,,,,,,,,N,,,,,,,,,,,N,,,,,,,,,,,N,,,,,,,,,,,N,,,,,,,,,,,N,,,,,,,,,,,N,,,,,,,,,,,N,,,,,,,,,,,N,,,,,,,,,,,N,,,
8,D,,,,,,,,N,,,,,,,,,,,N,,,,,,,,,,,N,,,,,,,,,,,N,,,,,,,,,,,N,,,,,,,,,,,N,,,,,,,,,,,N,,,,,,,,,,,N,,,,,,,,,,,N,,,,,,,,,,,N,,,
9,1,,,,,,,,N,,,,,,,,,,,N,,,,,,,,,,,N,,,,,,,,,,,N,,,,,,,,,,,N,,,,,,,,,,,N,,,,,,,,,,,N,,,,,,,,,,,N,,,,,,,,,,,N,,,,,,,,,,,N,,,
9,2,,,,,,,,N,,,,,,,,,,,N,,,,,,,,,,,N,,,,,,,,,,,N,,,,,,,,,,,N,,,,,,,,,,,N,,,,,,,,,,,N,,,,,,,,,,,N,,,,,,,,,,,N,,,,,,,,,,,N,,,
9,3,,,,,,,,N,,,,,,,,,,,N,,,,,,,,,,,N,,,,,,,,,,,N,,,,,,,,,,,N,,,,,,,,,,,N,,,,,,,,,,,N,,,,,,,,,,,N,,,,,,,,,,,N,,,,,,,,,,,N,,,
9,4,,,,,,,,N,,,,,,,,,,,N,,,,,,,,,,,N,,,,,,,,,,,N,,,,,,,,,,,N,,,,,,,,,,,N,,,,,,,,,,,N,,,,,,,,,,,N,,,,,,,,,,,N,,,,,,,,,,,N,,,
9,A,,,,,,,,N,,,,,,,,,,,N,,,,,,,,,,,N,,,,,,,,,,,N,,,,,,,,,,,N,,,,,,,,,,,N,,,,,,,,,,,N,,,,,,,,,,,N,,,,,,,,,,,N,,,,,,,,,,,N,,,
9,B,,,,,,,,N,,,,,,,,,,,N,,,,,,,,,,,N,,,,,,,,,,,N,,,,,,,,,,,N,,,,,,,,,,,N,,,,,,,,,,,N,,,,,,,,,,,N,,,,,,,,,,,N,,,,,,,,,,,N,,,
9,C,,,,,,,,N,,,,,,,,,,,N,,,,,,,,,,,N,,,,,,,,,,,N,,,,,,,,,,,N,,,,,,,,,,,N,,,,,,,,,,,N,,,,,,,,,,,N,,,,,,,,,,,N,,,,,,,,,,,N,,,
9,D,,,,,,,,N,,,,,,,,,,,N,,,,,,,,,,,N,,,,,,,,,,,N,,,,,,,,,,,N,,,,,,,,,,,N,,,,,,,,,,,N,,,,,,,,,,,N,,,,,,,,,,,N,,,,,,,,,,,N,,,
10,1,,,,,,,,N,,,,,,,,,,,N,,,,,,,,,,,N,,,,,,,,,,,N,,,,,,,,,,,N,,,,,,,,,,,N,,,,,,,,,,,N,,,,,,,,,,,N,,,,,,,,,,,N,,,,,,,,,,,N,,,
10,2,,,,,,,,N,,,,,,,,,,,N,,,,,,,,,,,N,,,,,,,,,,,N,,,,,,,,,,,N,,,,,,,,,,,N,,,,,,,,,,,N,,,,,,,,,,,N,,,,,,,,,,,N,,,,,,,,,,,N,,,
10,3,,,,,,,,N,,,,,,,,,,,N,,,,,,,,,,,N,,,,,,,,,,,N,,,,,,,,,,,N,,,,,,,,,,,N,,,,,,,,,,,N,,,,,,,,,,,N,,,,,,,,,,,N,,,,,,,,,,,N,,,
10,4,,,,,,,,N,,,,,,,,,,,N,,,,,,,,,,,N,,,,,,,,,,,N,,,,,,,,,,,N,,,,,,,,,,,N,,,,,,,,,,,N,,,,,,,,,,,N,,,,,,,,,,,N,,,,,,,,,,,N,,,
10,A,,,,,,,,N,,,,,,,,,,,N,,,,,,,,,,,N,,,,,,,,,,,N,,,,,,,,,,,N,,,,,,,,,,,N,,,,,,,,,,,N,,,,,,,,,,,N,,,,,,,,,,,N,,,,,,,,,,,N,,,
10,B,,,,,,,,N,,,,,,,,,,,N,,,,,,,,,,,N,,,,,,,,,,,N,,,,,,,,,,,N,,,,,,,,,,,N,,,,,,,,,,,N,,,,,,,,,,,N,,,,,,,,,,,N,,,,,,,,,,,N,,,
10,C,,,,,,,,N,,,,,,,,,,,N,,,,,,,,,,,N,,,,,,,,,,,N,,,,,,,,,,,N,,,,,,,,,,,N,,,,,,,,,,,N,,,,,,,,,,,N,,,,,,,,,,,N,,,,,,,,,,,N,,,
10,D,,,,,,,,N,,,,,,,,,,,N,,,,,,,,,,,N,,,,,,,,,,,N,,,,,,,,,,,N,,,,,,,,,,,N,,,,,,,,,,,N,,,,,,,,,,,N,,,,,,,,,,,N,,,,,,,,,,,N,,,
11,1,,,,,,,,N,,,,,,,,,,,N,,,,,,,,,,,N,,,,,,,,,,,N,,,,,,,,,,,N,,,,,,,,,,,N,,,,,,,,,,,N,,,,,,,,,,,N,,,,,,,,,,,N,,,,,,,,,,,N,,,
11,2,,,,,,,,N,,,,,,,,,,,N,,,,,,,,,,,N,,,,,,,,,,,N,,,,,,,,,,,N,,,,,,,,,,,N,,,,,,,,,,,N,,,,,,,,,,,N,,,,,,,,,,,N,,,,,,,,,,,N,,,
11,3,,,,,,,,N,,,,,,,,,,,N,,,,,,,,,,,N,,,,,,,,,,,N,,,,,,,,,,,N,,,,,,,,,,,N,,,,,,,,,,,N,,,,,,,,,,,N,,,,,,,,,,,N,,,,,,,,,,,N,,,
11,4,,,,,,,,N,,,,,,,,,,,N,,,,,,,,,,,N,,,,,,,,,,,N,,,,,,,,,,,N,,,,,,,,,,,N,,,,,,,,,,,N,,,,,,,,,,,N,,,,,,,,,,,N,,,,,,,,,,,N,,,
11,A,,,,,,,,N,,,,,,,,,,,N,,,,,,,,,,,N,,,,,,,,,,,N,,,,,,,,,,,N,,,,,,,,,,,N,,,,,,,,,,,N,,,,,,,,,,,N,,,,,,,,,,,N,,,,,,,,,,,N,,,
11,B,,,,,,,,N,,,,,,,,,,,N,,,,,,,,,,,N,,,,,,,,,,,N,,,,,,,,,,,N,,,,,,,,,,,N,,,,,,,,,,,N,,,,,,,,,,,N,,,,,,,,,,,N,,,,,,,,,,,N,,,
11,C,,,,,,,,N,,,,,,,,,,,N,,,,,,,,,,,N,,,,,,,,,,,N,,,,,,,,,,,N,,,,,,,,,,,N,,,,,,,,,,,N,,,,,,,,,,,N,,,,,,,,,,,N,,,,,,,,,,,N,,,
11,D,,,,,,,,N,,,,,,,,,,,N,,,,,,,,,,,N,,,,,,,,,,,N,,,,,,,,,,,N,,,,,,,,,,,N,,,,,,,,,,,N,,,,,,,,,,,N,,,,,,,,,,,N,,,,,,,,,,,N,,,
12,1,,,,,,,,N,,,,,,,,,,,N,,,,,,,,,,,N,,,,,,,,,,,N,,,,,,,,,,,N,,,,,,,,,,,N,,,,,,,,,,,N,,,,,,,,,,,N,,,,,,,,,,,N,,,,,,,,,,,N,,,
12,2,,,,,,,,N,,,,,,,,,,,N,,,,,,,,,,,N,,,,,,,,,,,N,,,,,,,,,,,N,,,,,,,,,,,N,,,,,,,,,,,N,,,,,,,,,,,N,,,,,,,,,,,N,,,,,,,,,,,N,,,
12,3,,,,,,,,N,,,,,,,,,,,N,,,,,,,,,,,N,,,,,,,,,,,N,,,,,,,,,,,N,,,,,,,,,,,N,,,,,,,,,,,N,,,,,,,,,,,N,,,,,,,,,,,N,,,,,,,,,,,N,,,
12,4,,,,,,,,N,,,,,,,,,,,N,,,,,,,,,,,N,,,,,,,,,,,N,,,,,,,,,,,N,,,,,,,,,,,N,,,,,,,,,,,N,,,,,,,,,,,N,,,,,,,,,,,N,,,,,,,,,,,N,,,
12,A,,,,,,,,N,,,,,,,,,,,N,,,,,,,,,,,N,,,,,,,,,,,N,,,,,,,,,,,N,,,,,,,,,,,N,,,,,,,,,,,N,,,,,,,,,,,N,,,,,,,,,,,N,,,,,,,,,,,N,,,
12,B,,,,,,,,N,,,,,,,,,,,N,,,,,,,,,,,N,,,,,,,,,,,N,,,,,,,,,,,N,,,,,,,,,,,N,,,,,,,,,,,N,,,,,,,,,,,N,,,,,,,,,,,N,,,,,,,,,,,N,,,
12,C,,,,,,,,N,,,,,,,,,,,N,,,,,,,,,,,N,,,,,,,,,,,N,,,,,,,,,,,N,,,,,,,,,,,N,,,,,,,,,,,N,,,,,,,,,,,N,,,,,,,,,,,N,,,,,,,,,,,N,,,
12,D,,,,,,,,N,,,,,,,,,,,N,,,,,,,,,,,N,,,,,,,,,,,N,,,,,,,,,,,N,,,,,,,,,,,N,,,,,,,,,,,N,,,,,,,,,,,N,,,,,,,,,,,N,,,,,,,,,,,N,,,
13,1,,,,,,,,N,,,,,,,,,,,N,,,,,,,,,,,N,,,,,,,,,,,N,,,,,,,,,,,N,,,,,,,,,,,N,,,,,,,,,,,N,,,,,,,,,,,N,,,,,,,,,,,N,,,,,,,,,,,N,,,
13,2,,,,,,,,N,,,,,,,,,,,N,,,,,,,,,,,N,,,,,,,,,,,N,,,,,,,,,,,N,,,,,,,,,,,N,,,,,,,,,,,N,,,,,,,,,,,N,,,,,,,,,,,N,,,,,,,,,,,N,,,
13,3,,,,,,,,N,,,,,,,,,,,N,,,,,,,,,,,N,,,,,,,,,,,N,,,,,,,,,,,N,,,,,,,,,,,N,,,,,,,,,,,N,,,,,,,,,,,N,,,,,,,,,,,N,,,,,,,,,,,N,,,
13,4,,,,,,,,N,,,,,,,,,,,N,,,,,,,,,,,N,,,,,,,,,,,N,,,,,,,,,,,N,,,,,,,,,,,N,,,,,,,,,,,N,,,,,,,,,,,N,,,,,,,,,,,N,,,,,,,,,,,N,,,
13,A,,,,,,,,N,,,,,,,,,,,N,,,,,,,,,,,N,,,,,,,,,,,N,,,,,,,,,,,N,,,,,,,,,,,N,,,,,,,,,,,N,,,,,,,,,,,N,,,,,,,,,,,N,,,,,,,,,,,N,,,
13,B,,,,,,,,N,,,,,,,,,,,N,,,,,,,,,,,N,,,,,,,,,,,N,,,,,,,,,,,N,,,,,,,,,,,N,,,,,,,,,,,N,,,,,,,,,,,N,,,,,,,,,,,N,,,,,,,,,,,N,,,
13,C,,,,,,,,N,,,,,,,,,,,N,,,,,,,,,,,N,,,,,,,,,,,N,,,,,,,,,,,N,,,,,,,,,,,N,,,,,,,,,,,N,,,,,,,,,,,N,,,,,,,,,,,N,,,,,,,,,,,N,,,
13,D,,,,,,,,N,,,,,,,,,,,N,,,,,,,,,,,N,,,,,,,,,,,N,,,,,,,,,,,N,,,,,,,,,,,N,,,,,,,,,,,N,,,,,,,,,,,N,,,,,,,,,,,N,,,,,,,,,,,N,,,
14,1,,,,,,,,N,,,,,,,,,,,N,,,,,,,,,,,N,,,,,,,,,,,N,,,,,,,,,,,N,,,,,,,,,,,N,,,,,,,,,,,N,,,,,,,,,,,N,,,,,,,,,,,N,,,,,,,,,,,N,,,
14,2,,,,,,,,N,,,,,,,,,,,N,,,,,,,,,,,N,,,,,,,,,,,N,,,,,,,,,,,N,,,,,,,,,,,N,,,,,,,,,,,N,,,,,,,,,,,N,,,,,,,,,,,N,,,,,,,,,,,N,,,
14,3,,,,,,,,N,,,,,,,,,,,N,,,,,,,,,,,N,,,,,,,,,,,N,,,,,,,,,,,N,,,,,,,,,,,N,,,,,,,,,,,N,,,,,,,,,,,N,,,,,,,,,,,N,,,,,,,,,,,N,,,
14,4,,,,,,,,N,,,,,,,,,,,N,,,,,,,,,,,N,,,,,,,,,,,N,,,,,,,,,,,N,,,,,,,,,,,N,,,,,,,,,,,N,,,,,,,,,,,N,,,,,,,,,,,N,,,,,,,,,,,N,,,
14,A,,,,,,,,N,,,,,,,,,,,N,,,,,,,,,,,N,,,,,,,,,,,N,,,,,,,,,,,N,,,,,,,,,,,N,,,,,,,,,,,N,,,,,,,,,,,N,,,,,,,,,,,N,,,,,,,,,,,N,,,
14,B,,,,,,,,N,,,,,,,,,,,N,,,,,,,,,,,N,,,,,,,,,,,N,,,,,,,,,,,N,,,,,,,,,,,N,,,,,,,,,,,N,,,,,,,,,,,N,,,,,,,,,,,N,,,,,,,,,,,N,,,
14,C,,,,,,,,N,,,,,,,,,,,N,,,,,,,,,,,N,,,,,,,,,,,N,,,,,,,,,,,N,,,,,,,,,,,N,,,,,,,,,,,N,,,,,,,,,,,N,,,,,,,,,,,N,,,,,,,,,,,N,,,
14,D,,,,,,,,N,,,,,,,,,,,N,,,,,,,,,,,N,,,,,,,,,,,N,,,,,,,,,,,N,,,,,,,,,,,N,,,,,,,,,,,N,,,,,,,,,,,N,,,,,,,,,,,N,,,,,,,,,,,N,,,
15,1,,,,,,,,N,,,,,,,,,,,N,,,,,,,,,,,N,,,,,,,,,,,N,,,,,,,,,,,N,,,,,,,,,,,N,,,,,,,,,,,N,,,,,,,,,,,N,,,,,,,,,,,N,,,,,,,,,,,N,,,
15,2,,,,,,,,N,,,,,,,,,,,N,,,,,,,,,,,N,,,,,,,,,,,N,,,,,,,,,,,N,,,,,,,,,,,N,,,,,,,,,,,N,,,,,,,,,,,N,,,,,,,,,,,N,,,,,,,,,,,N,,,
15,3,,,,,,,,N,,,,,,,,,,,N,,,,,,,,,,,N,,,,,,,,,,,N,,,,,,,,,,,N,,,,,,,,,,,N,,,,,,,,,,,N,,,,,,,,,,,N,,,,,,,,,,,N,,,,,,,,,,,N,,,
15,4,,,,,,,,N,,,,,,,,,,,N,,,,,,,,,,,N,,,,,,,,,,,N,,,,,,,,,,,N,,,,,,,,,,,N,,,,,,,,,,,N,,,,,,,,,,,N,,,,,,,,,,,N,,,,,,,,,,,N,,,
15,A,,,,,,,,N,,,,,,,,,,,N,,,,,,,,,,,N,,,,,,,,,,,N,,,,,,,,,,,N,,,,,,,,,,,N,,,,,,,,,,,N,,,,,,,,,,,N,,,,,,,,,,,N,,,,,,,,,,,N,,,
15,B,,,,,,,,N,,,,,,,,,,,N,,,,,,,,,,,N,,,,,,,,,,,N,,,,,,,,,,,N,,,,,,,,,,,N,,,,,,,,,,,N,,,,,,,,,,,N,,,,,,,,,,,N,,,,,,,,,,,N,,,
15,C,,,,,,,,N,,,,,,,,,,,N,,,,,,,,,,,N,,,,,,,,,,,N,,,,,,,,,,,N,,,,,,,,,,,N,,,,,,,,,,,N,,,,,,,,,,,N,,,,,,,,,,,N,,,,,,,,,,,N,,,
15,D,,,,,,,,N,,,,,,,,,,,N,,,,,,,,,,,N,,,,,,,,,,,N,,,,,,,,,,,N,,,,,,,,,,,N,,,,,,,,,,,N,,,,,,,,,,,N,,,,,,,,,,,N,,,,,,,,,,,N,,,
16,1,,,,,,,,N,,,,,,,,,,,N,,,,,,,,,,,N,,,,,,,,,,,N,,,,,,,,,,,N,,,,,,,,,,,N,,,,,,,,,,,N,,,,,,,,,,,N,,,,,,,,,,,N,,,,,,,,,,,N,,,
16,2,,,,,,,,N,,,,,,,,,,,N,,,,,,,,,,,N,,,,,,,,,,,N,,,,,,,,,,,N,,,,,,,,,,,N,,,,,,,,,,,N,,,,,,,,,,,N,,,,,,,,,,,N,,,,,,,,,,,N,,,
16,3,,,,,,,,N,,,,,,,,,,,N,,,,,,,,,,,N,,,,,,,,,,,N,,,,,,,,,,,N,,,,,,,,,,,N,,,,,,,,,,,N,,,,,,,,,,,N,,,,,,,,,,,N,,,,,,,,,,,N,,,
16,4,,,,,,,,N,,,,,,,,,,,N,,,,,,,,,,,N,,,,,,,,,,,N,,,,,,,,,,,N,,,,,,,,,,,N,,,,,,,,,,,N,,,,,,,,,,,N,,,,,,,,,,,N,,,,,,,,,,,N,,,
16,A,,,,,,,,N,,,,,,,,,,,N,,,,,,,,,,,N,,,,,,,,,,,N,,,,,,,,,,,N,,,,,,,,,,,N,,,,,,,,,,,N,,,,,,,,,,,N,,,,,,,,,,,N,,,,,,,,,,,N,,,
16,B,,,,,,,,N,,,,,,,,,,,N,,,,,,,,,,,N,,,,,,,,,,,N,,,,,,,,,,,N,,,,,,,,,,,N,,,,,,,,,,,N,,,,,,,,,,,N,,,,,,,,,,,N,,,,,,,,,,,N,,,
16,C,,,,,,,,N,,,,,,,,,,,N,,,,,,,,,,,N,,,,,,,,,,,N,,,,,,,,,,,N,,,,,,,,,,,N,,,,,,,,,,,N,,,,,,,,,,,N,,,,,,,,,,,N,,,,,,,,,,,N,,,
16,D,,,,,,,,N,,,,,,,,,,,N,,,,,,,,,,,N,,,,,,,,,,,N,,,,,,,,,,,N,,,,,,,,,,,N,,,,,,,,,,,N,,,,,,,,,,,N,,,,,,,,,,,N,,,,,,,,,,,N,,,
17,1,,,,,,,,N,,,,,,,,,,,N,,,,,,,,,,,N,,,,,,,,,,,N,,,,,,,,,,,N,,,,,,,,,,,N,,,,,,,,,,,N,,,,,,,,,,,N,,,,,,,,,,,N,,,,,,,,,,,N,,,
17,2,,,,,,,,N,,,,,,,,,,,N,,,,,,,,,,,N,,,,,,,,,,,N,,,,,,,,,,,N,,,,,,,,,,,N,,,,,,,,,,,N,,,,,,,,,,,N,,,,,,,,,,,N,,,,,,,,,,,N,,,
17,3,,,,,,,,N,,,,,,,,,,,N,,,,,,,,,,,N,,,,,,,,,,,N,,,,,,,,,,,N,,,,,,,,,,,N,,,,,,,,,,,N,,,,,,,,,,,N,,,,,,,,,,,N,,,,,,,,,,,N,,,
17,4,,,,,,,,N,,,,,,,,,,,N,,,,,,,,,,,N,,,,,,,,,,,N,,,,,,,,,,,N,,,,,,,,,,,N,,,,,,,,,,,N,,,,,,,,,,,N,,,,,,,,,,,N,,,,,,,,,,,N,,,
17,A,,,,,,,,N,,,,,,,,,,,N,,,,,,,,,,,N,,,,,,,,,,,N,,,,,,,,,,,N,,,,,,,,,,,N,,,,,,,,,,,N,,,,,,,,,,,N,,,,,,,,,,,N,,,,,,,,,,,N,,,
17,B,,,,,,,,N,,,,,,,,,,,N,,,,,,,,,,,N,,,,,,,,,,,N,,,,,,,,,,,N,,,,,,,,,,,N,,,,,,,,,,,N,,,,,,,,,,,N,,,,,,,,,,,N,,,,,,,,,,,N,,,
17,C,,,,,,,,N,,,,,,,,,,,N,,,,,,,,,,,N,,,,,,,,,,,N,,,,,,,,,,,N,,,,,,,,,,,N,,,,,,,,,,,N,,,,,,,,,,,N,,,,,,,,,,,N,,,,,,,,,,,N,,,
17,D,,,,,,,,N,,,,,,,,,,,N,,,,,,,,,,,N,,,,,,,,,,,N,,,,,,,,,,,N,,,,,,,,,,,N,,,,,,,,,,,N,,,,,,,,,,,N,,,,,,,,,,,N,,,,,,,,,,,N,,,
18,1,,,,,,,,N,,,,,,,,,,,N,,,,,,,,,,,N,,,,,,,,,,,N,,,,,,,,,,,N,,,,,,,,,,,N,,,,,,,,,,,N,,,,,,,,,,,N,,,,,,,,,,,N,,,,,,,,,,,N,,,
18,2,,,,,,,,N,,,,,,,,,,,N,,,,,,,,,,,N,,,,,,,,,,,N,,,,,,,,,,,N,,,,,,,,,,,N,,,,,,,,,,,N,,,,,,,,,,,N,,,,,,,,,,,N,,,,,,,,,,,N,,,
18,3,,,,,,,,N,,,,,,,,,,,N,,,,,,,,,,,N,,,,,,,,,,,N,,,,,,,,,,,N,,,,,,,,,,,N,,,,,,,,,,,N,,,,,,,,,,,N,,,,,,,,,,,N,,,,,,,,,,,N,,,
18,4,,,,,,,,N,,,,,,,,,,,N,,,,,,,,,,,N,,,,,,,,,,,N,,,,,,,,,,,N,,,,,,,,,,,N,,,,,,,,,,,N,,,,,,,,,,,N,,,,,,,,,,,N,,,,,,,,,,,N,,,
18,A,,,,,,,,N,,,,,,,,,,,N,,,,,,,,,,,N,,,,,,,,,,,N,,,,,,,,,,,N,,,,,,,,,,,N,,,,,,,,,,,N,,,,,,,,,,,N,,,,,,,,,,,N,,,,,,,,,,,N,,,
18,B,,,,,,,,N,,,,,,,,,,,N,,,,,,,,,,,N,,,,,,,,,,,N,,,,,,,,,,,N,,,,,,,,,,,N,,,,,,,,,,,N,,,,,,,,,,,N,,,,,,,,,,,N,,,,,,,,,,,N,,,
18,C,,,,,,,,N,,,,,,,,,,,N,,,,,,,,,,,N,,,,,,,,,,,N,,,,,,,,,,,N,,,,,,,,,,,N,,,,,,,,,,,N,,,,,,,,,,,N,,,,,,,,,,,N,,,,,,,,,,,N,,,
18,D,,,,,,,,N,,,,,,,,,,,N,,,,,,,,,,,N,,,,,,,,,,,N,,,,,,,,,,,N,,,,,,,,,,,N,,,,,,,,,,,N,,,,,,,,,,,N,,,,,,,,,,,N,,,,,,,,,,,N,,,
19,1,,,,,,,,N,,,,,,,,,,,N,,,,,,,,,,,N,,,,,,,,,,,N,,,,,,,,,,,N,,,,,,,,,,,N,,,,,,,,,,,N,,,,,,,,,,,N,,,,,,,,,,,N,,,,,,,,,,,N,,,
19,2,,,,,,,,N,,,,,,,,,,,N,,,,,,,,,,,N,,,,,,,,,,,N,,,,,,,,,,,N,,,,,,,,,,,N,,,,,,,,,,,N,,,,,,,,,,,N,,,,,,,,,,,N,,,,,,,,,,,N,,,
19,3,,,,,,,,N,,,,,,,,,,,N,,,,,,,,,,,N,,,,,,,,,,,N,,,,,,,,,,,N,,,,,,,,,,,N,,,,,,,,,,,N,,,,,,,,,,,N,,,,,,,,,,,N,,,,,,,,,,,N,,,
19,4,,,,,,,,N,,,,,,,,,,,N,,,,,,,,,,,N,,,,,,,,,,,N,,,,,,,,,,,N,,,,,,,,,,,N,,,,,,,,,,,N,,,,,,,,,,,N,,,,,,,,,,,N,,,,,,,,,,,N,,,
19,A,,,,,,,,N,,,,,,,,,,,N,,,,,,,,,,,N,,,,,,,,,,,N,,,,,,,,,,,N,,,,,,,,,,,N,,,,,,,,,,,N,,,,,,,,,,,N,,,,,,,,,,,N,,,,,,,,,,,N,,,
19,B,,,,,,,,N,,,,,,,,,,,N,,,,,,,,,,,N,,,,,,,,,,,N,,,,,,,,,,,N,,,,,,,,,,,N,,,,,,,,,,,N,,,,,,,,,,,N,,,,,,,,,,,N,,,,,,,,,,,N,,,
19,C,,,,,,,,N,,,,,,,,,,,N,,,,,,,,,,,N,,,,,,,,,,,N,,,,,,,,,,,N,,,,,,,,,,,N,,,,,,,,,,,N,,,,,,,,,,,N,,,,,,,,,,,N,,,,,,,,,,,N,,,
19,D,,,,,,,,N,,,,,,,,,,,N,,,,,,,,,,,N,,,,,,,,,,,N,,,,,,,,,,,N,,,,,,,,,,,N,,,,,,,,,,,N,,,,,,,,,,,N,,,,,,,,,,,N,,,,,,,,,,,N,,,
20,1,,,,,,,,N,,,,,,,,,,,N,,,,,,,,,,,N,,,,,,,,,,,N,,,,,,,,,,,N,,,,,,,,,,,N,,,,,,,,,,,N,,,,,,,,,,,N,,,,,,,,,,,N,,,,,,,,,,,N,,,
20,2,,,,,,,,N,,,,,,,,,,,N,,,,,,,,,,,N,,,,,,,,,,,N,,,,,,,,,,,N,,,,,,,,,,,N,,,,,,,,,,,N,,,,,,,,,,,N,,,,,,,,,,,N,,,,,,,,,,,N,,,
20,3,,,,,,,,N,,,,,,,,,,,N,,,,,,,,,,,N,,,,,,,,,,,N,,,,,,,,,,,N,,,,,,,,,,,N,,,,,,,,,,,N,,,,,,,,,,,N,,,,,,,,,,,N,,,,,,,,,,,N,,,
20,4,,,,,,,,N,,,,,,,,,,,N,,,,,,,,,,,N,,,,,,,,,,,N,,,,,,,,,,,N,,,,,,,,,,,N,,,,,,,,,,,N,,,,,,,,,,,N,,,,,,,,,,,N,,,,,,,,,,,N,,,
20,A,,,,,,,,N,,,,,,,,,,,N,,,,,,,,,,,N,,,,,,,,,,,N,,,,,,,,,,,N,,,,,,,,,,,N,,,,,,,,,,,N,,,,,,,,,,,N,,,,,,,,,,,N,,,,,,,,,,,N,,,
20,B,,,,,,,,N,,,,,,,,,,,N,,,,,,,,,,,N,,,,,,,,,,,N,,,,,,,,,,,N,,,,,,,,,,,N,,,,,,,,,,,N,,,,,,,,,,,N,,,,,,,,,,,N,,,,,,,,,,,N,,,
20,C,,,,,,,,N,,,,,,,,,,,N,,,,,,,,,,,N,,,,,,,,,,,N,,,,,,,,,,,N,,,,,,,,,,,N,,,,,,,,,,,N,,,,,,,,,,,N,,,,,,,,,,,N,,,,,,,,,,,N,,,
20,D,,,,,,,,N,,,,,,,,,,,N,,,,,,,,,,,N,,,,,,,,,,,N,,,,,,,,,,,N,,,,,,,,,,,N,,,,,,,,,,,N,,,,,,,,,,,N,,,,,,,,,,,N,,,,,,,,,,,N,,,
21,1,,,,,,,,N,,,,,,,,,,,N,,,,,,,,,,,N,,,,,,,,,,,N,,,,,,,,,,,N,,,,,,,,,,,N,,,,,,,,,,,N,,,,,,,,,,,N,,,,,,,,,,,N,,,,,,,,,,,N,,,
21,2,,,,,,,,N,,,,,,,,,,,N,,,,,,,,,,,N,,,,,,,,,,,N,,,,,,,,,,,N,,,,,,,,,,,N,,,,,,,,,,,N,,,,,,,,,,,N,,,,,,,,,,,N,,,,,,,,,,,N,,,
21,3,,,,,,,,N,,,,,,,,,,,N,,,,,,,,,,,N,,,,,,,,,,,N,,,,,,,,,,,N,,,,,,,,,,,N,,,,,,,,,,,N,,,,,,,,,,,N,,,,,,,,,,,N,,,,,,,,,,,N,,,
21,4,,,,,,,,N,,,,,,,,,,,N,,,,,,,,,,,N,,,,,,,,,,,N,,,,,,,,,,,N,,,,,,,,,,,N,,,,,,,,,,,N,,,,,,,,,,,N,,,,,,,,,,,N,,,,,,,,,,,N,,,
21,A,,,,,,,,N,,,,,,,,,,,N,,,,,,,,,,,N,,,,,,,,,,,N,,,,,,,,,,,N,,,,,,,,,,,N,,,,,,,,,,,N,,,,,,,,,,,N,,,,,,,,,,,N,,,,,,,,,,,N,,,
21,B,,,,,,,,N,,,,,,,,,,,N,,,,,,,,,,,N,,,,,,,,,,,N,,,,,,,,,,,N,,,,,,,,,,,N,,,,,,,,,,,N,,,,,,,,,,,N,,,,,,,,,,,N,,,,,,,,,,,N,,,
21,C,,,,,,,,N,,,,,,,,,,,N,,,,,,,,,,,N,,,,,,,,,,,N,,,,,,,,,,,N,,,,,,,,,,,N,,,,,,,,,,,N,,,,,,,,,,,N,,,,,,,,,,,N,,,,,,,,,,,N,,,
21,D,,,,,,,,N,,,,,,,,,,,N,,,,,,,,,,,N,,,,,,,,,,,N,,,,,,,,,,,N,,,,,,,,,,,N,,,,,,,,,,,N,,,,,,,,,,,N,,,,,,,,,,,N,,,,,,,,,,,N,,,
22,1,,,,,,,,N,,,,,,,,,,,N,,,,,,,,,,,N,,,,,,,,,,,N,,,,,,,,,,,N,,,,,,,,,,,N,,,,,,,,,,,N,,,,,,,,,,,N,,,,,,,,,,,N,,,,,,,,,,,N,,,
22,2,,,,,,,,N,,,,,,,,,,,N,,,,,,,,,,,N,,,,,,,,,,,N,,,,,,,,,,,N,,,,,,,,,,,N,,,,,,,,,,,N,,,,,,,,,,,N,,,,,,,,,,,N,,,,,,,,,,,N,,,
22,3,,,,,,,,N,,,,,,,,,,,N,,,,,,,,,,,N,,,,,,,,,,,N,,,,,,,,,,,N,,,,,,,,,,,N,,,,,,,,,,,N,,,,,,,,,,,N,,,,,,,,,,,N,,,,,,,,,,,N,,,
22,4,,,,,,,,N,,,,,,,,,,,N,,,,,,,,,,,N,,,,,,,,,,,N,,,,,,,,,,,N,,,,,,,,,,,N,,,,,,,,,,,N,,,,,,,,,,,N,,,,,,,,,,,N,,,,,,,,,,,N,,,
22,A,,,,,,,,N,,,,,,,,,,,N,,,,,,,,,,,N,,,,,,,,,,,N,,,,,,,,,,,N,,,,,,,,,,,N,,,,,,,,,,,N,,,,,,,,,,,N,,,,,,,,,,,N,,,,,,,,,,,N,,,
22,B,,,,,,,,N,,,,,,,,,,,N,,,,,,,,,,,N,,,,,,,,,,,N,,,,,,,,,,,N,,,,,,,,,,,N,,,,,,,,,,,N,,,,,,,,,,,N,,,,,,,,,,,N,,,,,,,,,,,N,,,
22,C,,,,,,,,N,,,,,,,,,,,N,,,,,,,,,,,N,,,,,,,,,,,N,,,,,,,,,,,N,,,,,,,,,,,N,,,,,,,,,,,N,,,,,,,,,,,N,,,,,,,,,,,N,,,,,,,,,,,N,,,
22,D,,,,,,,,N,,,,,,,,,,,N,,,,,,,,,,,N,,,,,,,,,,,N,,,,,,,,,,,N,,,,,,,,,,,N,,,,,,,,,,,N,,,,,,,,,,,N,,,,,,,,,,,N,,,,,,,,,,,N,,,
23,1,,,,,,,,N,,,,,,,,,,,N,,,,,,,,,,,N,,,,,,,,,,,N,,,,,,,,,,,N,,,,,,,,,,,N,,,,,,,,,,,N,,,,,,,,,,,N,,,,,,,,,,,N,,,,,,,,,,,N,,,
23,2,,,,,,,,N,,,,,,,,,,,N,,,,,,,,,,,N,,,,,,,,,,,N,,,,,,,,,,,N,,,,,,,,,,,N,,,,,,,,,,,N,,,,,,,,,,,N,,,,,,,,,,,N,,,,,,,,,,,N,,,
23,3,,,,,,,,N,,,,,,,,,,,N,,,,,,,,,,,N,,,,,,,,,,,N,,,,,,,,,,,N,,,,,,,,,,,N,,,,,,,,,,,N,,,,,,,,,,,N,,,,,,,,,,,N,,,,,,,,,,,N,,,
23,4,,,,,,,,N,,,,,,,,,,,N,,,,,,,,,,,N,,,,,,,,,,,N,,,,,,,,,,,N,,,,,,,,,,,N,,,,,,,,,,,N,,,,,,,,,,,N,,,,,,,,,,,N,,,,,,,,,,,N,,,
23,A,,,,,,,,N,,,,,,,,,,,N,,,,,,,,,,,N,,,,,,,,,,,N,,,,,,,,,,,N,,,,,,,,,,,N,,,,,,,,,,,N,,,,,,,,,,,N,,,,,,,,,,,N,,,,,,,,,,,N,,,
23,B,,,,,,,,N,,,,,,,,,,,N,,,,,,,,,,,N,,,,,,,,,,,N,,,,,,,,,,,N,,,,,,,,,,,N,,,,,,,,,,,N,,,,,,,,,,,N,,,,,,,,,,,N,,,,,,,,,,,N,,,
23,C,,,,,,,,N,,,,,,,,,,,N,,,,,,,,,,,N,,,,,,,,,,,N,,,,,,,,,,,N,,,,,,,,,,,N,,,,,,,,,,,N,,,,,,,,,,,N,,,,,,,,,,,N,,,,,,,,,,,N,,,
23,D,,,,,,,,N,,,,,,,,,,,N,,,,,,,,,,,N,,,,,,,,,,,N,,,,,,,,,,,N,,,,,,,,,,,N,,,,,,,,,,,N,,,,,,,,,,,N,,,,,,,,,,,N,,,,,,,,,,,N,,,
24,1,,,,,,,,N,,,,,,,,,,,N,,,,,,,,,,,N,,,,,,,,,,,N,,,,,,,,,,,N,,,,,,,,,,,N,,,,,,,,,,,N,,,,,,,,,,,N,,,,,,,,,,,N,,,,,,,,,,,N,,,
24,2,,,,,,,,N,,,,,,,,,,,N,,,,,,,,,,,N,,,,,,,,,,,N,,,,,,,,,,,N,,,,,,,,,,,N,,,,,,,,,,,N,,,,,,,,,,,N,,,,,,,,,,,N,,,,,,,,,,,N,,,
24,3,,,,,,,,N,,,,,,,,,,,N,,,,,,,,,,,N,,,,,,,,,,,N,,,,,,,,,,,N,,,,,,,,,,,N,,,,,,,,,,,N,,,,,,,,,,,N,,,,,,,,,,,N,,,,,,,,,,,N,,,
24,4,,,,,,,,N,,,,,,,,,,,N,,,,,,,,,,,N,,,,,,,,,,,N,,,,,,,,,,,N,,,,,,,,,,,N,,,,,,,,,,,N,,,,,,,,,,,N,,,,,,,,,,,N,,,,,,,,,,,N,,,
24,A,,,,,,,,N,,,,,,,,,,,N,,,,,,,,,,,N,,,,,,,,,,,N,,,,,,,,,,,N,,,,,,,,,,,N,,,,,,,,,,,N,,,,,,,,,,,N,,,,,,,,,,,N,,,,,,,,,,,N,,,
24,B,,,,,,,,N,,,,,,,,,,,N,,,,,,,,,,,N,,,,,,,,,,,N,,,,,,,,,,,N,,,,,,,,,,,N,,,,,,,,,,,N,,,,,,,,,,,N,,,,,,,,,,,N,,,,,,,,,,,N,,,
24,C,,,,,,,,N,,,,,,,,,,,N,,,,,,,,,,,N,,,,,,,,,,,N,,,,,,,,,,,N,,,,,,,,,,,N,,,,,,,,,,,N,,,,,,,,,,,N,,,,,,,,,,,N,,,,,,,,,,,N,,,
24,D,,,,,,,,N,,,,,,,,,,,N,,,,,,,,,,,N,,,,,,,,,,,N,,,,,,,,,,,N,,,,,,,,,,,N,,,,,,,,,,,N,,,,,,,,,,,N,,,,,,,,,,,N,,,,,,,,,,,N,,,
25,1,,,,,,,,N,,,,,,,,,,,N,,,,,,,,,,,N,,,,,,,,,,,N,,,,,,,,,,,N,,,,,,,,,,,N,,,,,,,,,,,N,,,,,,,,,,,N,,,,,,,,,,,N,,,,,,,,,,,N,,,
25,2,,,,,,,,N,,,,,,,,,,,N,,,,,,,,,,,N,,,,,,,,,,,N,,,,,,,,,,,N,,,,,,,,,,,N,,,,,,,,,,,N,,,,,,,,,,,N,,,,,,,,,,,N,,,,,,,,,,,N,,,
25,3,,,,,,,,N,,,,,,,,,,,N,,,,,,,,,,,N,,,,,,,,,,,N,,,,,,,,,,,N,,,,,,,,,,,N,,,,,,,,,,,N,,,,,,,,,,,N,,,,,,,,,,,N,,,,,,,,,,,N,,,
25,4,,,,,,,,N,,,,,,,,,,,N,,,,,,,,,,,N,,,,,,,,,,,N,,,,,,,,,,,N,,,,,,,,,,,N,,,,,,,,,,,N,,,,,,,,,,,N,,,,,,,,,,,N,,,,,,,,,,,N,,,
25,A,,,,,,,,N,,,,,,,,,,,N,,,,,,,,,,,N,,,,,,,,,,,N,,,,,,,,,,,N,,,,,,,,,,,N,,,,,,,,,,,N,,,,,,,,,,,N,,,,,,,,,,,N,,,,,,,,,,,N,,,
25,B,,,,,,,,N,,,,,,,,,,,N,,,,,,,,,,,N,,,,,,,,,,,N,,,,,,,,,,,N,,,,,,,,,,,N,,,,,,,,,,,N,,,,,,,,,,,N,,,,,,,,,,,N,,,,,,,,,,,N,,,
25,C,,,,,,,,N,,,,,,,,,,,N,,,,,,,,,,,N,,,,,,,,,,,N,,,,,,,,,,,N,,,,,,,,,,,N,,,,,,,,,,,N,,,,,,,,,,,N,,,,,,,,,,,N,,,,,,,,,,,N,,,
25,D,,,,,,,,N,,,,,,,,,,,N,,,,,,,,,,,N,,,,,,,,,,,N,,,,,,,,,,,N,,,,,,,,,,,N,,,,,,,,,,,N,,,,,,,,,,,N,,,,,,,,,,,N,,,,,,,,,,,N,,,
26,1,,,,,,,,N,,,,,,,,,,,N,,,,,,,,,,,N,,,,,,,,,,,N,,,,,,,,,,,N,,,,,,,,,,,N,,,,,,,,,,,N,,,,,,,,,,,N,,,,,,,,,,,N,,,,,,,,,,,N,,,
26,2,,,,,,,,N,,,,,,,,,,,N,,,,,,,,,,,N,,,,,,,,,,,N,,,,,,,,,,,N,,,,,,,,,,,N,,,,,,,,,,,N,,,,,,,,,,,N,,,,,,,,,,,N,,,,,,,,,,,N,,,
26,3,,,,,,,,N,,,,,,,,,,,N,,,,,,,,,,,N,,,,,,,,,,,N,,,,,,,,,,,N,,,,,,,,,,,N,,,,,,,,,,,N,,,,,,,,,,,N,,,,,,,,,,,N,,,,,,,,,,,N,,,
26,4,,,,,,,,N,,,,,,,,,,,N,,,,,,,,,,,N,,,,,,,,,,,N,,,,,,,,,,,N,,,,,,,,,,,N,,,,,,,,,,,N,,,,,,,,,,,N,,,,,,,,,,,N,,,,,,,,,,,N,,,
26,A,,,,,,,,N,,,,,,,,,,,N,,,,,,,,,,,N,,,,,,,,,,,N,,,,,,,,,,,N,,,,,,,,,,,N,,,,,,,,,,,N,,,,,,,,,,,N,,,,,,,,,,,N,,,,,,,,,,,N,,,
26,B,,,,,,,,N,,,,,,,,,,,N,,,,,,,,,,,N,,,,,,,,,,,N,,,,,,,,,,,N,,,,,,,,,,,N,,,,,,,,,,,N,,,,,,,,,,,N,,,,,,,,,,,N,,,,,,,,,,,N,,,
26,C,,,,,,,,N,,,,,,,,,,,N,,,,,,,,,,,N,,,,,,,,,,,N,,,,,,,,,,,N,,,,,,,,,,,N,,,,,,,,,,,N,,,,,,,,,,,N,,,,,,,,,,,N,,,,,,,,,,,N,,,
26,D,,,,,,,,N,,,,,,,,,,,N,,,,,,,,,,,N,,,,,,,,,,,N,,,,,,,,,,,N,,,,,,,,,,,N,,,,,,,,,,,N,,,,,,,,,,,N,,,,,,,,,,,N,,,,,,,,,,,N,,,
27,1,,,,,,,,N,,,,,,,,,,,N,,,,,,,,,,,N,,,,,,,,,,,N,,,,,,,,,,,N,,,,,,,,,,,N,,,,,,,,,,,N,,,,,,,,,,,N,,,,,,,,,,,N,,,,,,,,,,,N,,,
27,2,,,,,,,,N,,,,,,,,,,,N,,,,,,,,,,,N,,,,,,,,,,,N,,,,,,,,,,,N,,,,,,,,,,,N,,,,,,,,,,,N,,,,,,,,,,,N,,,,,,,,,,,N,,,,,,,,,,,N,,,
27,3,,,,,,,,N,,,,,,,,,,,N,,,,,,,,,,,N,,,,,,,,,,,N,,,,,,,,,,,N,,,,,,,,,,,N,,,,,,,,,,,N,,,,,,,,,,,N,,,,,,,,,,,N,,,,,,,,,,,N,,,
27,4,,,,,,,,N,,,,,,,,,,,N,,,,,,,,,,,N,,,,,,,,,,,N,,,,,,,,,,,N,,,,,,,,,,,N,,,,,,,,,,,N,,,,,,,,,,,N,,,,,,,,,,,N,,,,,,,,,,,N,,,
27,A,,,,,,,,N,,,,,,,,,,,N,,,,,,,,,,,N,,,,,,,,,,,N,,,,,,,,,,,N,,,,,,,,,,,N,,,,,,,,,,,N,,,,,,,,,,,N,,,,,,,,,,,N,,,,,,,,,,,N,,,
27,B,,,,,,,,N,,,,,,,,,,,N,,,,,,,,,,,N,,,,,,,,,,,N,,,,,,,,,,,N,,,,,,,,,,,N,,,,,,,,,,,N,,,,,,,,,,,N,,,,,,,,,,,N,,,,,,,,,,,N,,,
27,C,,,,,,,,N,,,,,,,,,,,N,,,,,,,,,,,N,,,,,,,,,,,N,,,,,,,,,,,N,,,,,,,,,,,N,,,,,,,,,,,N,,,,,,,,,,,N,,,,,,,,,,,N,,,,,,,,,,,N,,,
27,D,,,,,,,,N,,,,,,,,,,,N,,,,,,,,,,,N,,,,,,,,,,,N,,,,,,,,,,,N,,,,,,,,,,,N,,,,,,,,,,,N,,,,,,,,,,,N,,,,,,,,,,,N,,,,,,,,,,,N,,,
28,1,,,,,,,,N,,,,,,,,,,,N,,,,,,,,,,,N,,,,,,,,,,,N,,,,,,,,,,,N,,,,,,,,,,,N,,,,,,,,,,,N,,,,,,,,,,,N,,,,,,,,,,,N,,,,,,,,,,,N,,,
28,2,,,,,,,,N,,,,,,,,,,,N,,,,,,,,,,,N,,,,,,,,,,,N,,,,,,,,,,,N,,,,,,,,,,,N,,,,,,,,,,,N,,,,,,,,,,,N,,,,,,,,,,,N,,,,,,,,,,,N,,,
28,3,,,,,,,,N,,,,,,,,,,,N,,,,,,,,,,,N,,,,,,,,,,,N,,,,,,,,,,,N,,,,,,,,,,,N,,,,,,,,,,,N,,,,,,,,,,,N,,,,,,,,,,,N,,,,,,,,,,,N,,,
28,4,,,,,,,,N,,,,,,,,,,,N,,,,,,,,,,,N,,,,,,,,,,,N,,,,,,,,,,,N,,,,,,,,,,,N,,,,,,,,,,,N,,,,,,,,,,,N,,,,,,,,,,,N,,,,,,,,,,,N,,,
28,A,,,,,,,,N,,,,,,,,,,,N,,,,,,,,,,,N,,,,,,,,,,,N,,,,,,,,,,,N,,,,,,,,,,,N,,,,,,,,,,,N,,,,,,,,,,,N,,,,,,,,,,,N,,,,,,,,,,,N,,,
28,B,,,,,,,,N,,,,,,,,,,,N,,,,,,,,,,,N,,,,,,,,,,,N,,,,,,,,,,,N,,,,,,,,,,,N,,,,,,,,,,,N,,,,,,,,,,,N,,,,,,,,,,,N,,,,,,,,,,,N,,,
28,C,,,,,,,,N,,,,,,,,,,,N,,,,,,,,,,,N,,,,,,,,,,,N,,,,,,,,,,,N,,,,,,,,,,,N,,,,,,,,,,,N,,,,,,,,,,,N,,,,,,,,,,,N,,,,,,,,,,,N,,,
28,D,,,,,,,,N,,,,,,,,,,,N,,,,,,,,,,,N,,,,,,,,,,,N,,,,,,,,,,,N,,,,,,,,,,,N,,,,,,,,,,,N,,,,,,,,,,,N,,,,,,,,,,,N,,,,,,,,,,,N,,,
29,1,,,,,,,,N,,,,,,,,,,,N,,,,,,,,,,,N,,,,,,,,,,,N,,,,,,,,,,,N,,,,,,,,,,,N,,,,,,,,,,,N,,,,,,,,,,,N,,,,,,,,,,,N,,,,,,,,,,,N,,,
29,2,,,,,,,,N,,,,,,,,,,,N,,,,,,,,,,,N,,,,,,,,,,,N,,,,,,,,,,,N,,,,,,,,,,,N,,,,,,,,,,,N,,,,,,,,,,,N,,,,,,,,,,,N,,,,,,,,,,,N,,,
29,3,,,,,,,,N,,,,,,,,,,,N,,,,,,,,,,,N,,,,,,,,,,,N,,,,,,,,,,,N,,,,,,,,,,,N,,,,,,,,,,,N,,,,,,,,,,,N,,,,,,,,,,,N,,,,,,,,,,,N,,,
29,4,,,,,,,,N,,,,,,,,,,,N,,,,,,,,,,,N,,,,,,,,,,,N,,,,,,,,,,,N,,,,,,,,,,,N,,,,,,,,,,,N,,,,,,,,,,,N,,,,,,,,,,,N,,,,,,,,,,,N,,,
29,A,,,,,,,,N,,,,,,,,,,,N,,,,,,,,,,,N,,,,,,,,,,,N,,,,,,,,,,,N,,,,,,,,,,,N,,,,,,,,,,,N,,,,,,,,,,,N,,,,,,,,,,,N,,,,,,,,,,,N,,,
29,B,,,,,,,,N,,,,,,,,,,,N,,,,,,,,,,,N,,,,,,,,,,,N,,,,,,,,,,,N,,,,,,,,,,,N,,,,,,,,,,,N,,,,,,,,,,,N,,,,,,,,,,,N,,,,,,,,,,,N,,,
29,C,,,,,,,,N,,,,,,,,,,,N,,,,,,,,,,,N,,,,,,,,,,,N,,,,,,,,,,,N,,,,,,,,,,,N,,,,,,,,,,,N,,,,,,,,,,,N,,,,,,,,,,,N,,,,,,,,,,,N,,,
29,D,,,,,,,,N,,,,,,,,,,,N,,,,,,,,,,,N,,,,,,,,,,,N,,,,,,,,,,,N,,,,,,,,,,,N,,,,,,,,,,,N,,,,,,,,,,,N,,,,,,,,,,,N,,,,,,,,,,,N,,,
30,1,,,,,,,,N,,,,,,,,,,,N,,,,,,,,,,,N,,,,,,,,,,,N,,,,,,,,,,,N,,,,,,,,,,,N,,,,,,,,,,,N,,,,,,,,,,,N,,,,,,,,,,,N,,,,,,,,,,,N,,,
30,2,,,,,,,,N,,,,,,,,,,,N,,,,,,,,,,,N,,,,,,,,,,,N,,,,,,,,,,,N,,,,,,,,,,,N,,,,,,,,,,,N,,,,,,,,,,,N,,,,,,,,,,,N,,,,,,,,,,,N,,,
30,3,,,,,,,,N,,,,,,,,,,,N,,,,,,,,,,,N,,,,,,,,,,,N,,,,,,,,,,,N,,,,,,,,,,,N,,,,,,,,,,,N,,,,,,,,,,,N,,,,,,,,,,,N,,,,,,,,,,,N,,,
30,4,,,,,,,,N,,,,,,,,,,,N,,,,,,,,,,,N,,,,,,,,,,,N,,,,,,,,,,,N,,,,,,,,,,,N,,,,,,,,,,,N,,,,,,,,,,,N,,,,,,,,,,,N,,,,,,,,,,,N,,,
30,A,,,,,,,,N,,,,,,,,,,,N,,,,,,,,,,,N,,,,,,,,,,,N,,,,,,,,,,,N,,,,,,,,,,,N,,,,,,,,,,,N,,,,,,,,,,,N,,,,,,,,,,,N,,,,,,,,,,,N,,,
30,B,,,,,,,,N,,,,,,,,,,,N,,,,,,,,,,,N,,,,,,,,,,,N,,,,,,,,,,,N,,,,,,,,,,,N,,,,,,,,,,,N,,,,,,,,,,,N,,,,,,,,,,,N,,,,,,,,,,,N,,,
30,C,,,,,,,,N,,,,,,,,,,,N,,,,,,,,,,,N,,,,,,,,,,,N,,,,,,,,,,,N,,,,,,,,,,,N,,,,,,,,,,,N,,,,,,,,,,,N,,,,,,,,,,,N,,,,,,,,,,,N,,,
30,D,,,,,,,,N,,,,,,,,,,,N,,,,,,,,,,,N,,,,,,,,,,,N,,,,,,,,,,,N,,,,,,,,,,,N,,,,,,,,,,,N,,,,,,,,,,,N,,,,,,,,,,,N,,,,,,,,,,,N,,,
31,1,,,,,,,,N,,,,,,,,,,,N,,,,,,,,,,,N,,,,,,,,,,,N,,,,,,,,,,,N,,,,,,,,,,,N,,,,,,,,,,,N,,,,,,,,,,,N,,,,,,,,,,,N,,,,,,,,,,,N,,,
31,2,,,,,,,,N,,,,,,,,,,,N,,,,,,,,,,,N,,,,,,,,,,,N,,,,,,,,,,,N,,,,,,,,,,,N,,,,,,,,,,,N,,,,,,,,,,,N,,,,,,,,,,,N,,,,,,,,,,,N,,,
31,3,,,,,,,,N,,,,,,,,,,,N,,,,,,,,,,,N,,,,,,,,,,,N,,,,,,,,,,,N,,,,,,,,,,,N,,,,,,,,,,,N,,,,,,,,,,,N,,,,,,,,,,,N,,,,,,,,,,,N,,,
31,4,,,,,,,,N,,,,,,,,,,,N,,,,,,,,,,,N,,,,,,,,,,,N,,,,,,,,,,,N,,,,,,,,,,,N,,,,,,,,,,,N,,,,,,,,,,,N,,,,,,,,,,,N,,,,,,,,,,,N,,,
31,A,,,,,,,,N,,,,,,,,,,,N,,,,,,,,,,,N,,,,,,,,,,,N,,,,,,,,,,,N,,,,,,,,,,,N,,,,,,,,,,,N,,,,,,,,,,,N,,,,,,,,,,,N,,,,,,,,,,,N,,,
31,B,,,,,,,,N,,,,,,,,,,,N,,,,,,,,,,,N,,,,,,,,,,,N,,,,,,,,,,,N,,,,,,,,,,,N,,,,,,,,,,,N,,,,,,,,,,,N,,,,,,,,,,,N,,,,,,,,,,,N,,,
31,C,,,,,,,,N,,,,,,,,,,,N,,,,,,,,,,,N,,,,,,,,,,,N,,,,,,,,,,,N,,,,,,,,,,,N,,,,,,,,,,,N,,,,,,,,,,,N,,,,,,,,,,,N,,,,,,,,,,,N,,,
31,D,,,,,,,,N,,,,,,,,,,,N,,,,,,,,,,,N,,,,,,,,,,,N,,,,,,,,,,,N,,,,,,,,,,,N,,,,,,,,,,,N,,,,,,,,,,,N,,,,,,,,,,,N,,,,,,,,,,,N,,,
,,,,,,,,,,,,,,,,,,,,,,,,,,,,,,,,,,,,,,,,,,,,,,,,,,
* DoublePress_Settings,,,,,,,,,,,,,,,,,,,,,,,,,,,,,,,,,,,,,,,,,,,,,,,,,,
Bank_Number,Button_Identifier,A_CommandType,A_Channel_(PC/CC/Note/PB),A_Number_(PC/CC/Note),A_OnValue_(CC/PB),A_OffValue_(CC),A_BankSelect_(PC),A_BankSelectHighByte_(PC),A_Toggle_(CC/PB/Note),A_Velocity_(Note),A_Duration_(Note/PB),A_KeyMode_(Key),B_CommandType,B_Channel_(PC/CC/Note/PB),B_Number_(PC/CC/Note),B_OnValue_(CC/PB),B_OffValue_(CC),B_BankSelect_(PC),B_BankSelectHighByte_(PC),B_Toggle_(CC/PB/Note),B_Velocity_(Note),B_Duration_(Note/PB),B_KeyMode_(Key),C_CommandType,C_Channel_(PC/CC/Note/PB),C_Number_(PC/CC/Note),C_OnValue_(CC/PB),C_OffValue_(CC),C_BankSelect_(PC),C_BankSelectHighByte_(PC),C_Toggle_(CC/PB/Note),C_Velocity_(Note),C_Duration_(Note/PB),C_KeyMode_(Key),D_CommandType,D_Channel_(PC/CC/Note/PB),D_Number_(PC/CC/Note),D_OnValue_(CC/PB),D_OffValue_(CC),D_BankSelect_(PC),D_BankSelectHighByte_(PC),D_Toggle_(CC/PB/Note),D_Velocity_(Note),D_Duration_(Note/PB),D_KeyMode_(Key),E_CommandType,E_Channel_(PC/CC/Note/PB),E_Number_(PC/CC/Note),E_OnValue_(CC/PB),E_OffValue_(CC),E_BankSelect_(PC),E_BankSelectHighByte_(PC),E_Toggle_(CC/PB/Note),E_Velocity_(Note),E_Duration_(Note/PB),E_KeyMode_(Key),F_CommandType,F_Channel_(PC/CC/Note/PB),F_Number_(PC/CC/Note),F_OnValue_(CC/PB),F_OffValue_(CC),F_BankSelect_(PC),F_BankSelectHighByte_(PC),F_Toggle_(CC/PB/Note),F_Velocity_(Note),F_Duration_(Note/PB),F_KeyMode_(Key),G_CommandType,G_Channel_(PC/CC/Note/PB),G_Number_(PC/CC/Note),G_OnValue_(CC/PB),G_OffValue_(CC),G_BankSelect_(PC),G_BankSelectHighByte_(PC),G_Toggle_(CC/PB/Note),G_Velocity_(Note),G_Duration_(Note/PB),G_KeyMode_(Key),H_CommandType,H_Channel_(PC/CC/Note/PB),H_Number_(PC/CC/Note),H_OnValue_(CC/PB),H_OffValue_(CC),H_BankSelect_(PC),H_BankSelectHighByte_(PC),H_Toggle_(CC/PB/Note),H_Velocity_(Note),H_Duration_(Note/PB),H_KeyMode_(Key),I_CommandType,I_Channel_(PC/CC/Note/PB),I_Number_(PC/CC/Note),I_OnValue_(CC/PB),I_OffValue_(CC),I_BankSelect_(PC),I_BankSelectHighByte_(PC),I_Toggle_(CC/PB/Note),I_Velocity_(Note),I_Duration_(Note/PB),I_KeyMode_(Key),J_CommandType,J_Channel_(PC/CC/Note/PB),J_Number_(PC/CC/Note),J_OnValue_(CC/PB),J_OffValue_(CC),J_BankSelect_(PC),J_BankSelectHighByte_(PC),J_Toggle_(CC/PB/Note),J_Velocity_(Note),J_Duration_(Note/PB),J_KeyMode_(Key)
0,1,,,,,,,,N,,,,,,,,,,,N,,,,,,,,,,,N,,,,,,,,,,,N,,,,,,,,,,,N,,,,,,,,,,,N,,,,,,,,,,,N,,,,,,,,,,,N,,,,,,,,,,,N,,,,,,,,,,,N,,,
0,2,,,,,,,,N,,,,,,,,,,,N,,,,,,,,,,,N,,,,,,,,,,,N,,,,,,,,,,,N,,,,,,,,,,,N,,,,,,,,,,,N,,,,,,,,,,,N,,,,,,,,,,,N,,,,,,,,,,,N,,,
0,3,,,,,,,,N,,,,,,,,,,,N,,,,,,,,,,,N,,,,,,,,,,,N,,,,,,,,,,,N,,,,,,,,,,,N,,,,,,,,,,,N,,,,,,,,,,,N,,,,,,,,,,,N,,,,,,,,,,,N,,,
0,4,,,,,,,,N,,,,,,,,,,,N,,,,,,,,,,,N,,,,,,,,,,,N,,,,,,,,,,,N,,,,,,,,,,,N,,,,,,,,,,,N,,,,,,,,,,,N,,,,,,,,,,,N,,,,,,,,,,,N,,,
0,A,,,,,,,,N,,,,,,,,,,,N,,,,,,,,,,,N,,,,,,,,,,,N,,,,,,,,,,,N,,,,,,,,,,,N,,,,,,,,,,,N,,,,,,,,,,,N,,,,,,,,,,,N,,,,,,,,,,,N,,,
0,B,,,,,,,,N,,,,,,,,,,,N,,,,,,,,,,,N,,,,,,,,,,,N,,,,,,,,,,,N,,,,,,,,,,,N,,,,,,,,,,,N,,,,,,,,,,,N,,,,,,,,,,,N,,,,,,,,,,,N,,,
0,C,,,,,,,,N,,,,,,,,,,,N,,,,,,,,,,,N,,,,,,,,,,,N,,,,,,,,,,,N,,,,,,,,,,,N,,,,,,,,,,,N,,,,,,,,,,,N,,,,,,,,,,,N,,,,,,,,,,,N,,,
0,D,,,,,,,,N,,,,,,,,,,,N,,,,,,,,,,,N,,,,,,,,,,,N,,,,,,,,,,,N,,,,,,,,,,,N,,,,,,,,,,,N,,,,,,,,,,,N,,,,,,,,,,,N,,,,,,,,,,,N,,,
1,1,,,,,,,,N,,,,,,,,,,,N,,,,,,,,,,,N,,,,,,,,,,,N,,,,,,,,,,,N,,,,,,,,,,,N,,,,,,,,,,,N,,,,,,,,,,,N,,,,,,,,,,,N,,,,,,,,,,,N,,,
1,2,,,,,,,,N,,,,,,,,,,,N,,,,,,,,,,,N,,,,,,,,,,,N,,,,,,,,,,,N,,,,,,,,,,,N,,,,,,,,,,,N,,,,,,,,,,,N,,,,,,,,,,,N,,,,,,,,,,,N,,,
1,3,,,,,,,,N,,,,,,,,,,,N,,,,,,,,,,,N,,,,,,,,,,,N,,,,,,,,,,,N,,,,,,,,,,,N,,,,,,,,,,,N,,,,,,,,,,,N,,,,,,,,,,,N,,,,,,,,,,,N,,,
1,4,,,,,,,,N,,,,,,,,,,,N,,,,,,,,,,,N,,,,,,,,,,,N,,,,,,,,,,,N,,,,,,,,,,,N,,,,,,,,,,,N,,,,,,,,,,,N,,,,,,,,,,,N,,,,,,,,,,,N,,,
1,A,,,,,,,,N,,,,,,,,,,,N,,,,,,,,,,,N,,,,,,,,,,,N,,,,,,,,,,,N,,,,,,,,,,,N,,,,,,,,,,,N,,,,,,,,,,,N,,,,,,,,,,,N,,,,,,,,,,,N,,,
1,B,,,,,,,,N,,,,,,,,,,,N,,,,,,,,,,,N,,,,,,,,,,,N,,,,,,,,,,,N,,,,,,,,,,,N,,,,,,,,,,,N,,,,,,,,,,,N,,,,,,,,,,,N,,,,,,,,,,,N,,,
1,C,,,,,,,,N,,,,,,,,,,,N,,,,,,,,,,,N,,,,,,,,,,,N,,,,,,,,,,,N,,,,,,,,,,,N,,,,,,,,,,,N,,,,,,,,,,,N,,,,,,,,,,,N,,,,,,,,,,,N,,,
1,D,,,,,,,,N,,,,,,,,,,,N,,,,,,,,,,,N,,,,,,,,,,,N,,,,,,,,,,,N,,,,,,,,,,,N,,,,,,,,,,,N,,,,,,,,,,,N,,,,,,,,,,,N,,,,,,,,,,,N,,,
2,1,,,,,,,,N,,,,,,,,,,,N,,,,,,,,,,,N,,,,,,,,,,,N,,,,,,,,,,,N,,,,,,,,,,,N,,,,,,,,,,,N,,,,,,,,,,,N,,,,,,,,,,,N,,,,,,,,,,,N,,,
2,2,,,,,,,,N,,,,,,,,,,,N,,,,,,,,,,,N,,,,,,,,,,,N,,,,,,,,,,,N,,,,,,,,,,,N,,,,,,,,,,,N,,,,,,,,,,,N,,,,,,,,,,,N,,,,,,,,,,,N,,,
2,3,,,,,,,,N,,,,,,,,,,,N,,,,,,,,,,,N,,,,,,,,,,,N,,,,,,,,,,,N,,,,,,,,,,,N,,,,,,,,,,,N,,,,,,,,,,,N,,,,,,,,,,,N,,,,,,,,,,,N,,,
2,4,,,,,,,,N,,,,,,,,,,,N,,,,,,,,,,,N,,,,,,,,,,,N,,,,,,,,,,,N,,,,,,,,,,,N,,,,,,,,,,,N,,,,,,,,,,,N,,,,,,,,,,,N,,,,,,,,,,,N,,,
2,A,,,,,,,,N,,,,,,,,,,,N,,,,,,,,,,,N,,,,,,,,,,,N,,,,,,,,,,,N,,,,,,,,,,,N,,,,,,,,,,,N,,,,,,,,,,,N,,,,,,,,,,,N,,,,,,,,,,,N,,,
2,B,,,,,,,,N,,,,,,,,,,,N,,,,,,,,,,,N,,,,,,,,,,,N,,,,,,,,,,,N,,,,,,,,,,,N,,,,,,,,,,,N,,,,,,,,,,,N,,,,,,,,,,,N,,,,,,,,,,,N,,,
2,C,,,,,,,,N,,,,,,,,,,,N,,,,,,,,,,,N,,,,,,,,,,,N,,,,,,,,,,,N,,,,,,,,,,,N,,,,,,,,,,,N,,,,,,,,,,,N,,,,,,,,,,,N,,,,,,,,,,,N,,,
2,D,,,,,,,,N,,,,,,,,,,,N,,,,,,,,,,,N,,,,,,,,,,,N,,,,,,,,,,,N,,,,,,,,,,,N,,,,,,,,,,,N,,,,,,,,,,,N,,,,,,,,,,,N,,,,,,,,,,,N,,,
3,1,,,,,,,,N,,,,,,,,,,,N,,,,,,,,,,,N,,,,,,,,,,,N,,,,,,,,,,,N,,,,,,,,,,,N,,,,,,,,,,,N,,,,,,,,,,,N,,,,,,,,,,,N,,,,,,,,,,,N,,,
3,2,,,,,,,,N,,,,,,,,,,,N,,,,,,,,,,,N,,,,,,,,,,,N,,,,,,,,,,,N,,,,,,,,,,,N,,,,,,,,,,,N,,,,,,,,,,,N,,,,,,,,,,,N,,,,,,,,,,,N,,,
3,3,,,,,,,,N,,,,,,,,,,,N,,,,,,,,,,,N,,,,,,,,,,,N,,,,,,,,,,,N,,,,,,,,,,,N,,,,,,,,,,,N,,,,,,,,,,,N,,,,,,,,,,,N,,,,,,,,,,,N,,,
3,4,,,,,,,,N,,,,,,,,,,,N,,,,,,,,,,,N,,,,,,,,,,,N,,,,,,,,,,,N,,,,,,,,,,,N,,,,,,,,,,,N,,,,,,,,,,,N,,,,,,,,,,,N,,,,,,,,,,,N,,,
3,A,,,,,,,,N,,,,,,,,,,,N,,,,,,,,,,,N,,,,,,,,,,,N,,,,,,,,,,,N,,,,,,,,,,,N,,,,,,,,,,,N,,,,,,,,,,,N,,,,,,,,,,,N,,,,,,,,,,,N,,,
3,B,,,,,,,,N,,,,,,,,,,,N,,,,,,,,,,,N,,,,,,,,,,,N,,,,,,,,,,,N,,,,,,,,,,,N,,,,,,,,,,,N,,,,,,,,,,,N,,,,,,,,,,,N,,,,,,,,,,,N,,,
3,C,,,,,,,,N,,,,,,,,,,,N,,,,,,,,,,,N,,,,,,,,,,,N,,,,,,,,,,,N,,,,,,,,,,,N,,,,,,,,,,,N,,,,,,,,,,,N,,,,,,,,,,,N,,,,,,,,,,,N,,,
3,D,,,,,,,,N,,,,,,,,,,,N,,,,,,,,,,,N,,,,,,,,,,,N,,,,,,,,,,,N,,,,,,,,,,,N,,,,,,,,,,,N,,,,,,,,,,,N,,,,,,,,,,,N,,,,,,,,,,,N,,,
4,1,,,,,,,,N,,,,,,,,,,,N,,,,,,,,,,,N,,,,,,,,,,,N,,,,,,,,,,,N,,,,,,,,,,,N,,,,,,,,,,,N,,,,,,,,,,,N,,,,,,,,,,,N,,,,,,,,,,,N,,,
4,2,,,,,,,,N,,,,,,,,,,,N,,,,,,,,,,,N,,,,,,,,,,,N,,,,,,,,,,,N,,,,,,,,,,,N,,,,,,,,,,,N,,,,,,,,,,,N,,,,,,,,,,,N,,,,,,,,,,,N,,,
4,3,,,,,,,,N,,,,,,,,,,,N,,,,,,,,,,,N,,,,,,,,,,,N,,,,,,,,,,,N,,,,,,,,,,,N,,,,,,,,,,,N,,,,,,,,,,,N,,,,,,,,,,,N,,,,,,,,,,,N,,,
4,4,,,,,,,,N,,,,,,,,,,,N,,,,,,,,,,,N,,,,,,,,,,,N,,,,,,,,,,,N,,,,,,,,,,,N,,,,,,,,,,,N,,,,,,,,,,,N,,,,,,,,,,,N,,,,,,,,,,,N,,,
4,A,,,,,,,,N,,,,,,,,,,,N,,,,,,,,,,,N,,,,,,,,,,,N,,,,,,,,,,,N,,,,,,,,,,,N,,,,,,,,,,,N,,,,,,,,,,,N,,,,,,,,,,,N,,,,,,,,,,,N,,,
4,B,,,,,,,,N,,,,,,,,,,,N,,,,,,,,,,,N,,,,,,,,,,,N,,,,,,,,,,,N,,,,,,,,,,,N,,,,,,,,,,,N,,,,,,,,,,,N,,,,,,,,,,,N,,,,,,,,,,,N,,,
4,C,,,,,,,,N,,,,,,,,,,,N,,,,,,,,,,,N,,,,,,,,,,,N,,,,,,,,,,,N,,,,,,,,,,,N,,,,,,,,,,,N,,,,,,,,,,,N,,,,,,,,,,,N,,,,,,,,,,,N,,,
4,D,,,,,,,,N,,,,,,,,,,,N,,,,,,,,,,,N,,,,,,,,,,,N,,,,,,,,,,,N,,,,,,,,,,,N,,,,,,,,,,,N,,,,,,,,,,,N,,,,,,,,,,,N,,,,,,,,,,,N,,,
5,1,,,,,,,,N,,,,,,,,,,,N,,,,,,,,,,,N,,,,,,,,,,,N,,,,,,,,,,,N,,,,,,,,,,,N,,,,,,,,,,,N,,,,,,,,,,,N,,,,,,,,,,,N,,,,,,,,,,,N,,,
5,2,,,,,,,,N,,,,,,,,,,,N,,,,,,,,,,,N,,,,,,,,,,,N,,,,,,,,,,,N,,,,,,,,,,,N,,,,,,,,,,,N,,,,,,,,,,,N,,,,,,,,,,,N,,,,,,,,,,,N,,,
5,3,,,,,,,,N,,,,,,,,,,,N,,,,,,,,,,,N,,,,,,,,,,,N,,,,,,,,,,,N,,,,,,,,,,,N,,,,,,,,,,,N,,,,,,,,,,,N,,,,,,,,,,,N,,,,,,,,,,,N,,,
5,4,,,,,,,,N,,,,,,,,,,,N,,,,,,,,,,,N,,,,,,,,,,,N,,,,,,,,,,,N,,,,,,,,,,,N,,,,,,,,,,,N,,,,,,,,,,,N,,,,,,,,,,,N,,,,,,,,,,,N,,,
5,A,,,,,,,,N,,,,,,,,,,,N,,,,,,,,,,,N,,,,,,,,,,,N,,,,,,,,,,,N,,,,,,,,,,,N,,,,,,,,,,,N,,,,,,,,,,,N,,,,,,,,,,,N,,,,,,,,,,,N,,,
5,B,,,,,,,,N,,,,,,,,,,,N,,,,,,,,,,,N,,,,,,,,,,,N,,,,,,,,,,,N,,,,,,,,,,,N,,,,,,,,,,,N,,,,,,,,,,,N,,,,,,,,,,,N,,,,,,,,,,,N,,,
5,C,,,,,,,,N,,,,,,,,,,,N,,,,,,,,,,,N,,,,,,,,,,,N,,,,,,,,,,,N,,,,,,,,,,,N,,,,,,,,,,,N,,,,,,,,,,,N,,,,,,,,,,,N,,,,,,,,,,,N,,,
5,D,,,,,,,,N,,,,,,,,,,,N,,,,,,,,,,,N,,,,,,,,,,,N,,,,,,,,,,,N,,,,,,,,,,,N,,,,,,,,,,,N,,,,,,,,,,,N,,,,,,,,,,,N,,,,,,,,,,,N,,,
6,1,,,,,,,,N,,,,,,,,,,,N,,,,,,,,,,,N,,,,,,,,,,,N,,,,,,,,,,,N,,,,,,,,,,,N,,,,,,,,,,,N,,,,,,,,,,,N,,,,,,,,,,,N,,,,,,,,,,,N,,,
6,2,,,,,,,,N,,,,,,,,,,,N,,,,,,,,,,,N,,,,,,,,,,,N,,,,,,,,,,,N,,,,,,,,,,,N,,,,,,,,,,,N,,,,,,,,,,,N,,,,,,,,,,,N,,,,,,,,,,,N,,,
6,3,,,,,,,,N,,,,,,,,,,,N,,,,,,,,,,,N,,,,,,,,,,,N,,,,,,,,,,,N,,,,,,,,,,,N,,,,,,,,,,,N,,,,,,,,,,,N,,,,,,,,,,,N,,,,,,,,,,,N,,,
6,4,,,,,,,,N,,,,,,,,,,,N,,,,,,,,,,,N,,,,,,,,,,,N,,,,,,,,,,,N,,,,,,,,,,,N,,,,,,,,,,,N,,,,,,,,,,,N,,,,,,,,,,,N,,,,,,,,,,,N,,,
6,A,,,,,,,,N,,,,,,,,,,,N,,,,,,,,,,,N,,,,,,,,,,,N,,,,,,,,,,,N,,,,,,,,,,,N,,,,,,,,,,,N,,,,,,,,,,,N,,,,,,,,,,,N,,,,,,,,,,,N,,,
6,B,,,,,,,,N,,,,,,,,,,,N,,,,,,,,,,,N,,,,,,,,,,,N,,,,,,,,,,,N,,,,,,,,,,,N,,,,,,,,,,,N,,,,,,,,,,,N,,,,,,,,,,,N,,,,,,,,,,,N,,,
6,C,,,,,,,,N,,,,,,,,,,,N,,,,,,,,,,,N,,,,,,,,,,,N,,,,,,,,,,,N,,,,,,,,,,,N,,,,,,,,,,,N,,,,,,,,,,,N,,,,,,,,,,,N,,,,,,,,,,,N,,,
6,D,,,,,,,,N,,,,,,,,,,,N,,,,,,,,,,,N,,,,,,,,,,,N,,,,,,,,,,,N,,,,,,,,,,,N,,,,,,,,,,,N,,,,,,,,,,,N,,,,,,,,,,,N,,,,,,,,,,,N,,,
7,1,,,,,,,,N,,,,,,,,,,,N,,,,,,,,,,,N,,,,,,,,,,,N,,,,,,,,,,,N,,,,,,,,,,,N,,,,,,,,,,,N,,,,,,,,,,,N,,,,,,,,,,,N,,,,,,,,,,,N,,,
7,2,,,,,,,,N,,,,,,,,,,,N,,,,,,,,,,,N,,,,,,,,,,,N,,,,,,,,,,,N,,,,,,,,,,,N,,,,,,,,,,,N,,,,,,,,,,,N,,,,,,,,,,,N,,,,,,,,,,,N,,,
7,3,,,,,,,,N,,,,,,,,,,,N,,,,,,,,,,,N,,,,,,,,,,,N,,,,,,,,,,,N,,,,,,,,,,,N,,,,,,,,,,,N,,,,,,,,,,,N,,,,,,,,,,,N,,,,,,,,,,,N,,,
7,4,,,,,,,,N,,,,,,,,,,,N,,,,,,,,,,,N,,,,,,,,,,,N,,,,,,,,,,,N,,,,,,,,,,,N,,,,,,,,,,,N,,,,,,,,,,,N,,,,,,,,,,,N,,,,,,,,,,,N,,,
7,A,,,,,,,,N,,,,,,,,,,,N,,,,,,,,,,,N,,,,,,,,,,,N,,,,,,,,,,,N,,,,,,,,,,,N,,,,,,,,,,,N,,,,,,,,,,,N,,,,,,,,,,,N,,,,,,,,,,,N,,,
7,B,,,,,,,,N,,,,,,,,,,,N,,,,,,,,,,,N,,,,,,,,,,,N,,,,,,,,,,,N,,,,,,,,,,,N,,,,,,,,,,,N,,,,,,,,,,,N,,,,,,,,,,,N,,,,,,,,,,,N,,,
7,C,,,,,,,,N,,,,,,,,,,,N,,,,,,,,,,,N,,,,,,,,,,,N,,,,,,,,,,,N,,,,,,,,,,,N,,,,,,,,,,,N,,,,,,,,,,,N,,,,,,,,,,,N,,,,,,,,,,,N,,,
7,D,,,,,,,,N,,,,,,,,,,,N,,,,,,,,,,,N,,,,,,,,,,,N,,,,,,,,,,,N,,,,,,,,,,,N,,,,,,,,,,,N,,,,,,,,,,,N,,,,,,,,,,,N,,,,,,,,,,,N,,,
8,1,,,,,,,,N,,,,,,,,,,,N,,,,,,,,,,,N,,,,,,,,,,,N,,,,,,,,,,,N,,,,,,,,,,,N,,,,,,,,,,,N,,,,,,,,,,,N,,,,,,,,,,,N,,,,,,,,,,,N,,,
8,2,,,,,,,,N,,,,,,,,,,,N,,,,,,,,,,,N,,,,,,,,,,,N,,,,,,,,,,,N,,,,,,,,,,,N,,,,,,,,,,,N,,,,,,,,,,,N,,,,,,,,,,,N,,,,,,,,,,,N,,,
8,3,,,,,,,,N,,,,,,,,,,,N,,,,,,,,,,,N,,,,,,,,,,,N,,,,,,,,,,,N,,,,,,,,,,,N,,,,,,,,,,,N,,,,,,,,,,,N,,,,,,,,,,,N,,,,,,,,,,,N,,,
8,4,,,,,,,,N,,,,,,,,,,,N,,,,,,,,,,,N,,,,,,,,,,,N,,,,,,,,,,,N,,,,,,,,,,,N,,,,,,,,,,,N,,,,,,,,,,,N,,,,,,,,,,,N,,,,,,,,,,,N,,,
8,A,,,,,,,,N,,,,,,,,,,,N,,,,,,,,,,,N,,,,,,,,,,,N,,,,,,,,,,,N,,,,,,,,,,,N,,,,,,,,,,,N,,,,,,,,,,,N,,,,,,,,,,,N,,,,,,,,,,,N,,,
8,B,,,,,,,,N,,,,,,,,,,,N,,,,,,,,,,,N,,,,,,,,,,,N,,,,,,,,,,,N,,,,,,,,,,,N,,,,,,,,,,,N,,,,,,,,,,,N,,,,,,,,,,,N,,,,,,,,,,,N,,,
8,C,,,,,,,,N,,,,,,,,,,,N,,,,,,,,,,,N,,,,,,,,,,,N,,,,,,,,,,,N,,,,,,,,,,,N,,,,,,,,,,,N,,,,,,,,,,,N,,,,,,,,,,,N,,,,,,,,,,,N,,,
8,D,,,,,,,,N,,,,,,,,,,,N,,,,,,,,,,,N,,,,,,,,,,,N,,,,,,,,,,,N,,,,,,,,,,,N,,,,,,,,,,,N,,,,,,,,,,,N,,,,,,,,,,,N,,,,,,,,,,,N,,,
9,1,,,,,,,,N,,,,,,,,,,,N,,,,,,,,,,,N,,,,,,,,,,,N,,,,,,,,,,,N,,,,,,,,,,,N,,,,,,,,,,,N,,,,,,,,,,,N,,,,,,,,,,,N,,,,,,,,,,,N,,,
9,2,,,,,,,,N,,,,,,,,,,,N,,,,,,,,,,,N,,,,,,,,,,,N,,,,,,,,,,,N,,,,,,,,,,,N,,,,,,,,,,,N,,,,,,,,,,,N,,,,,,,,,,,N,,,,,,,,,,,N,,,
9,3,,,,,,,,N,,,,,,,,,,,N,,,,,,,,,,,N,,,,,,,,,,,N,,,,,,,,,,,N,,,,,,,,,,,N,,,,,,,,,,,N,,,,,,,,,,,N,,,,,,,,,,,N,,,,,,,,,,,N,,,
9,4,,,,,,,,N,,,,,,,,,,,N,,,,,,,,,,,N,,,,,,,,,,,N,,,,,,,,,,,N,,,,,,,,,,,N,,,,,,,,,,,N,,,,,,,,,,,N,,,,,,,,,,,N,,,,,,,,,,,N,,,
9,A,,,,,,,,N,,,,,,,,,,,N,,,,,,,,,,,N,,,,,,,,,,,N,,,,,,,,,,,N,,,,,,,,,,,N,,,,,,,,,,,N,,,,,,,,,,,N,,,,,,,,,,,N,,,,,,,,,,,N,,,
9,B,,,,,,,,N,,,,,,,,,,,N,,,,,,,,,,,N,,,,,,,,,,,N,,,,,,,,,,,N,,,,,,,,,,,N,,,,,,,,,,,N,,,,,,,,,,,N,,,,,,,,,,,N,,,,,,,,,,,N,,,
9,C,,,,,,,,N,,,,,,,,,,,N,,,,,,,,,,,N,,,,,,,,,,,N,,,,,,,,,,,N,,,,,,,,,,,N,,,,,,,,,,,N,,,,,,,,,,,N,,,,,,,,,,,N,,,,,,,,,,,N,,,
9,D,,,,,,,,N,,,,,,,,,,,N,,,,,,,,,,,N,,,,,,,,,,,N,,,,,,,,,,,N,,,,,,,,,,,N,,,,,,,,,,,N,,,,,,,,,,,N,,,,,,,,,,,N,,,,,,,,,,,N,,,
10,1,,,,,,,,N,,,,,,,,,,,N,,,,,,,,,,,N,,,,,,,,,,,N,,,,,,,,,,,N,,,,,,,,,,,N,,,,,,,,,,,N,,,,,,,,,,,N,,,,,,,,,,,N,,,,,,,,,,,N,,,
10,2,,,,,,,,N,,,,,,,,,,,N,,,,,,,,,,,N,,,,,,,,,,,N,,,,,,,,,,,N,,,,,,,,,,,N,,,,,,,,,,,N,,,,,,,,,,,N,,,,,,,,,,,N,,,,,,,,,,,N,,,
10,3,,,,,,,,N,,,,,,,,,,,N,,,,,,,,,,,N,,,,,,,,,,,N,,,,,,,,,,,N,,,,,,,,,,,N,,,,,,,,,,,N,,,,,,,,,,,N,,,,,,,,,,,N,,,,,,,,,,,N,,,
10,4,,,,,,,,N,,,,,,,,,,,N,,,,,,,,,,,N,,,,,,,,,,,N,,,,,,,,,,,N,,,,,,,,,,,N,,,,,,,,,,,N,,,,,,,,,,,N,,,,,,,,,,,N,,,,,,,,,,,N,,,
10,A,,,,,,,,N,,,,,,,,,,,N,,,,,,,,,,,N,,,,,,,,,,,N,,,,,,,,,,,N,,,,,,,,,,,N,,,,,,,,,,,N,,,,,,,,,,,N,,,,,,,,,,,N,,,,,,,,,,,N,,,
10,B,,,,,,,,N,,,,,,,,,,,N,,,,,,,,,,,N,,,,,,,,,,,N,,,,,,,,,,,N,,,,,,,,,,,N,,,,,,,,,,,N,,,,,,,,,,,N,,,,,,,,,,,N,,,,,,,,,,,N,,,
10,C,,,,,,,,N,,,,,,,,,,,N,,,,,,,,,,,N,,,,,,,,,,,N,,,,,,,,,,,N,,,,,,,,,,,N,,,,,,,,,,,N,,,,,,,,,,,N,,,,,,,,,,,N,,,,,,,,,,,N,,,
10,D,,,,,,,,N,,,,,,,,,,,N,,,,,,,,,,,N,,,,,,,,,,,N,,,,,,,,,,,N,,,,,,,,,,,N,,,,,,,,,,,N,,,,,,,,,,,N,,,,,,,,,,,N,,,,,,,,,,,N,,,
11,1,,,,,,,,N,,,,,,,,,,,N,,,,,,,,,,,N,,,,,,,,,,,N,,,,,,,,,,,N,,,,,,,,,,,N,,,,,,,,,,,N,,,,,,,,,,,N,,,,,,,,,,,N,,,,,,,,,,,N,,,
11,2,,,,,,,,N,,,,,,,,,,,N,,,,,,,,,,,N,,,,,,,,,,,N,,,,,,,,,,,N,,,,,,,,,,,N,,,,,,,,,,,N,,,,,,,,,,,N,,,,,,,,,,,N,,,,,,,,,,,N,,,
11,3,,,,,,,,N,,,,,,,,,,,N,,,,,,,,,,,N,,,,,,,,,,,N,,,,,,,,,,,N,,,,,,,,,,,N,,,,,,,,,,,N,,,,,,,,,,,N,,,,,,,,,,,N,,,,,,,,,,,N,,,
11,4,,,,,,,,N,,,,,,,,,,,N,,,,,,,,,,,N,,,,,,,,,,,N,,,,,,,,,,,N,,,,,,,,,,,N,,,,,,,,,,,N,,,,,,,,,,,N,,,,,,,,,,,N,,,,,,,,,,,N,,,
11,A,,,,,,,,N,,,,,,,,,,,N,,,,,,,,,,,N,,,,,,,,,,,N,,,,,,,,,,,N,,,,,,,,,,,N,,,,,,,,,,,N,,,,,,,,,,,N,,,,,,,,,,,N,,,,,,,,,,,N,,,
11,B,,,,,,,,N,,,,,,,,,,,N,,,,,,,,,,,N,,,,,,,,,,,N,,,,,,,,,,,N,,,,,,,,,,,N,,,,,,,,,,,N,,,,,,,,,,,N,,,,,,,,,,,N,,,,,,,,,,,N,,,
11,C,,,,,,,,N,,,,,,,,,,,N,,,,,,,,,,,N,,,,,,,,,,,N,,,,,,,,,,,N,,,,,,,,,,,N,,,,,,,,,,,N,,,,,,,,,,,N,,,,,,,,,,,N,,,,,,,,,,,N,,,
11,D,,,,,,,,N,,,,,,,,,,,N,,,,,,,,,,,N,,,,,,,,,,,N,,,,,,,,,,,N,,,,,,,,,,,N,,,,,,,,,,,N,,,,,,,,,,,N,,,,,,,,,,,N,,,,,,,,,,,N,,,
12,1,,,,,,,,N,,,,,,,,,,,N,,,,,,,,,,,N,,,,,,,,,,,N,,,,,,,,,,,N,,,,,,,,,,,N,,,,,,,,,,,N,,,,,,,,,,,N,,,,,,,,,,,N,,,,,,,,,,,N,,,
12,2,,,,,,,,N,,,,,,,,,,,N,,,,,,,,,,,N,,,,,,,,,,,N,,,,,,,,,,,N,,,,,,,,,,,N,,,,,,,,,,,N,,,,,,,,,,,N,,,,,,,,,,,N,,,,,,,,,,,N,,,
12,3,,,,,,,,N,,,,,,,,,,,N,,,,,,,,,,,N,,,,,,,,,,,N,,,,,,,,,,,N,,,,,,,,,,,N,,,,,,,,,,,N,,,,,,,,,,,N,,,,,,,,,,,N,,,,,,,,,,,N,,,
12,4,,,,,,,,N,,,,,,,,,,,N,,,,,,,,,,,N,,,,,,,,,,,N,,,,,,,,,,,N,,,,,,,,,,,N,,,,,,,,,,,N,,,,,,,,,,,N,,,,,,,,,,,N,,,,,,,,,,,N,,,
12,A,,,,,,,,N,,,,,,,,,,,N,,,,,,,,,,,N,,,,,,,,,,,N,,,,,,,,,,,N,,,,,,,,,,,N,,,,,,,,,,,N,,,,,,,,,,,N,,,,,,,,,,,N,,,,,,,,,,,N,,,
12,B,,,,,,,,N,,,,,,,,,,,N,,,,,,,,,,,N,,,,,,,,,,,N,,,,,,,,,,,N,,,,,,,,,,,N,,,,,,,,,,,N,,,,,,,,,,,N,,,,,,,,,,,N,,,,,,,,,,,N,,,
12,C,,,,,,,,N,,,,,,,,,,,N,,,,,,,,,,,N,,,,,,,,,,,N,,,,,,,,,,,N,,,,,,,,,,,N,,,,,,,,,,,N,,,,,,,,,,,N,,,,,,,,,,,N,,,,,,,,,,,N,,,
12,D,,,,,,,,N,,,,,,,,,,,N,,,,,,,,,,,N,,,,,,,,,,,N,,,,,,,,,,,N,,,,,,,,,,,N,,,,,,,,,,,N,,,,,,,,,,,N,,,,,,,,,,,N,,,,,,,,,,,N,,,
13,1,,,,,,,,N,,,,,,,,,,,N,,,,,,,,,,,N,,,,,,,,,,,N,,,,,,,,,,,N,,,,,,,,,,,N,,,,,,,,,,,N,,,,,,,,,,,N,,,,,,,,,,,N,,,,,,,,,,,N,,,
13,2,,,,,,,,N,,,,,,,,,,,N,,,,,,,,,,,N,,,,,,,,,,,N,,,,,,,,,,,N,,,,,,,,,,,N,,,,,,,,,,,N,,,,,,,,,,,N,,,,,,,,,,,N,,,,,,,,,,,N,,,
13,3,,,,,,,,N,,,,,,,,,,,N,,,,,,,,,,,N,,,,,,,,,,,N,,,,,,,,,,,N,,,,,,,,,,,N,,,,,,,,,,,N,,,,,,,,,,,N,,,,,,,,,,,N,,,,,,,,,,,N,,,
13,4,,,,,,,,N,,,,,,,,,,,N,,,,,,,,,,,N,,,,,,,,,,,N,,,,,,,,,,,N,,,,,,,,,,,N,,,,,,,,,,,N,,,,,,,,,,,N,,,,,,,,,,,N,,,,,,,,,,,N,,,
13,A,,,,,,,,N,,,,,,,,,,,N,,,,,,,,,,,N,,,,,,,,,,,N,,,,,,,,,,,N,,,,,,,,,,,N,,,,,,,,,,,N,,,,,,,,,,,N,,,,,,,,,,,N,,,,,,,,,,,N,,,
13,B,,,,,,,,N,,,,,,,,,,,N,,,,,,,,,,,N,,,,,,,,,,,N,,,,,,,,,,,N,,,,,,,,,,,N,,,,,,,,,,,N,,,,,,,,,,,N,,,,,,,,,,,N,,,,,,,,,,,N,,,
13,C,,,,,,,,N,,,,,,,,,,,N,,,,,,,,,,,N,,,,,,,,,,,N,,,,,,,,,,,N,,,,,,,,,,,N,,,,,,,,,,,N,,,,,,,,,,,N,,,,,,,,,,,N,,,,,,,,,,,N,,,
13,D,,,,,,,,N,,,,,,,,,,,N,,,,,,,,,,,N,,,,,,,,,,,N,,,,,,,,,,,N,,,,,,,,,,,N,,,,,,,,,,,N,,,,,,,,,,,N,,,,,,,,,,,N,,,,,,,,,,,N,,,
14,1,,,,,,,,N,,,,,,,,,,,N,,,,,,,,,,,N,,,,,,,,,,,N,,,,,,,,,,,N,,,,,,,,,,,N,,,,,,,,,,,N,,,,,,,,,,,N,,,,,,,,,,,N,,,,,,,,,,,N,,,
14,2,,,,,,,,N,,,,,,,,,,,N,,,,,,,,,,,N,,,,,,,,,,,N,,,,,,,,,,,N,,,,,,,,,,,N,,,,,,,,,,,N,,,,,,,,,,,N,,,,,,,,,,,N,,,,,,,,,,,N,,,
14,3,,,,,,,,N,,,,,,,,,,,N,,,,,,,,,,,N,,,,,,,,,,,N,,,,,,,,,,,N,,,,,,,,,,,N,,,,,,,,,,,N,,,,,,,,,,,N,,,,,,,,,,,N,,,,,,,,,,,N,,,
14,4,,,,,,,,N,,,,,,,,,,,N,,,,,,,,,,,N,,,,,,,,,,,N,,,,,,,,,,,N,,,,,,,,,,,N,,,,,,,,,,,N,,,,,,,,,,,N,,,,,,,,,,,N,,,,,,,,,,,N,,,
14,A,,,,,,,,N,,,,,,,,,,,N,,,,,,,,,,,N,,,,,,,,,,,N,,,,,,,,,,,N,,,,,,,,,,,N,,,,,,,,,,,N,,,,,,,,,,,N,,,,,,,,,,,N,,,,,,,,,,,N,,,
14,B,,,,,,,,N,,,,,,,,,,,N,,,,,,,,,,,N,,,,,,,,,,,N,,,,,,,,,,,N,,,,,,,,,,,N,,,,,,,,,,,N,,,,,,,,,,,N,,,,,,,,,,,N,,,,,,,,,,,N,,,
14,C,,,,,,,,N,,,,,,,,,,,N,,,,,,,,,,,N,,,,,,,,,,,N,,,,,,,,,,,N,,,,,,,,,,,N,,,,,,,,,,,N,,,,,,,,,,,N,,,,,,,,,,,N,,,,,,,,,,,N,,,
14,D,,,,,,,,N,,,,,,,,,,,N,,,,,,,,,,,N,,,,,,,,,,,N,,,,,,,,,,,N,,,,,,,,,,,N,,,,,,,,,,,N,,,,,,,,,,,N,,,,,,,,,,,N,,,,,,,,,,,N,,,
15,1,,,,,,,,N,,,,,,,,,,,N,,,,,,,,,,,N,,,,,,,,,,,N,,,,,,,,,,,N,,,,,,,,,,,N,,,,,,,,,,,N,,,,,,,,,,,N,,,,,,,,,,,N,,,,,,,,,,,N,,,
15,2,,,,,,,,N,,,,,,,,,,,N,,,,,,,,,,,N,,,,,,,,,,,N,,,,,,,,,,,N,,,,,,,,,,,N,,,,,,,,,,,N,,,,,,,,,,,N,,,,,,,,,,,N,,,,,,,,,,,N,,,
15,3,,,,,,,,N,,,,,,,,,,,N,,,,,,,,,,,N,,,,,,,,,,,N,,,,,,,,,,,N,,,,,,,,,,,N,,,,,,,,,,,N,,,,,,,,,,,N,,,,,,,,,,,N,,,,,,,,,,,N,,,
15,4,,,,,,,,N,,,,,,,,,,,N,,,,,,,,,,,N,,,,,,,,,,,N,,,,,,,,,,,N,,,,,,,,,,,N,,,,,,,,,,,N,,,,,,,,,,,N,,,,,,,,,,,N,,,,,,,,,,,N,,,
15,A,,,,,,,,N,,,,,,,,,,,N,,,,,,,,,,,N,,,,,,,,,,,N,,,,,,,,,,,N,,,,,,,,,,,N,,,,,,,,,,,N,,,,,,,,,,,N,,,,,,,,,,,N,,,,,,,,,,,N,,,
15,B,,,,,,,,N,,,,,,,,,,,N,,,,,,,,,,,N,,,,,,,,,,,N,,,,,,,,,,,N,,,,,,,,,,,N,,,,,,,,,,,N,,,,,,,,,,,N,,,,,,,,,,,N,,,,,,,,,,,N,,,
15,C,,,,,,,,N,,,,,,,,,,,N,,,,,,,,,,,N,,,,,,,,,,,N,,,,,,,,,,,N,,,,,,,,,,,N,,,,,,,,,,,N,,,,,,,,,,,N,,,,,,,,,,,N,,,,,,,,,,,N,,,
15,D,,,,,,,,N,,,,,,,,,,,N,,,,,,,,,,,N,,,,,,,,,,,N,,,,,,,,,,,N,,,,,,,,,,,N,,,,,,,,,,,N,,,,,,,,,,,N,,,,,,,,,,,N,,,,,,,,,,,N,,,
16,1,,,,,,,,N,,,,,,,,,,,N,,,,,,,,,,,N,,,,,,,,,,,N,,,,,,,,,,,N,,,,,,,,,,,N,,,,,,,,,,,N,,,,,,,,,,,N,,,,,,,,,,,N,,,,,,,,,,,N,,,
16,2,,,,,,,,N,,,,,,,,,,,N,,,,,,,,,,,N,,,,,,,,,,,N,,,,,,,,,,,N,,,,,,,,,,,N,,,,,,,,,,,N,,,,,,,,,,,N,,,,,,,,,,,N,,,,,,,,,,,N,,,
16,3,,,,,,,,N,,,,,,,,,,,N,,,,,,,,,,,N,,,,,,,,,,,N,,,,,,,,,,,N,,,,,,,,,,,N,,,,,,,,,,,N,,,,,,,,,,,N,,,,,,,,,,,N,,,,,,,,,,,N,,,
16,4,,,,,,,,N,,,,,,,,,,,N,,,,,,,,,,,N,,,,,,,,,,,N,,,,,,,,,,,N,,,,,,,,,,,N,,,,,,,,,,,N,,,,,,,,,,,N,,,,,,,,,,,N,,,,,,,,,,,N,,,
16,A,,,,,,,,N,,,,,,,,,,,N,,,,,,,,,,,N,,,,,,,,,,,N,,,,,,,,,,,N,,,,,,,,,,,N,,,,,,,,,,,N,,,,,,,,,,,N,,,,,,,,,,,N,,,,,,,,,,,N,,,
16,B,,,,,,,,N,,,,,,,,,,,N,,,,,,,,,,,N,,,,,,,,,,,N,,,,,,,,,,,N,,,,,,,,,,,N,,,,,,,,,,,N,,,,,,,,,,,N,,,,,,,,,,,N,,,,,,,,,,,N,,,
16,C,,,,,,,,N,,,,,,,,,,,N,,,,,,,,,,,N,,,,,,,,,,,N,,,,,,,,,,,N,,,,,,,,,,,N,,,,,,,,,,,N,,,,,,,,,,,N,,,,,,,,,,,N,,,,,,,,,,,N,,,
16,D,,,,,,,,N,,,,,,,,,,,N,,,,,,,,,,,N,,,,,,,,,,,N,,,,,,,,,,,N,,,,,,,,,,,N,,,,,,,,,,,N,,,,,,,,,,,N,,,,,,,,,,,N,,,,,,,,,,,N,,,
17,1,,,,,,,,N,,,,,,,,,,,N,,,,,,,,,,,N,,,,,,,,,,,N,,,,,,,,,,,N,,,,,,,,,,,N,,,,,,,,,,,N,,,,,,,,,,,N,,,,,,,,,,,N,,,,,,,,,,,N,,,
17,2,,,,,,,,N,,,,,,,,,,,N,,,,,,,,,,,N,,,,,,,,,,,N,,,,,,,,,,,N,,,,,,,,,,,N,,,,,,,,,,,N,,,,,,,,,,,N,,,,,,,,,,,N,,,,,,,,,,,N,,,
17,3,,,,,,,,N,,,,,,,,,,,N,,,,,,,,,,,N,,,,,,,,,,,N,,,,,,,,,,,N,,,,,,,,,,,N,,,,,,,,,,,N,,,,,,,,,,,N,,,,,,,,,,,N,,,,,,,,,,,N,,,
17,4,,,,,,,,N,,,,,,,,,,,N,,,,,,,,,,,N,,,,,,,,,,,N,,,,,,,,,,,N,,,,,,,,,,,N,,,,,,,,,,,N,,,,,,,,,,,N,,,,,,,,,,,N,,,,,,,,,,,N,,,
17,A,,,,,,,,N,,,,,,,,,,,N,,,,,,,,,,,N,,,,,,,,,,,N,,,,,,,,,,,N,,,,,,,,,,,N,,,,,,,,,,,N,,,,,,,,,,,N,,,,,,,,,,,N,,,,,,,,,,,N,,,
17,B,,,,,,,,N,,,,,,,,,,,N,,,,,,,,,,,N,,,,,,,,,,,N,,,,,,,,,,,N,,,,,,,,,,,N,,,,,,,,,,,N,,,,,,,,,,,N,,,,,,,,,,,N,,,,,,,,,,,N,,,
17,C,,,,,,,,N,,,,,,,,,,,N,,,,,,,,,,,N,,,,,,,,,,,N,,,,,,,,,,,N,,,,,,,,,,,N,,,,,,,,,,,N,,,,,,,,,,,N,,,,,,,,,,,N,,,,,,,,,,,N,,,
17,D,,,,,,,,N,,,,,,,,,,,N,,,,,,,,,,,N,,,,,,,,,,,N,,,,,,,,,,,N,,,,,,,,,,,N,,,,,,,,,,,N,,,,,,,,,,,N,,,,,,,,,,,N,,,,,,,,,,,N,,,
18,1,,,,,,,,N,,,,,,,,,,,N,,,,,,,,,,,N,,,,,,,,,,,N,,,,,,,,,,,N,,,,,,,,,,,N,,,,,,,,,,,N,,,,,,,,,,,N,,,,,,,,,,,N,,,,,,,,,,,N,,,
18,2,,,,,,,,N,,,,,,,,,,,N,,,,,,,,,,,N,,,,,,,,,,,N,,,,,,,,,,,N,,,,,,,,,,,N,,,,,,,,,,,N,,,,,,,,,,,N,,,,,,,,,,,N,,,,,,,,,,,N,,,
18,3,,,,,,,,N,,,,,,,,,,,N,,,,,,,,,,,N,,,,,,,,,,,N,,,,,,,,,,,N,,,,,,,,,,,N,,,,,,,,,,,N,,,,,,,,,,,N,,,,,,,,,,,N,,,,,,,,,,,N,,,
18,4,,,,,,,,N,,,,,,,,,,,N,,,,,,,,,,,N,,,,,,,,,,,N,,,,,,,,,,,N,,,,,,,,,,,N,,,,,,,,,,,N,,,,,,,,,,,N,,,,,,,,,,,N,,,,,,,,,,,N,,,
18,A,,,,,,,,N,,,,,,,,,,,N,,,,,,,,,,,N,,,,,,,,,,,N,,,,,,,,,,,N,,,,,,,,,,,N,,,,,,,,,,,N,,,,,,,,,,,N,,,,,,,,,,,N,,,,,,,,,,,N,,,
18,B,,,,,,,,N,,,,,,,,,,,N,,,,,,,,,,,N,,,,,,,,,,,N,,,,,,,,,,,N,,,,,,,,,,,N,,,,,,,,,,,N,,,,,,,,,,,N,,,,,,,,,,,N,,,,,,,,,,,N,,,
18,C,,,,,,,,N,,,,,,,,,,,N,,,,,,,,,,,N,,,,,,,,,,,N,,,,,,,,,,,N,,,,,,,,,,,N,,,,,,,,,,,N,,,,,,,,,,,N,,,,,,,,,,,N,,,,,,,,,,,N,,,
18,D,,,,,,,,N,,,,,,,,,,,N,,,,,,,,,,,N,,,,,,,,,,,N,,,,,,,,,,,N,,,,,,,,,,,N,,,,,,,,,,,N,,,,,,,,,,,N,,,,,,,,,,,N,,,,,,,,,,,N,,,
19,1,,,,,,,,N,,,,,,,,,,,N,,,,,,,,,,,N,,,,,,,,,,,N,,,,,,,,,,,N,,,,,,,,,,,N,,,,,,,,,,,N,,,,,,,,,,,N,,,,,,,,,,,N,,,,,,,,,,,N,,,
19,2,,,,,,,,N,,,,,,,,,,,N,,,,,,,,,,,N,,,,,,,,,,,N,,,,,,,,,,,N,,,,,,,,,,,N,,,,,,,,,,,N,,,,,,,,,,,N,,,,,,,,,,,N,,,,,,,,,,,N,,,
19,3,,,,,,,,N,,,,,,,,,,,N,,,,,,,,,,,N,,,,,,,,,,,N,,,,,,,,,,,N,,,,,,,,,,,N,,,,,,,,,,,N,,,,,,,,,,,N,,,,,,,,,,,N,,,,,,,,,,,N,,,
19,4,,,,,,,,N,,,,,,,,,,,N,,,,,,,,,,,N,,,,,,,,,,,N,,,,,,,,,,,N,,,,,,,,,,,N,,,,,,,,,,,N,,,,,,,,,,,N,,,,,,,,,,,N,,,,,,,,,,,N,,,
19,A,,,,,,,,N,,,,,,,,,,,N,,,,,,,,,,,N,,,,,,,,,,,N,,,,,,,,,,,N,,,,,,,,,,,N,,,,,,,,,,,N,,,,,,,,,,,N,,,,,,,,,,,N,,,,,,,,,,,N,,,
19,B,,,,,,,,N,,,,,,,,,,,N,,,,,,,,,,,N,,,,,,,,,,,N,,,,,,,,,,,N,,,,,,,,,,,N,,,,,,,,,,,N,,,,,,,,,,,N,,,,,,,,,,,N,,,,,,,,,,,N,,,
19,C,,,,,,,,N,,,,,,,,,,,N,,,,,,,,,,,N,,,,,,,,,,,N,,,,,,,,,,,N,,,,,,,,,,,N,,,,,,,,,,,N,,,,,,,,,,,N,,,,,,,,,,,N,,,,,,,,,,,N,,,
19,D,,,,,,,,N,,,,,,,,,,,N,,,,,,,,,,,N,,,,,,,,,,,N,,,,,,,,,,,N,,,,,,,,,,,N,,,,,,,,,,,N,,,,,,,,,,,N,,,,,,,,,,,N,,,,,,,,,,,N,,,
20,1,,,,,,,,N,,,,,,,,,,,N,,,,,,,,,,,N,,,,,,,,,,,N,,,,,,,,,,,N,,,,,,,,,,,N,,,,,,,,,,,N,,,,,,,,,,,N,,,,,,,,,,,N,,,,,,,,,,,N,,,
20,2,,,,,,,,N,,,,,,,,,,,N,,,,,,,,,,,N,,,,,,,,,,,N,,,,,,,,,,,N,,,,,,,,,,,N,,,,,,,,,,,N,,,,,,,,,,,N,,,,,,,,,,,N,,,,,,,,,,,N,,,
20,3,,,,,,,,N,,,,,,,,,,,N,,,,,,,,,,,N,,,,,,,,,,,N,,,,,,,,,,,N,,,,,,,,,,,N,,,,,,,,,,,N,,,,,,,,,,,N,,,,,,,,,,,N,,,,,,,,,,,N,,,
20,4,,,,,,,,N,,,,,,,,,,,N,,,,,,,,,,,N,,,,,,,,,,,N,,,,,,,,,,,N,,,,,,,,,,,N,,,,,,,,,,,N,,,,,,,,,,,N,,,,,,,,,,,N,,,,,,,,,,,N,,,
20,A,,,,,,,,N,,,,,,,,,,,N,,,,,,,,,,,N,,,,,,,,,,,N,,,,,,,,,,,N,,,,,,,,,,,N,,,,,,,,,,,N,,,,,,,,,,,N,,,,,,,,,,,N,,,,,,,,,,,N,,,
20,B,,,,,,,,N,,,,,,,,,,,N,,,,,,,,,,,N,,,,,,,,,,,N,,,,,,,,,,,N,,,,,,,,,,,N,,,,,,,,,,,N,,,,,,,,,,,N,,,,,,,,,,,N,,,,,,,,,,,N,,,
20,C,,,,,,,,N,,,,,,,,,,,N,,,,,,,,,,,N,,,,,,,,,,,N,,,,,,,,,,,N,,,,,,,,,,,N,,,,,,,,,,,N,,,,,,,,,,,N,,,,,,,,,,,N,,,,,,,,,,,N,,,
20,D,,,,,,,,N,,,,,,,,,,,N,,,,,,,,,,,N,,,,,,,,,,,N,,,,,,,,,,,N,,,,,,,,,,,N,,,,,,,,,,,N,,,,,,,,,,,N,,,,,,,,,,,N,,,,,,,,,,,N,,,
21,1,,,,,,,,N,,,,,,,,,,,N,,,,,,,,,,,N,,,,,,,,,,,N,,,,,,,,,,,N,,,,,,,,,,,N,,,,,,,,,,,N,,,,,,,,,,,N,,,,,,,,,,,N,,,,,,,,,,,N,,,
21,2,,,,,,,,N,,,,,,,,,,,N,,,,,,,,,,,N,,,,,,,,,,,N,,,,,,,,,,,N,,,,,,,,,,,N,,,,,,,,,,,N,,,,,,,,,,,N,,,,,,,,,,,N,,,,,,,,,,,N,,,
21,3,,,,,,,,N,,,,,,,,,,,N,,,,,,,,,,,N,,,,,,,,,,,N,,,,,,,,,,,N,,,,,,,,,,,N,,,,,,,,,,,N,,,,,,,,,,,N,,,,,,,,,,,N,,,,,,,,,,,N,,,
21,4,,,,,,,,N,,,,,,,,,,,N,,,,,,,,,,,N,,,,,,,,,,,N,,,,,,,,,,,N,,,,,,,,,,,N,,,,,,,,,,,N,,,,,,,,,,,N,,,,,,,,,,,N,,,,,,,,,,,N,,,
21,A,,,,,,,,N,,,,,,,,,,,N,,,,,,,,,,,N,,,,,,,,,,,N,,,,,,,,,,,N,,,,,,,,,,,N,,,,,,,,,,,N,,,,,,,,,,,N,,,,,,,,,,,N,,,,,,,,,,,N,,,
21,B,,,,,,,,N,,,,,,,,,,,N,,,,,,,,,,,N,,,,,,,,,,,N,,,,,,,,,,,N,,,,,,,,,,,N,,,,,,,,,,,N,,,,,,,,,,,N,,,,,,,,,,,N,,,,,,,,,,,N,,,
21,C,,,,,,,,N,,,,,,,,,,,N,,,,,,,,,,,N,,,,,,,,,,,N,,,,,,,,,,,N,,,,,,,,,,,N,,,,,,,,,,,N,,,,,,,,,,,N,,,,,,,,,,,N,,,,,,,,,,,N,,,
21,D,,,,,,,,N,,,,,,,,,,,N,,,,,,,,,,,N,,,,,,,,,,,N,,,,,,,,,,,N,,,,,,,,,,,N,,,,,,,,,,,N,,,,,,,,,,,N,,,,,,,,,,,N,,,,,,,,,,,N,,,
22,1,,,,,,,,N,,,,,,,,,,,N,,,,,,,,,,,N,,,,,,,,,,,N,,,,,,,,,,,N,,,,,,,,,,,N,,,,,,,,,,,N,,,,,,,,,,,N,,,,,,,,,,,N,,,,,,,,,,,N,,,
22,2,,,,,,,,N,,,,,,,,,,,N,,,,,,,,,,,N,,,,,,,,,,,N,,,,,,,,,,,N,,,,,,,,,,,N,,,,,,,,,,,N,,,,,,,,,,,N,,,,,,,,,,,N,,,,,,,,,,,N,,,
22,3,,,,,,,,N,,,,,,,,,,,N,,,,,,,,,,,N,,,,,,,,,,,N,,,,,,,,,,,N,,,,,,,,,,,N,,,,,,,,,,,N,,,,,,,,,,,N,,,,,,,,,,,N,,,,,,,,,,,N,,,
22,4,,,,,,,,N,,,,,,,,,,,N,,,,,,,,,,,N,,,,,,,,,,,N,,,,,,,,,,,N,,,,,,,,,,,N,,,,,,,,,,,N,,,,,,,,,,,N,,,,,,,,,,,N,,,,,,,,,,,N,,,
22,A,,,,,,,,N,,,,,,,,,,,N,,,,,,,,,,,N,,,,,,,,,,,N,,,,,,,,,,,N,,,,,,,,,,,N,,,,,,,,,,,N,,,,,,,,,,,N,,,,,,,,,,,N,,,,,,,,,,,N,,,
22,B,,,,,,,,N,,,,,,,,,,,N,,,,,,,,,,,N,,,,,,,,,,,N,,,,,,,,,,,N,,,,,,,,,,,N,,,,,,,,,,,N,,,,,,,,,,,N,,,,,,,,,,,N,,,,,,,,,,,N,,,
22,C,,,,,,,,N,,,,,,,,,,,N,,,,,,,,,,,N,,,,,,,,,,,N,,,,,,,,,,,N,,,,,,,,,,,N,,,,,,,,,,,N,,,,,,,,,,,N,,,,,,,,,,,N,,,,,,,,,,,N,,,
22,D,,,,,,,,N,,,,,,,,,,,N,,,,,,,,,,,N,,,,,,,,,,,N,,,,,,,,,,,N,,,,,,,,,,,N,,,,,,,,,,,N,,,,,,,,,,,N,,,,,,,,,,,N,,,,,,,,,,,N,,,
23,1,,,,,,,,N,,,,,,,,,,,N,,,,,,,,,,,N,,,,,,,,,,,N,,,,,,,,,,,N,,,,,,,,,,,N,,,,,,,,,,,N,,,,,,,,,,,N,,,,,,,,,,,N,,,,,,,,,,,N,,,
23,2,,,,,,,,N,,,,,,,,,,,N,,,,,,,,,,,N,,,,,,,,,,,N,,,,,,,,,,,N,,,,,,,,,,,N,,,,,,,,,,,N,,,,,,,,,,,N,,,,,,,,,,,N,,,,,,,,,,,N,,,
23,3,,,,,,,,N,,,,,,,,,,,N,,,,,,,,,,,N,,,,,,,,,,,N,,,,,,,,,,,N,,,,,,,,,,,N,,,,,,,,,,,N,,,,,,,,,,,N,,,,,,,,,,,N,,,,,,,,,,,N,,,
23,4,,,,,,,,N,,,,,,,,,,,N,,,,,,,,,,,N,,,,,,,,,,,N,,,,,,,,,,,N,,,,,,,,,,,N,,,,,,,,,,,N,,,,,,,,,,,N,,,,,,,,,,,N,,,,,,,,,,,N,,,
23,A,,,,,,,,N,,,,,,,,,,,N,,,,,,,,,,,N,,,,,,,,,,,N,,,,,,,,,,,N,,,,,,,,,,,N,,,,,,,,,,,N,,,,,,,,,,,N,,,,,,,,,,,N,,,,,,,,,,,N,,,
23,B,,,,,,,,N,,,,,,,,,,,N,,,,,,,,,,,N,,,,,,,,,,,N,,,,,,,,,,,N,,,,,,,,,,,N,,,,,,,,,,,N,,,,,,,,,,,N,,,,,,,,,,,N,,,,,,,,,,,N,,,
23,C,,,,,,,,N,,,,,,,,,,,N,,,,,,,,,,,N,,,,,,,,,,,N,,,,,,,,,,,N,,,,,,,,,,,N,,,,,,,,,,,N,,,,,,,,,,,N,,,,,,,,,,,N,,,,,,,,,,,N,,,
23,D,,,,,,,,N,,,,,,,,,,,N,,,,,,,,,,,N,,,,,,,,,,,N,,,,,,,,,,,N,,,,,,,,,,,N,,,,,,,,,,,N,,,,,,,,,,,N,,,,,,,,,,,N,,,,,,,,,,,N,,,
24,1,,,,,,,,N,,,,,,,,,,,N,,,,,,,,,,,N,,,,,,,,,,,N,,,,,,,,,,,N,,,,,,,,,,,N,,,,,,,,,,,N,,,,,,,,,,,N,,,,,,,,,,,N,,,,,,,,,,,N,,,
24,2,,,,,,,,N,,,,,,,,,,,N,,,,,,,,,,,N,,,,,,,,,,,N,,,,,,,,,,,N,,,,,,,,,,,N,,,,,,,,,,,N,,,,,,,,,,,N,,,,,,,,,,,N,,,,,,,,,,,N,,,
24,3,,,,,,,,N,,,,,,,,,,,N,,,,,,,,,,,N,,,,,,,,,,,N,,,,,,,,,,,N,,,,,,,,,,,N,,,,,,,,,,,N,,,,,,,,,,,N,,,,,,,,,,,N,,,,,,,,,,,N,,,
24,4,,,,,,,,N,,,,,,,,,,,N,,,,,,,,,,,N,,,,,,,,,,,N,,,,,,,,,,,N,,,,,,,,,,,N,,,,,,,,,,,N,,,,,,,,,,,N,,,,,,,,,,,N,,,,,,,,,,,N,,,
24,A,,,,,,,,N,,,,,,,,,,,N,,,,,,,,,,,N,,,,,,,,,,,N,,,,,,,,,,,N,,,,,,,,,,,N,,,,,,,,,,,N,,,,,,,,,,,N,,,,,,,,,,,N,,,,,,,,,,,N,,,
24,B,,,,,,,,N,,,,,,,,,,,N,,,,,,,,,,,N,,,,,,,,,,,N,,,,,,,,,,,N,,,,,,,,,,,N,,,,,,,,,,,N,,,,,,,,,,,N,,,,,,,,,,,N,,,,,,,,,,,N,,,
24,C,,,,,,,,N,,,,,,,,,,,N,,,,,,,,,,,N,,,,,,,,,,,N,,,,,,,,,,,N,,,,,,,,,,,N,,,,,,,,,,,N,,,,,,,,,,,N,,,,,,,,,,,N,,,,,,,,,,,N,,,
24,D,,,,,,,,N,,,,,,,,,,,N,,,,,,,,,,,N,,,,,,,,,,,N,,,,,,,,,,,N,,,,,,,,,,,N,,,,,,,,,,,N,,,,,,,,,,,N,,,,,,,,,,,N,,,,,,,,,,,N,,,
25,1,,,,,,,,N,,,,,,,,,,,N,,,,,,,,,,,N,,,,,,,,,,,N,,,,,,,,,,,N,,,,,,,,,,,N,,,,,,,,,,,N,,,,,,,,,,,N,,,,,,,,,,,N,,,,,,,,,,,N,,,
25,2,,,,,,,,N,,,,,,,,,,,N,,,,,,,,,,,N,,,,,,,,,,,N,,,,,,,,,,,N,,,,,,,,,,,N,,,,,,,,,,,N,,,,,,,,,,,N,,,,,,,,,,,N,,,,,,,,,,,N,,,
25,3,,,,,,,,N,,,,,,,,,,,N,,,,,,,,,,,N,,,,,,,,,,,N,,,,,,,,,,,N,,,,,,,,,,,N,,,,,,,,,,,N,,,,,,,,,,,N,,,,,,,,,,,N,,,,,,,,,,,N,,,
25,4,,,,,,,,N,,,,,,,,,,,N,,,,,,,,,,,N,,,,,,,,,,,N,,,,,,,,,,,N,,,,,,,,,,,N,,,,,,,,,,,N,,,,,,,,,,,N,,,,,,,,,,,N,,,,,,,,,,,N,,,
25,A,,,,,,,,N,,,,,,,,,,,N,,,,,,,,,,,N,,,,,,,,,,,N,,,,,,,,,,,N,,,,,,,,,,,N,,,,,,,,,,,N,,,,,,,,,,,N,,,,,,,,,,,N,,,,,,,,,,,N,,,
25,B,,,,,,,,N,,,,,,,,,,,N,,,,,,,,,,,N,,,,,,,,,,,N,,,,,,,,,,,N,,,,,,,,,,,N,,,,,,,,,,,N,,,,,,,,,,,N,,,,,,,,,,,N,,,,,,,,,,,N,,,
25,C,,,,,,,,N,,,,,,,,,,,N,,,,,,,,,,,N,,,,,,,,,,,N,,,,,,,,,,,N,,,,,,,,,,,N,,,,,,,,,,,N,,,,,,,,,,,N,,,,,,,,,,,N,,,,,,,,,,,N,,,
25,D,,,,,,,,N,,,,,,,,,,,N,,,,,,,,,,,N,,,,,,,,,,,N,,,,,,,,,,,N,,,,,,,,,,,N,,,,,,,,,,,N,,,,,,,,,,,N,,,,,,,,,,,N,,,,,,,,,,,N,,,
26,1,,,,,,,,N,,,,,,,,,,,N,,,,,,,,,,,N,,,,,,,,,,,N,,,,,,,,,,,N,,,,,,,,,,,N,,,,,,,,,,,N,,,,,,,,,,,N,,,,,,,,,,,N,,,,,,,,,,,N,,,
26,2,,,,,,,,N,,,,,,,,,,,N,,,,,,,,,,,N,,,,,,,,,,,N,,,,,,,,,,,N,,,,,,,,,,,N,,,,,,,,,,,N,,,,,,,,,,,N,,,,,,,,,,,N,,,,,,,,,,,N,,,
26,3,,,,,,,,N,,,,,,,,,,,N,,,,,,,,,,,N,,,,,,,,,,,N,,,,,,,,,,,N,,,,,,,,,,,N,,,,,,,,,,,N,,,,,,,,,,,N,,,,,,,,,,,N,,,,,,,,,,,N,,,
26,4,,,,,,,,N,,,,,,,,,,,N,,,,,,,,,,,N,,,,,,,,,,,N,,,,,,,,,,,N,,,,,,,,,,,N,,,,,,,,,,,N,,,,,,,,,,,N,,,,,,,,,,,N,,,,,,,,,,,N,,,
26,A,,,,,,,,N,,,,,,,,,,,N,,,,,,,,,,,N,,,,,,,,,,,N,,,,,,,,,,,N,,,,,,,,,,,N,,,,,,,,,,,N,,,,,,,,,,,N,,,,,,,,,,,N,,,,,,,,,,,N,,,
26,B,,,,,,,,N,,,,,,,,,,,N,,,,,,,,,,,N,,,,,,,,,,,N,,,,,,,,,,,N,,,,,,,,,,,N,,,,,,,,,,,N,,,,,,,,,,,N,,,,,,,,,,,N,,,,,,,,,,,N,,,
26,C,,,,,,,,N,,,,,,,,,,,N,,,,,,,,,,,N,,,,,,,,,,,N,,,,,,,,,,,N,,,,,,,,,,,N,,,,,,,,,,,N,,,,,,,,,,,N,,,,,,,,,,,N,,,,,,,,,,,N,,,
26,D,,,,,,,,N,,,,,,,,,,,N,,,,,,,,,,,N,,,,,,,,,,,N,,,,,,,,,,,N,,,,,,,,,,,N,,,,,,,,,,,N,,,,,,,,,,,N,,,,,,,,,,,N,,,,,,,,,,,N,,,
27,1,,,,,,,,N,,,,,,,,,,,N,,,,,,,,,,,N,,,,,,,,,,,N,,,,,,,,,,,N,,,,,,,,,,,N,,,,,,,,,,,N,,,,,,,,,,,N,,,,,,,,,,,N,,,,,,,,,,,N,,,
27,2,,,,,,,,N,,,,,,,,,,,N,,,,,,,,,,,N,,,,,,,,,,,N,,,,,,,,,,,N,,,,,,,,,,,N,,,,,,,,,,,N,,,,,,,,,,,N,,,,,,,,,,,N,,,,,,,,,,,N,,,
27,3,,,,,,,,N,,,,,,,,,,,N,,,,,,,,,,,N,,,,,,,,,,,N,,,,,,,,,,,N,,,,,,,,,,,N,,,,,,,,,,,N,,,,,,,,,,,N,,,,,,,,,,,N,,,,,,,,,,,N,,,
27,4,,,,,,,,N,,,,,,,,,,,N,,,,,,,,,,,N,,,,,,,,,,,N,,,,,,,,,,,N,,,,,,,,,,,N,,,,,,,,,,,N,,,,,,,,,,,N,,,,,,,,,,,N,,,,,,,,,,,N,,,
27,A,,,,,,,,N,,,,,,,,,,,N,,,,,,,,,,,N,,,,,,,,,,,N,,,,,,,,,,,N,,,,,,,,,,,N,,,,,,,,,,,N,,,,,,,,,,,N,,,,,,,,,,,N,,,,,,,,,,,N,,,
27,B,,,,,,,,N,,,,,,,,,,,N,,,,,,,,,,,N,,,,,,,,,,,N,,,,,,,,,,,N,,,,,,,,,,,N,,,,,,,,,,,N,,,,,,,,,,,N,,,,,,,,,,,N,,,,,,,,,,,N,,,
27,C,,,,,,,,N,,,,,,,,,,,N,,,,,,,,,,,N,,,,,,,,,,,N,,,,,,,,,,,N,,,,,,,,,,,N,,,,,,,,,,,N,,,,,,,,,,,N,,,,,,,,,,,N,,,,,,,,,,,N,,,
27,D,,,,,,,,N,,,,,,,,,,,N,,,,,,,,,,,N,,,,,,,,,,,N,,,,,,,,,,,N,,,,,,,,,,,N,,,,,,,,,,,N,,,,,,,,,,,N,,,,,,,,,,,N,,,,,,,,,,,N,,,
28,1,,,,,,,,N,,,,,,,,,,,N,,,,,,,,,,,N,,,,,,,,,,,N,,,,,,,,,,,N,,,,,,,,,,,N,,,,,,,,,,,N,,,,,,,,,,,N,,,,,,,,,,,N,,,,,,,,,,,N,,,
28,2,,,,,,,,N,,,,,,,,,,,N,,,,,,,,,,,N,,,,,,,,,,,N,,,,,,,,,,,N,,,,,,,,,,,N,,,,,,,,,,,N,,,,,,,,,,,N,,,,,,,,,,,N,,,,,,,,,,,N,,,
28,3,,,,,,,,N,,,,,,,,,,,N,,,,,,,,,,,N,,,,,,,,,,,N,,,,,,,,,,,N,,,,,,,,,,,N,,,,,,,,,,,N,,,,,,,,,,,N,,,,,,,,,,,N,,,,,,,,,,,N,,,
28,4,,,,,,,,N,,,,,,,,,,,N,,,,,,,,,,,N,,,,,,,,,,,N,,,,,,,,,,,N,,,,,,,,,,,N,,,,,,,,,,,N,,,,,,,,,,,N,,,,,,,,,,,N,,,,,,,,,,,N,,,
28,A,,,,,,,,N,,,,,,,,,,,N,,,,,,,,,,,N,,,,,,,,,,,N,,,,,,,,,,,N,,,,,,,,,,,N,,,,,,,,,,,N,,,,,,,,,,,N,,,,,,,,,,,N,,,,,,,,,,,N,,,
28,B,,,,,,,,N,,,,,,,,,,,N,,,,,,,,,,,N,,,,,,,,,,,N,,,,,,,,,,,N,,,,,,,,,,,N,,,,,,,,,,,N,,,,,,,,,,,N,,,,,,,,,,,N,,,,,,,,,,,N,,,
28,C,,,,,,,,N,,,,,,,,,,,N,,,,,,,,,,,N,,,,,,,,,,,N,,,,,,,,,,,N,,,,,,,,,,,N,,,,,,,,,,,N,,,,,,,,,,,N,,,,,,,,,,,N,,,,,,,,,,,N,,,
28,D,,,,,,,,N,,,,,,,,,,,N,,,,,,,,,,,N,,,,,,,,,,,N,,,,,,,,,,,N,,,,,,,,,,,N,,,,,,,,,,,N,,,,,,,,,,,N,,,,,,,,,,,N,,,,,,,,,,,N,,,
29,1,,,,,,,,N,,,,,,,,,,,N,,,,,,,,,,,N,,,,,,,,,,,N,,,,,,,,,,,N,,,,,,,,,,,N,,,,,,,,,,,N,,,,,,,,,,,N,,,,,,,,,,,N,,,,,,,,,,,N,,,
29,2,,,,,,,,N,,,,,,,,,,,N,,,,,,,,,,,N,,,,,,,,,,,N,,,,,,,,,,,N,,,,,,,,,,,N,,,,,,,,,,,N,,,,,,,,,,,N,,,,,,,,,,,N,,,,,,,,,,,N,,,
29,3,,,,,,,,N,,,,,,,,,,,N,,,,,,,,,,,N,,,,,,,,,,,N,,,,,,,,,,,N,,,,,,,,,,,N,,,,,,,,,,,N,,,,,,,,,,,N,,,,,,,,,,,N,,,,,,,,,,,N,,,
29,4,,,,,,,,N,,,,,,,,,,,N,,,,,,,,,,,N,,,,,,,,,,,N,,,,,,,,,,,N,,,,,,,,,,,N,,,,,,,,,,,N,,,,,,,,,,,N,,,,,,,,,,,N,,,,,,,,,,,N,,,
29,A,,,,,,,,N,,,,,,,,,,,N,,,,,,,,,,,N,,,,,,,,,,,N,,,,,,,,,,,N,,,,,,,,,,,N,,,,,,,,,,,N,,,,,,,,,,,N,,,,,,,,,,,N,,,,,,,,,,,N,,,
29,B,,,,,,,,N,,,,,,,,,,,N,,,,,,,,,,,N,,,,,,,,,,,N,,,,,,,,,,,N,,,,,,,,,,,N,,,,,,,,,,,N,,,,,,,,,,,N,,,,,,,,,,,N,,,,,,,,,,,N,,,
29,C,,,,,,,,N,,,,,,,,,,,N,,,,,,,,,,,N,,,,,,,,,,,N,,,,,,,,,,,N,,,,,,,,,,,N,,,,,,,,,,,N,,,,,,,,,,,N,,,,,,,,,,,N,,,,,,,,,,,N,,,
29,D,,,,,,,,N,,,,,,,,,,,N,,,,,,,,,,,N,,,,,,,,,,,N,,,,,,,,,,,N,,,,,,,,,,,N,,,,,,,,,,,N,,,,,,,,,,,N,,,,,,,,,,,N,,,,,,,,,,,N,,,
30,1,,,,,,,,N,,,,,,,,,,,N,,,,,,,,,,,N,,,,,,,,,,,N,,,,,,,,,,,N,,,,,,,,,,,N,,,,,,,,,,,N,,,,,,,,,,,N,,,,,,,,,,,N,,,,,,,,,,,N,,,
30,2,,,,,,,,N,,,,,,,,,,,N,,,,,,,,,,,N,,,,,,,,,,,N,,,,,,,,,,,N,,,,,,,,,,,N,,,,,,,,,,,N,,,,,,,,,,,N,,,,,,,,,,,N,,,,,,,,,,,N,,,
30,3,,,,,,,,N,,,,,,,,,,,N,,,,,,,,,,,N,,,,,,,,,,,N,,,,,,,,,,,N,,,,,,,,,,,N,,,,,,,,,,,N,,,,,,,,,,,N,,,,,,,,,,,N,,,,,,,,,,,N,,,
30,4,,,,,,,,N,,,,,,,,,,,N,,,,,,,,,,,N,,,,,,,,,,,N,,,,,,,,,,,N,,,,,,,,,,,N,,,,,,,,,,,N,,,,,,,,,,,N,,,,,,,,,,,N,,,,,,,,,,,N,,,
30,A,,,,,,,,N,,,,,,,,,,,N,,,,,,,,,,,N,,,,,,,,,,,N,,,,,,,,,,,N,,,,,,,,,,,N,,,,,,,,,,,N,,,,,,,,,,,N,,,,,,,,,,,N,,,,,,,,,,,N,,,
30,B,,,,,,,,N,,,,,,,,,,,N,,,,,,,,,,,N,,,,,,,,,,,N,,,,,,,,,,,N,,,,,,,,,,,N,,,,,,,,,,,N,,,,,,,,,,,N,,,,,,,,,,,N,,,,,,,,,,,N,,,
30,C,,,,,,,,N,,,,,,,,,,,N,,,,,,,,,,,N,,,,,,,,,,,N,,,,,,,,,,,N,,,,,,,,,,,N,,,,,,,,,,,N,,,,,,,,,,,N,,,,,,,,,,,N,,,,,,,,,,,N,,,
30,D,,,,,,,,N,,,,,,,,,,,N,,,,,,,,,,,N,,,,,,,,,,,N,,,,,,,,,,,N,,,,,,,,,,,N,,,,,,,,,,,N,,,,,,,,,,,N,,,,,,,,,,,N,,,,,,,,,,,N,,,
31,1,,,,,,,,N,,,,,,,,,,,N,,,,,,,,,,,N,,,,,,,,,,,N,,,,,,,,,,,N,,,,,,,,,,,N,,,,,,,,,,,N,,,,,,,,,,,N,,,,,,,,,,,N,,,,,,,,,,,N,,,
31,2,,,,,,,,N,,,,,,,,,,,N,,,,,,,,,,,N,,,,,,,,,,,N,,,,,,,,,,,N,,,,,,,,,,,N,,,,,,,,,,,N,,,,,,,,,,,N,,,,,,,,,,,N,,,,,,,,,,,N,,,
31,3,,,,,,,,N,,,,,,,,,,,N,,,,,,,,,,,N,,,,,,,,,,,N,,,,,,,,,,,N,,,,,,,,,,,N,,,,,,,,,,,N,,,,,,,,,,,N,,,,,,,,,,,N,,,,,,,,,,,N,,,
31,4,,,,,,,,N,,,,,,,,,,,N,,,,,,,,,,,N,,,,,,,,,,,N,,,,,,,,,,,N,,,,,,,,,,,N,,,,,,,,,,,N,,,,,,,,,,,N,,,,,,,,,,,N,,,,,,,,,,,N,,,
31,A,,,,,,,,N,,,,,,,,,,,N,,,,,,,,,,,N,,,,,,,,,,,N,,,,,,,,,,,N,,,,,,,,,,,N,,,,,,,,,,,N,,,,,,,,,,,N,,,,,,,,,,,N,,,,,,,,,,,N,,,
31,B,,,,,,,,N,,,,,,,,,,,N,,,,,,,,,,,N,,,,,,,,,,,N,,,,,,,,,,,N,,,,,,,,,,,N,,,,,,,,,,,N,,,,,,,,,,,N,,,,,,,,,,,N,,,,,,,,,,,N,,,
31,C,,,,,,,,N,,,,,,,,,,,N,,,,,,,,,,,N,,,,,,,,,,,N,,,,,,,,,,,N,,,,,,,,,,,N,,,,,,,,,,,N,,,,,,,,,,,N,,,,,,,,,,,N,,,,,,,,,,,N,,,
31,D,,,,,,,,N,,,,,,,,,,,N,,,,,,,,,,,N,,,,,,,,,,,N,,,,,,,,,,,N,,,,,,,,,,,N,,,,,,,,,,,N,,,,,,,,,,,N,,,,,,,,,,,N,,,,,,,,,,,N,,,
,,,,,,,,,,,,,,,,,,,,,,,,,,,,,,,,,,,,,,,,,,,,,,,,,,
* Expression_Settings,,,,,,,,,,,,,,,,,,,,,,,,,,,,,,,,,,,,,,,,,,,,,,,,,,
Pedal,Min_ADC,Max_ADC,Curve,Invert,Channel,Toe_Button,Heel_Button,Toe_Level,Heel_Level,Out_Min,Out_Max
1,100,3900,Linear,N,Global,None,None,120,7,0,127
2,100,3900,Linear,N,Global,None,None,120,7,0,127
,,,,,,,,,,,,,,,,,,,,,,,,,,,,,,,,,,,,,,,,,,,,,,,,,,
* BankEnter_Settings,,,,,,,,,,,,,,,,,,,,,,,,,,,,,,,,,,,,,,,,,,,,,,,,,,
Bank_Number,A_CommandType,A_Channel_(PC/CC/Note/PB),A_Number_(PC/CC/Note),A_OnValue_(CC/PB),A_OffValue_(CC),A_BankSelect_(PC),A_BankSelectHighByte_(PC),A_Toggle_(CC/PB/Note),A_Velocity_(Note),A_Duration_(Note/PB),A_KeyMode_(Key),B_CommandType,B_Channel_(PC/CC/Note/PB),B_Number_(PC/CC/Note),B_OnValue_(CC/PB),B_OffValue_(CC),B_BankSelect_(PC),B_BankSelectHighByte_(PC),B_Toggle_(CC/PB/Note),B_Velocity_(Note),B_Duration_(Note/PB),B_KeyMode_(Key),C_CommandType,C_Channel_(PC/CC/Note/PB),C_Number_(PC/CC/Note),C_OnValue_(CC/PB),C_OffValue_(CC),C_BankSelect_(PC),C_BankSelectHighByte_(PC),C_Toggle_(CC/PB/Note),C_Velocity_(Note),C_Duration_(Note/PB),C_KeyMode_(Key),D_CommandType,D_Channel_(PC/CC/Note/PB),D_Number_(PC/CC/Note),D_OnValue_(CC/PB),D_OffValue_(CC),D_BankSelect_(PC),D_BankSelectHighByte_(PC),D_Toggle_(CC/PB/Note),D_Velocity_(Note),D_Duration_(Note/PB),D_KeyMode_(Key),E_CommandType,E_Channel_(PC/CC/Note/PB),E_Number_(PC/CC/Note),E_OnValue_(CC/PB),E_OffValue_(CC),E_BankSelect_(PC),E_BankSelectHighByte_(PC),E_Toggle_(CC/PB/Note),E_Velocity_(Note),E_Duration_(Note/PB),E_KeyMode_(Key),F_CommandType,F_Channel_(PC/CC/Note/PB),F_Number_(PC/CC/Note),F_OnValue_(CC/PB),F_OffValue_(CC),F_BankSelect_(PC),F_BankSelectHighByte_(PC),F_Toggle_(CC/PB/Note),F_Velocity_(Note),F_Duration_(Note/PB),F_KeyMode_(Key),G_CommandType,G_Channel_(PC/CC/Note/PB),G_Number_(PC/CC/Note),G_OnValue_(CC/PB),G_OffValue_(CC),G_BankSelect_(PC),G_BankSelectHighByte_(PC),G_Toggle_(CC/PB/Note),G_Velocity_(Note),G_Duration_(Note/PB),G_KeyMode_(Key),H_CommandType,H_Channel_(PC/CC/Note/PB),H_Number_(PC/CC/Note),H_OnValue_(CC/PB),H_OffValue_(CC),H_BankSelect_(PC),H_BankSelectHighByte_(PC),H_Toggle_(CC/PB/Note),H_Velocity_(Note),H_Duration_(Note/PB),H_KeyMode_(Key),I_CommandType,I_Channel_(PC/CC/Note/PB),I_Number_(PC/CC/Note),I_OnValue_(CC/PB),I_OffValue_(CC),I_BankSelect_(PC),I_BankSelectHighByte_(PC),I_Toggle_(CC/PB/Note),I_Velocity_(Note),I_Duration_(Note/PB),I_KeyMode_(Key),J_CommandType,J_Channel_(PC/CC/Note/PB),J_Number_(PC/CC/Note),J_OnValue_(CC/PB),J_OffValue_(CC),J_BankSelect_(PC),J_BankSelectHighByte_(PC),J_Toggle_(CC/PB/Note),J_Velocity_(Note),J_Duration_(Note/PB),J_KeyMode_(Key)
0,PC,1,0,,,,,N,,,,,,,,,,,N,,,,,,,,,,,N,,,,,,,,,,,N,,,,,,,,,,,N,,,,,,,,,,,N,,,,,,,,,,,N,,,,,,,,,,,N,,,,,,,,,,,N,,,,,,,,,,,N,,,
1,PC,1,1,,,,,N,,,,,,,,,,,N,,,,,,,,,,,N,,,,,,,,,,,N,,,,,,,,,,,N,,,,,,,,,,,N,,,,,,,,,,,N,,,,,,,,,,,N,,,,,,,,,,,N,,,,,,,,,,,N,,,
2,PC,1,2,,,,,N,,,,,,,,,,,N,,,,,,,,,,,N,,,,,,,,,,,N,,,,,,,,,,,N,,,,,,,,,,,N,,,,,,,,,,,N,,,,,,,,,,,N,,,,,,,,,,,N,,,,,,,,,,,N,,,
3,PC,1,3,,,,,N,,,,,,,,,,,N,,,,,,,,,,,N,,,,,,,,,,,N,,,,,,,,,,,N,,,,,,,,,,,N,,,,,,,,,,,N,,,,,,,,,,,N,,,,,,,,,,,N,,,,,,,,,,,N,,,
4,PC,1,4,,,,,N,,,,,,,,,,,N,,,,,,,,,,,N,,,,,,,,,,,N,,,,,,,,,,,N,,,,,,,,,,,N,,,,,,,,,,,N,,,,,,,,,,,N,,,,,,,,,,,N,,,,,,,,,,,N,,,
5,PC,1,5,,,,,N,,,,,,,,,,,N,,,,,,,,,,,N,,,,,,,,,,,N,,,,,,,,,,,N,,,,,,,,,,,N,,,,,,,,,,,N,,,,,,,,,,,N,,,,,,,,,,,N,,,,,,,,,,,N,,,
6,PC,1,6,,,,,N,,,,,,,,,,,N,,,,,,,,,,,N,,,,,,,,,,,N,,,,,,,,,,,N,,,,,,,,,,,N,,,,,,,,,,,N,,,,,,,,,,,N,,,,,,,,,,,N,,,,,,,,,,,N,,,
7,PC,1,7,,,,,N,,,,,,,,,,,N,,,,,,,,,,,N,,,,,,,,,,,N,,,,,,,,,,,N,,,,,,,,,,,N,,,,,,,,,,,N,,,,,,,,,,,N,,,,,,,,,,,N,,,,,,,,,,,N,,,
8,PC,1,8,,,,,N,,,,,,,,,,,N,,,,,,,,,,,N,,,,,,,,,,,N,,,,,,,,,,,N,,,,,,,,,,,N,,,,,,,,,,,N,,,,,,,,,,,N,,,,,,,,,,,N,,,,,,,,,,,N,,,
9,PC,1,9,,,,,N,,,,,,,,,,,N,,,,,,,,,,,N,,,,,,,,,,,N,,,,,,,,,,,N,,,,,,,,,,,N,,,,,,,,,,,N,,,,,,,,,,,N,,,,,,,,,,,N,,,,,,,,,,,N,,,
10,PC,1,10,,,,,N,,,,,,,,,,,N,,,,,,,,,,,N,,,,,,,,,,,N,,,,,,,,,,,N,,,,,,,,,,,N,,,,,,,,,,,N,,,,,,,,,,,N,,,,,,,,,,,N,,,,,,,,,,,N,,,
11,PC,1,11,,,,,N,,,,,,,,,,,N,,,,,,,,,,,N,,,,,,,,,,,N,,,,,,,,,,,N,,,,,,,,,,,N,,,,,,,,,,,N,,,,,,,,,,,N,,,,,,,,,,,N,,,,,,,,,,,N,,,
12,PC,1,12,,,,,N,,,,,,,,,,,N,,,,,,,,,,,N,,,,,,,,,,,N,,,,,,,,,,,N,,,,,,,,,,,N,,,,,,,,,,,N,,,,,,,,,,,N,,,,,,,,,,,N,,,,,,,,,,,N,,,
13,PC,1,13,,,,,N,,,,,,,,,,,N,,,,,,,,,,,N,,,,,,,,,,,N,,,,,,,,,,,N,,,,,,,,,,,N,,,,,,,,,,,N,,,,,,,,,,,N,,,,,,,,,,,N,,,,,,,,,,,N,,,
14,PC,1,14,,,,,N,,,,,,,,,,,N,,,,,,,,,,,N,,,,,,,,,,,N,,,,,,,,,,,N,,,,,,,,,,,N,,,,,,,,,,,N,,,,,,,,,,,N,,,,,,,,,,,N,,,,,,,,,,,N,,,
15,PC,1,15,,,,,N,,,,,,,,,,,N,,,,,,,,,,,N,,,,,,,,,,,N,,,,,,,,,,,N,,,,,,,,,,,N,,,,,,,,,,,N,,,,,,,,,,,N,,,,,,,,,,,N,,,,,,,,,,,N,,,
16,PC,1,16,,,,,N,,,,,,,,,,,N,,,,,,,,,,,N,,,,,,,,,,,N,,,,,,,,,,,N,,,,,,,,,,,N,,,,,,,,,,,N,,,,,,,,,,,N,,,,,,,,,,,N,,,,,,,,,,,N,,,
17,PC,1,17,,,,,N,,,,,,,,,,,N,,,,,,,,,,,N,,,,,,,,,,,N,,,,,,,,,,,N,,,,,,,,,,,N,,,,,,,,,,,N,,,,,,,,,,,N,,,,,,,,,,,N,,,,,,,,,,,N,,,
18,PC,1,18,,,,,N,,,,,,,,,,,N,,,,,,,,,,,N,,,,,,,,,,,N,,,,,,,,,,,N,,,,,,,,,,,N,,,,,,,,,,,N,,,,,,,,,,,N,,,,,,,,,,,N,,,,,,,,,,,N,,,
19,PC,1,19,,,,,N,,,,,,,,,,,N,,,,,,,,,,,N,,,,,,,,,,,N,,,,,,,,,,,N,,,,,,,,,,,N,,,,,,,,,,,N,,,,,,,,,,,N,,,,,,,,,,,N,,,,,,,,,,,N,,,
20,PC,1,20,,,,,N,,,,,,,,,,,N,,,,,,,,,,,N,,,,,,,,,,,N,,,,,,,,,,,N,,,,,,,,,,,N,,,,,,,,,,,N,,,,,,,,,,,N,,,,,,,,,,,N,,,,,,,,,,,N,,,
21,PC,1,21,,,,,N,,,,,,,,,,,N,,,,,,,,,,,N,,,,,,,,,,,N,,,,,,,,,,,N,,,,,,,,,,,N,,,,,,,,,,,N,,,,,,,,,,,N,,,,,,,,,,,N,,,,,,,,,,,N,,,
22,PC,1,22,,,,,N,,,,,,,,,,,N,,,,,,,,,,,N,,,,,,,,,,,N,,,,,,,,,,,N,,,,,,,,,,,N,,,,,,,,,,,N,,,,,,,,,,,N,,,,,,,,,,,N,,,,,,,,,,,N,,,
23,PC,1,23,,,,,N,,,,,,,,,,,N,,,,,,,,,,,N,,,,,,,,,,,N,,,,,,,,,,,N,,,,,,,,,,,N,,,,,,,,,,,N,,,,,,,,,,,N,,,,,,,,,,,N,,,,,,,,,,,N,,,
24,PC,1,24,,,,,N,,,,,,,,,,,N,,,,,,,,,,,N,,,,,,,,,,,N,,,,,,,,,,,N,,,,,,,,,,,N,,,,,,,,,,,N,,,,,,,,,,,N,,,,,,,,,,,N,,,,,,,,,,,N,,,
25,PC,1,25,,,,,N,,,,,,,,,,,N,,,,,,,,,,,N,,,,,,,,,,,N,,,,,,,,,,,N,,,,,,,,,,,N,,,,,,,,,,,N,,,,,,,,,,,N,,,,,,,,,,,N,,,,,,,,,,,N,,,
26,PC,1,26,,,,,N,,,,,,,,,,,N,,,,,,,,,,,N,,,,,,,,,,,N,,,,,,,,,,,N,,,,,,,,,,,N,,,,,,,,,,,N,,,,,,,,,,,N,,,,,,,,,,,N,,,,,,,,,,,N,,,
27,PC,1,27,,,,,N,,,,,,,,,,,N,,,,,,,,,,,N,,,,,,,,,,,N,,,,,,,,,,,N,,,,,,,,,,,N,,,,,,,,,,,N,,,,,,,,,,,N,,,,,,,,,,,N,,,,,,,,,,,N,,,
28,PC,1,28,,,,,N,,,,,,,,,,,N,,,,,,,,,,,N,,,,,,,,,,,N,,,,,,,,,,,N,,,,,,,,,,,N,,,,,,,,,,,N,,,,,,,,,,,N,,,,,,,,,,,N,,,,,,,,,,,N,,,
29,PC,1,29,,,,,N,,,,,,,,,,,N,,,,,,,,,,,N,,,,,,,,,,,N,,,,,,,,,,,N,,,,,,,,,,,N,,,,,,,,,,,N,,,,,,,,,,,N,,,,,,,,,,,N,,,,,,,,,,,N,,,
30,,,,,,,,N,,,,,,,,,,,N,,,,,,,,,,,N,,,,,,,,,,,N,,,,,,,,,,,N,,,,,,,,,,,N,,,,,,,,,,,N,,,,,,,,,,,N,,,,,,,,,,,N,,,,,,,,,,,N,,,
31,,,,,,,,N,,,,,,,,,,,N,,,,,,,,,,,N,,,,,,,,,,,N,,,,,,,,,,,N,,,,,,,,,,,N,,,,,,,,,,,N,,,,,,,,,,,N,,,,,,,,,,,N,,,,,,,,,,,N,,,
,,,,,,,,,,,,,,,,,,,,,,,,,,,,,,,,,,,,,,,,,,,,,,,,,,
* SysEx_Strings,,,,,,,,,,,,,,,,,,,,,,,,,,,,,,,,,,,,,,,,,,,,,,,,,,
Index,Bytes
0,
1,
2,
3,
4,
5,
6,
7,
8,
9,
10,
11,
12,
13,
14,
15,
,,,,,,,,,,,,,,,,,,,,,,,,,,,,,,,,,,,,,,,,,,,,,,,,,,
* BankSwitch_Settings,,,,,,,,,,,,,,,,,,,,,,,,,,,,,,,,,,,,,,,,,,,,,,,,,,
Switch,Press,A_CommandType,A_Channel_(PC/CC/Note/PB),A_Number_(PC/CC/Note),A_OnValue_(CC/PB),A_OffValue_(CC),A_BankSelect_(PC),A_BankSelectHighByte_(PC),A_Toggle_(CC/PB/Note),A_Velocity_(Note),A_Duration_(Note/PB),A_KeyMode_(Key),B_CommandType,B_Channel_(PC/CC/Note/PB),B_Number_(PC/CC/Note),B_OnValue_(CC/PB),B_OffValue_(CC),B_BankSelect_(PC),B_BankSelectHighByte_(PC),B_Toggle_(CC/PB/Note),B_Velocity_(Note),B_Duration_(Note/PB),B_KeyMode_(Key),C_CommandType,C_Channel_(PC/CC/Note/PB),C_Number_(PC/CC/Note),C_OnValue_(CC/PB),C_OffValue_(CC),C_BankSelect_(PC),C_BankSelectHighByte_(PC),C_Toggle_(CC/PB/Note),C_Velocity_(Note),C_Duration_(Note/PB),C_KeyMode_(Key),D_CommandType,D_Channel_(PC/CC/Note/PB),D_Number_(PC/CC/Note),D_OnValue_(CC/PB),D_OffValue_(CC),D_BankSelect_(PC),D_BankSelectHighByte_(PC),D_Toggle_(CC/PB/Note),D_Velocity_(Note),D_Duration_(Note/PB),D_KeyMode_(Key),E_CommandType,E_Channel_(PC/CC/Note/PB),E_Number_(PC/CC/Note),E_OnValue_(CC/PB),E_OffValue_(CC),E_BankSelect_(PC),E_BankSelectHighByte_(PC),E_Toggle_(CC/PB/Note),E_Velocity_(Note),E_Duration_(Note/PB),E_KeyMode_(Key),F_CommandType,F_Channel_(PC/CC/Note/PB),F_Number_(PC/CC/Note),F_OnValue_(CC/PB),F_OffValue_(CC),F_BankSelect_(PC),F_BankSelectHighByte_(PC),F_Toggle_(CC/PB/Note),F_Velocity_(Note),F_Duration_(Note/PB),F_KeyMode_(Key),G_CommandType,G_Channel_(PC/CC/Note/PB),G_Number_(PC/CC/Note),G_OnValue_(CC/PB),G_OffValue_(CC),G_BankSelect_(PC),G_BankSelectHighByte_(PC),G_Toggle_(CC/PB/Note),G_Velocity_(Note),G_Duration_(Note/PB),G_KeyMode_(Key),H_CommandType,H_Channel_(PC/CC/Note/PB),H_Number_(PC/CC/Note),H_OnValue_(CC/PB),H_OffValue_(CC),H_BankSelect_(PC),H_BankSelectHighByte_(PC),H_Toggle_(CC/PB/Note),H_Velocity_(Note),H_Duration_(Note/PB),H_KeyMode_(Key),I_CommandType,I_Channel_(PC/CC/Note/PB),I_Number_(PC/CC/Note),I_OnValue_(CC/PB),I_OffValue_(CC),I_BankSelect_(PC),I_BankSelectHighByte_(PC),I_Toggle_(CC/PB/Note),I_Velocity_(Note),I_Duration_(Note/PB),I_KeyMode_(Key),J_CommandType,J_Channel_(PC/CC/Note/PB),J_Number_(PC/CC/Note),J_OnValue_(CC/PB),J_OffValue_(CC),J_BankSelect_(PC),J_BankSelectHighByte_(PC),J_Toggle_(CC/PB/Note),J_Velocity_(Note),J_Duration_(Note/PB),J_KeyMode_(Key)
Down,Short,,,,,,,,N,,,,,,,,,,,N,,,,,,,,,,,N,,,,,,,,,,,N,,,,,,,,,,,N,,,,,,,,,,,N,,,,,,,,,,,N,,,,,,,,,,,N,,,,,,,,,,,N,,,,,,,,,,,N,,,
Down,Long,,,,,,,,N,,,,,,,,,,,N,,,,,,,,,,,N,,,,,,,,,,,N,,,,,,,,,,,N,,,,,,,,,,,N,,,,,,,,,,,N,,,,,,,,,,,N,,,,,,,,,,,N,,,,,,,,,,,N,,,
Up,Short,,,,,,,,N,,,,,,,,,,,N,,,,,,,,,,,N,,,,,,,,,,,N,,,,,,,,,,,N,,,,,,,,,,,N,,,,,,,,,,,N,,,,,,,,,,,N,,,,,,,,,,,N,,,,,,,,,,,N,,,
Up,Long,,,,,,,,N,,,,,,,,,,,N,,,,,,,,,,,N,,,,,,,,,,,N,,,,,,,,,,,N,,,,,,,,,,,N,,,,,,,,,,,N,,,,,,,,,,,N,,,,,,,,,,,N,,,,,,,,,,,N,,,
,,,,,,,,,,,,,,,,,,,,,,,,,,,,,,,,,,,,,,,,,,,,,,,,,,
* BankExpression_Settings,,,,,,,,,,,,,,,,,,,,,,,,,,,,,,,,,,,,,,,,,,,,,,,,,,
Bank_Number,Exp1_CC,Exp1_Channel,Exp1_Min,Exp1_Max,Exp2_CC,Exp2_Channel,Exp2_Min,Exp2_Max
0,,,,,,,,
1,,,,,,,,
2,,,,,,,,
3,,,,,,,,
4,,,,,,,,
5,,,,,,,,
6,,,,,,,,
7,,,,,,,,
8,,,,,,,,
9,,,,,,,,
10,,,,,,,,
11,,,,,,,,
12,,,,,,,,
13,,,,,,,,
14,,,,,,,,
15,,,,,,,,
16,,,,,,,,
17,,,,,,,,
18,,,,,,,,
19,,,,,,,,
20,,,,,,,,
21,,,,,,,,
22,,,,,,,,
23,,,,,,,,
24,,,,,,,,
25,,,,,,,,
26,,,,,,,,
27,,,,,,,,
28,,,,,,,,
29,,,,,,,,
30,,,,,,,,
31,,,,,,,,
